signal_candle_time,entry_time,exit_time,direction,setup,candle_type,trend_4h,rsi14,macd_hist,adx,atr14,ema50_1h,ema50_4h,cond_adx_ok,cond_macd_hist_ok,cond_atr_regime_ok,cond_rsi_ok,cond_macd_confirm_ok,entry_price,sl,tp,exit_price,exit_reason,lots,margin,notional,margin_pct_used,entry_dd_pct,gross_pnl,fees,net_pnl,equity_at_entry,equity_after,drawdown,hold_bars
2020-06-26 12:41:59.523330,2020-06-26 13:41:59.523330,2020-06-26 14:41:59.523330,-1,MOMENTUM,RED,DOWN,0.0,-0.8221836576485657,13.333333333333334,19.999679519097118,10050.294783628678,10058.112664640767,True,False,True,False,True,10078.963771405,10240.22719174748,9798.96825813764,10240.22719174748,SL,0.007,2998.4917219929876,70.552746399835,0.15,0.0,-95.95173510377587,7.076440463903451,-103.02817556767933,20000.0,19896.97182443232,0.515140877838403,2
2020-06-27 01:41:59.523330,2020-06-27 02:41:59.523330,2020-06-27 07:41:59.523330,-1,MOMENTUM,RED,DOWN,28.556370651786352,-18.547381007018373,42.076368894329974,99.26215797992926,10153.65366398186,10076.625200685083,True,True,True,False,True,9950.61791153796,9950.61791153796,8560.947699818951,9713.690579410304,TSL,0.007,2960.308828682543,69.65432538076573,0.15,0.515140877838403,140.9717626159553,6.986328835690802,133.9854337802645,19896.97182443232,20030.957258212584,0.0,6
2020-06-29 19:41:59.523330,2020-06-29 20:41:59.523330,2020-06-29 21:41:59.523330,-1,MOMENTUM,GREEN,DOWN,37.86526550812636,-5.4404437375382955,21.09537576771265,88.5541658263694,9288.805283191738,9691.95498544016,True,True,True,False,True,9110.594497153425,9256.36400910788,7870.8361755842525,9256.36400910788,SL,0.007,2710.401862903144,63.77416148007397,0.15,0.0,-86.73285961290078,6.39654839645142,-93.12940800935219,20030.957258212584,19937.82785020323,0.46492739617409645,2
2020-06-30 10:41:59.523330,2020-06-30 11:41:59.523330,2020-06-30 20:41:59.523330,-1,MOMENTUM,GREEN,DOWN,33.391156170122585,-9.699932157516027,14.501850443882528,82.0276361712626,9252.993773500168,9615.836937935062,True,True,True,False,True,9127.76484230896,9127.76484230896,7979.377935911283,8846.66061235299,TSL,0.007,2715.5100405869157,63.89435389616272,0.15,0.46492739617409645,167.2570168238024,6.4086036957851205,160.84841312801726,19937.82785020323,20098.676263331246,0.0,10
2020-07-01 02:41:59.523330,2020-07-01 03:41:59.523330,2020-07-01 04:41:59.523330,-1,MOMENTUM,GREEN,DOWN,35.974244714496365,-1.0073564353432332,24.461786572180717,73.67912278760633,9125.059280912708,9516.656817728079,True,False,True,False,True,8916.990781484734,9059.66263398849,7885.483062458245,9059.66263398849,SL,0.007,2652.804757491708,62.41893547039314,0.15,0.0,-84.88975223973475,6.260619227680432,-91.15037146741517,20098.676263331246,20007.525891863832,0.45351430250017294,2
2020-07-01 14:41:59.523330,2020-07-01 15:41:59.523330,2020-07-01 16:41:59.523330,-1,REVERSAL,RED,DOWN,54.280475553702246,29.537614020742286,25.021569360821847,97.86515153072932,9137.61755329775,9483.398070870951,True,True,True,True,True,9259.893761447223,9408.052061630378,7889.781640017013,9408.052061630378,SL,0.007,2754.8183940305494,64.81925633013057,0.15,0.45351430250017294,-88.15418860897724,6.501371409912097,-94.65556001888935,20007.525891863832,19912.870331844944,0.9244685025615006,2
2020-07-01 17:41:59.523330,2020-07-01 18:41:59.523330,2020-07-02 00:41:59.523330,-1,REVERSAL,RED,DOWN,61.254309939665525,34.90678784184579,27.400181911360153,113.45830935436703,9162.695695393053,9477.117068567824,True,True,True,True,True,9320.705912553654,9320.705912553654,7732.289581592516,9074.526246040823,TSL,0.007,2772.9100089847125,65.24494138787558,0.15,0.9244685025615006,146.47690157513463,6.544067621203921,139.93283395393073,19912.870331844944,20052.803165798876,0.22823939711921792,7
2020-07-03 06:41:59.523330,2020-07-03 07:41:59.523330,2020-07-03 10:41:59.523330,-1,REVERSAL,RED,DOWN,55.094750796498616,19.832565821334512,14.549620637887898,90.08477624729478,9091.236483203826,9350.92533976284,True,True,True,True,True,9224.869380322789,9372.467290407954,7963.6825128606615,9372.467290407954,SL,0.007,2744.3986406460294,64.57408566225952,0.15,0.22823939711921792,-87.82075650067347,6.4767807919246305,-94.2975372925981,20052.803165798876,19958.50562850628,0.6974122722733762,4
2020-07-04 16:41:59.523330,2020-07-04 17:41:59.523330,2020-07-04 23:41:59.523330,1,REVERSAL,GREEN,UP,40.613587349164966,-38.87685123716939,20.321421111952993,77.78790081900368,9443.651550718962,9413.078297284392,True,True,True,True,True,9502.034779260455,9502.034779260455,10591.065390726508,9673.100038634975,TSL,0.007,2826.8553468299856,66.51424345482319,0.15,0.6974122722733762,101.78382932783933,6.671378618518767,95.11245070932057,19958.50562850628,20053.618079215597,0.22418483449009444,7
2020-07-05 04:41:59.523330,2020-07-05 05:41:59.523330,2020-07-05 09:41:59.523330,1,MOMENTUM,RED,UP,77.3263925413108,27.51187640688335,20.908100654485846,128.49717236095307,9499.96077117684,9460.829171513855,True,True,True,False,True,10063.440452315586,10063.440452315586,11862.400865368929,10318.06899378887,TSL,0.007,2993.873534563887,70.44408316620911,0.15,0.22418483449009444,151.50398217660333,7.0655415415707745,144.43844063503255,20053.618079215597,20198.05651985063,0.0,5
2020-07-06 05:41:59.523330,2020-07-06 06:41:59.523330,2020-07-06 07:41:59.523330,1,REVERSAL,GREEN,UP,59.651677214989846,-32.67703998624434,17.386242682030318,105.4168779344743,9958.037160395648,9622.564775148665,True,True,True,True,True,10315.90439811581,10150.849927745958,11791.74068919845,10150.849927745958,SL,0.006,2630.555621519532,61.895426388694865,0.15,0.0,-84.17777988862474,6.208111266786096,-90.38589115541083,20198.05651985063,20107.670628695218,0.4474979613339599,2
2020-07-07 19:41:59.523330,2020-07-07 20:41:59.523330,2020-07-08 06:41:59.523330,1,REVERSAL,GREEN,UP,46.15524512882623,-29.498103234993437,24.89182082697254,121.44433634603682,10052.798756844897,9770.89062189068,True,True,True,True,True,9888.87231298787,9888.87231298787,11589.093021832387,9998.3365989185,TSL,0.007,2941.9395131138917,69.2221061909151,0.15,0.4474979613339599,65.13125012872459,6.942977250948784,58.1882728777758,20107.670628695218,20165.858901572992,0.1594094869770969,11
2020-07-10 02:41:59.523330,2020-07-10 03:41:59.523330,2020-07-10 06:41:59.523330,1,MOMENTUM,RED,UP,66.11825237372929,0.8596729855714784,42.16108268948983,116.44283281539471,10384.874031874619,10010.036190671337,True,False,True,False,True,10963.833945898354,10963.833945898354,12594.03360531388,11031.275831363675,TSL,0.006,2795.77765620408,65.78300367539012,0.15,0.1594094869770969,34.39536158731388,6.598035268641629,27.797326318672248,20165.858901572992,20193.656227891664,0.02178571960446332,4
2020-07-11 08:41:59.523330,2020-07-11 09:41:59.523330,2020-07-11 16:41:59.523330,1,REVERSAL,GREEN,UP,37.01575270295023,-11.931145177255871,22.854098888965524,80.88614248770315,10587.262243992618,10186.612902158162,True,True,True,True,True,10525.343620115136,10525.343620115136,11657.74961494298,10731.109769327859,TSL,0.006,2683.9626231293596,63.15206172069082,0.15,0.02178571960446332,104.94073609848856,6.334151790585289,98.60658430790328,20193.656227891664,20292.26281219957,0.0,8
2020-07-15 01:41:59.523330,2020-07-15 02:41:59.523330,2020-07-15 04:41:59.523330,1,REVERSAL,GREEN,UP,38.444245930131146,-69.16909096355184,25.654533856508692,132.58569834109622,11500.393373099469,10872.455073757108,True,True,True,True,True,11378.716444277265,11196.656981168828,13234.916221052612,11196.656981168828,SL,0.006,2901.5726932907023,68.27229866566358,0.15,0.0,-92.85032618530278,6.8477115561660575,-99.69803774146882,20292.26281219957,20192.5647744581,0.4913105978576797,3
2020-07-15 05:41:59.523330,2020-07-15 06:41:59.523330,2020-07-15 10:41:59.523330,1,REVERSAL,GREEN,UP,24.882376435097143,-70.8420125033445,32.56056509607184,114.87584185749165,11461.943926570018,10883.923458383637,True,True,True,True,True,11266.19910042934,11085.93991482247,12874.460886434223,11085.93991482247,SL,0.006,2872.8807706094817,67.59719460257604,0.15,0.4913105978576797,-91.93218465950382,6.779998618638378,-98.7121832781422,20192.5647744581,20093.85259117996,0.977762918092741,5
2020-07-15 11:41:59.523330,2020-07-15 12:41:59.523330,2020-07-15 14:41:59.523330,1,REVERSAL,GREEN,UP,28.58283669508843,-37.352697540555056,37.17280854688019,97.1016073545661,11396.877253345529,10891.07948581886,True,True,True,True,True,10982.014510475858,10806.302278308243,12341.437013439783,10806.302278308243,SL,0.006,2800.413700171344,65.89208706285515,0.15,0.977762918092741,-89.61323840548327,6.608976332404373,-96.22221473788765,20093.85259117996,19997.63037644207,1.451944706631576,3
2020-07-15 18:41:59.523330,2020-07-15 19:41:59.523330,2020-07-15 23:41:59.523330,1,REVERSAL,GREEN,UP,38.615134406867746,-10.95669255699309,35.76385547888746,98.27065099288205,11280.060223945544,10895.686604515453,True,True,True,True,True,10918.640877392949,10918.640877392949,12294.429991293298,11026.028826532242,TSL,0.006,2784.253423735202,65.51184526435769,0.15,1.451944706631576,54.76785406103927,6.5708380800150765,48.197015981024194,19997.63037644207,20045.827392423093,1.21443045586972,5
2020-07-16 22:41:59.523330,2020-07-16 23:41:59.523330,2020-07-17 03:41:59.523330,1,MOMENTUM,RED,UP,60.94809433386114,9.903423653729178,18.67286405582778,125.84055122539465,11057.977026722237,10911.728379352493,True,True,True,False,True,11121.996652845271,11121.996652845271,12883.764370000797,11226.018934137643,TSL,0.006,2836.109146475544,66.73197991707163,0.15,1.21443045586972,53.05136345910931,6.693217585682285,46.35814587342702,20045.827392423093,20092.18553829652,0.9859781324277237,5
2020-07-20 04:41:59.523330,2020-07-20 05:41:59.523330,2020-07-20 07:41:59.523330,-1,MOMENTUM,RED,DOWN,29.584055907233633,-12.02367412152116,27.580935785335395,109.73648543302909,9950.918843534193,10458.0267646258,True,True,True,False,True,9528.61692679059,9681.07479761924,7992.306130728182,9681.07479761924,SL,0.007,2834.7635357202007,66.70031848753413,0.15,0.9859781324277237,-90.71243314304668,6.690041944299673,-97.40247508734636,20092.18553829652,19994.78306320917,1.4659762281984385,3
2020-07-20 10:41:59.523330,2020-07-20 11:41:59.523330,2020-07-20 18:41:59.523330,-1,MOMENTUM,GREEN,DOWN,38.51474903251486,-4.807634319686329,18.67566854598577,111.13296716102678,9886.790845311607,10423.492526324979,True,False,True,False,True,9589.824899722184,9743.262098117739,8033.963359467809,9743.262098117739,SL,0.007,2852.97290766735,67.12877429805529,0.15,1.4659762281984385,-91.29513304535537,6.733016062094946,-98.02814910745032,19994.78306320917,19896.754914101723,1.9490576371801682,8
2020-07-21 06:41:59.523330,2020-07-21 07:41:59.523330,2020-07-21 10:41:59.523330,-1,REVERSAL,RED,DOWN,59.22180306299532,14.803788196322301,18.414462000213966,81.54772835178827,9843.312034503022,10318.195004859866,True,True,True,True,True,9934.021715993626,9934.021715993626,8792.35351906859,9776.456742439836,TSL,0.007,2955.3714605081036,69.53815201195538,0.15,1.9490576371801682,93.75115926450503,6.974676646799125,86.77648261770591,19896.754914101723,19983.531396719427,1.5214242903188462,4
2020-07-23 04:41:59.523330,2020-07-23 05:41:59.523330,2020-07-23 08:41:59.523330,1,REVERSAL,GREEN,UP,45.20807400270755,-67.41594390682046,27.298529274459938,115.64960365277288,10351.793461552059,10333.968275003972,True,True,True,True,True,10412.765903555106,10246.161649098225,12031.860354693927,10246.161649098225,SL,0.006,2655.255305406552,62.476595421330636,0.15,1.5214242903188462,-84.96816977300925,6.2664025207594625,-91.23457229376872,19983.531396719427,19892.29682442566,1.9710270435362862,4
2020-07-23 17:41:59.523330,2020-07-23 18:41:59.523330,2020-07-24 03:41:59.523330,1,MOMENTUM,RED,UP,61.94186823053625,13.204160804168097,26.242201175577588,135.87088799985622,10284.472286530461,10321.329625947463,True,True,True,False,True,10397.049280338038,10230.69649185263,12299.241712336025,10230.69649185263,SL,0.006,2651.2475664861995,62.38229568202823,0.15,1.9710270435362862,-84.83992212755828,6.256944256907432,-91.09686638446573,19892.29682442566,19801.199958041194,2.4199511838726626,10
2020-07-26 13:41:59.523330,2020-07-26 14:41:59.523330,2020-07-26 21:41:59.523330,-1,MOMENTUM,GREEN,DOWN,28.966203874198257,-6.509319101710634,20.76572240428187,100.74136854602268,10010.391966122157,10159.368186147094,True,True,True,False,True,9814.306439207385,9814.306439207385,8403.927279563068,9729.494665300115,TSL,0.007,2919.756165664197,68.7001450744517,0.15,2.4199511838726626,50.463005474825366,6.890624550967505,43.572380923857864,19801.199958041194,19844.772338965053,2.2052270728796617,8
2020-07-27 13:41:59.523330,2020-07-27 14:41:59.523330,2020-07-27 20:41:59.523330,-1,MOMENTUM,RED,DOWN,43.92369383115332,-0.932194615984109,18.263963876022064,89.04301876844092,9845.87283306244,10064.722786224207,True,False,True,False,True,9594.02320353409,9594.02320353409,8347.420940775917,9158.771053244956,TSL,0.007,2854.221903051392,67.15816242473863,0.15,2.2052270728796617,258.97502942203477,6.735963691201286,252.2390657308335,19844.772338965053,20097.011404695888,0.9621963272932663,7
2020-07-29 00:41:59.523330,2020-07-29 01:41:59.523330,2020-07-29 04:41:59.523330,-1,MOMENTUM,GREEN,DOWN,45.407682118630305,-10.31191721902367,21.42810875964363,96.82686822870079,9799.584338117507,9973.521279562903,True,True,True,False,True,9971.6989214985,10131.246104242477,8616.122766296688,10131.246104242477,SL,0.007,2966.580429145804,69.8018924504895,0.15,0.9621963272932663,-94.93057373266574,7.0011298127840975,-101.93170354544982,20097.011404695888,19995.079701150436,1.4645144003874648,4
2020-07-29 05:41:59.523330,2020-07-29 06:41:59.523330,2020-07-29 08:41:59.523330,1,MOMENTUM,GREEN,UP,73.68520224420944,8.132404347988995,21.66035765983278,92.3651116281217,9852.447354152,9986.213686386329,True,True,True,False,True,10334.58801986344,10169.234611545626,11627.699582657144,10169.234611545626,SL,0.006,2635.3199450651773,62.00752811918064,0.15,1.4645144003874648,-84.33023824208549,6.219355070353819,-90.54959331243931,19995.079701150436,19904.530107837996,1.9107415863373847,3
2020-07-31 18:41:59.523330,2020-07-31 19:41:59.523330,2020-07-31 22:41:59.523330,1,MOMENTUM,RED,UP,76.69520504737508,13.68422960524817,21.727353175013285,105.25844327345672,10489.85508733859,10210.710083502663,True,True,True,False,True,10927.146322840694,10752.311981675242,12400.764528669088,10752.311981675242,SL,0.006,2786.422312324377,65.56287793704416,0.15,1.9107415863373847,-89.16551399438022,6.57595665708553,-95.74147065146575,19904.530107837996,19808.78863718653,2.3825542744418655,4
2020-08-01 01:41:59.523330,2020-08-01 02:41:59.523330,2020-08-01 11:41:59.523330,1,MOMENTUM,GREEN,UP,65.38862501493122,4.740994627477775,18.838009237568443,109.8372559407741,10570.055639674561,10251.213964398312,True,False,True,False,True,10894.671237433682,10894.671237433682,12432.39282060452,11056.447334936,TSL,0.006,2778.141165545589,65.36802742460209,0.15,2.3825542744418655,82.50580972618194,6.5564131506875905,75.94939657549433,19808.78863718653,19884.738033762027,2.0082766629285977,10
2020-08-03 12:41:59.523330,2020-08-03 13:41:59.523330,2020-08-03 17:41:59.523330,1,MOMENTUM,GREEN,UP,84.57216449759447,2.0607464021582587,57.095688787621384,118.99957076533238,12347.163458710818,11183.305102316071,True,False,True,False,True,13649.697166951326,13649.697166951326,15315.691157665979,13765.945892098141,TSL,0.005,2900.560647977157,68.24848583475664,0.15,2.0082766629285977,49.40570818739662,6.845323129226092,42.56038505817053,19884.738033762027,19927.2984188202,1.7985396540397474,5
2020-08-05 00:41:59.523330,2020-08-05 01:41:59.523330,2020-08-05 17:41:59.523330,1,REVERSAL,GREEN,UP,40.04635628453176,-39.8417029677259,19.703476995325847,128.74393407953968,13269.784884980756,11901.81813929093,True,True,True,True,True,13320.92494113761,13320.92494113761,15123.340018251165,14315.636030490767,TSL,0.005,2830.6965499917424,66.60462470568805,0.15,1.7985396540397474,422.75221297509177,6.680443857980512,416.0717691171112,19927.2984188202,20343.37018793731,0.0,17
2020-08-06 07:41:59.523330,2020-08-06 08:41:59.523330,2020-08-06 12:41:59.523330,1,REVERSAL,GREEN,UP,34.029445082195,-121.9128157478215,39.58194093861928,156.7720424454904,13716.928962987384,12407.592001260378,True,True,True,True,True,13632.223889780504,13414.108307544016,15827.032484017369,13414.108307544016,SL,0.005,2896.8475765783573,68.16111944890253,0.15,0.0,-92.69912245050705,6.836560280724924,-99.53568273123196,20343.37018793731,20243.83450520608,0.48927823566938655,5
2020-08-09 00:41:59.523330,2020-08-09 01:41:59.523330,2020-08-09 05:41:59.523330,1,MOMENTUM,GREEN,UP,69.4118793014042,3.996566359985678,26.46498920204848,140.58188254839513,14763.720804641256,13514.203518388755,True,False,True,False,True,15638.664323361225,15638.664323361225,17606.810679038757,15821.701916395034,TSL,0.004,2658.5729349714084,62.5546572934449,0.15,0.48927823566938655,62.23278163149495,6.274232126532523,55.95854950496243,20243.83450520608,20299.79305471104,0.21420803349540127,5
2020-08-09 22:41:59.523330,2020-08-09 23:41:59.523330,2020-08-10 07:41:59.523330,1,REVERSAL,GREEN,UP,37.97300320440555,-109.4422315165043,28.466984126044288,179.83470808338953,15311.835981008417,13910.741599915229,True,True,True,True,True,15296.894076350643,15052.143771129033,17814.579989518097,15052.143771129033,SL,0.004,2600.4719929796092,61.18757630540257,0.15,0.21420803349540127,-83.21510377534764,6.137113903431878,-89.35221767877951,20299.79305471104,20210.44083703226,0.6534283635258836,9
2020-08-10 09:41:59.523330,2020-08-10 10:41:59.523330,2020-08-10 19:41:59.523330,1,REVERSAL,GREEN,UP,45.50150346779138,-42.48859812488354,24.236144731299877,155.98939252919823,15285.58956870569,14061.30636901844,True,True,True,True,True,15317.49481541086,15317.49481541086,17501.346310819637,15808.06170373891,TSL,0.004,2603.974118619846,61.26997926164344,0.15,0.6534283635258836,166.79274203153656,6.1453789199428375,160.6473631115937,20210.44083703226,20371.088200143855,0.0,10
2020-08-11 09:41:59.523330,2020-08-11 10:41:59.523330,2020-08-11 12:41:59.523330,1,REVERSAL,GREEN,UP,54.81085529338713,-10.69385920088608,27.15186477201469,195.2905448552843,15583.966721713461,14456.468434131662,True,True,True,True,True,15935.200543939907,15935.200543939907,18669.26817191389,15935.200543939907,SL,0.004,2708.9840924697846,63.74080217575963,0.15,0.0,0.0,6.393202458228692,-6.393202458228692,20371.088200143855,20364.694997685627,0.03138370613987643,3
2020-08-11 19:41:59.523330,2020-08-11 20:41:59.523330,2020-08-12 06:41:59.523330,1,MOMENTUM,RED,UP,63.780100143227436,10.477897688151032,18.373776272811437,167.11158717640546,15722.194320260152,14574.634771579029,True,True,True,False,True,16309.14768159283,16309.14768159283,18648.709902062506,17454.495929685592,TSL,0.004,2772.555105870781,65.23659072637132,0.15,0.03138370613987643,389.4184043515389,6.543230049855043,382.87517430168384,20364.694997685627,20747.57017198731,0.0,11
2020-08-12 15:41:59.523330,2020-08-12 16:41:59.523330,2020-08-12 20:41:59.523330,1,MOMENTUM,GREEN,UP,78.05798587289347,2.3201227893252963,40.93335431169483,162.09549607391278,16551.717361808165,15077.719820660097,True,False,True,False,True,17834.76947875301,17834.76947875301,20104.106423787787,18171.18082078709,TSL,0.004,3031.9108113880116,71.33907791501204,0.15,0.0,114.3798562915872,7.155309514875708,107.22454677671149,20747.57017198731,20854.79471876402,0.0,5
2020-08-13 14:41:59.523330,2020-08-13 15:41:59.523330,2020-08-13 19:41:59.523330,1,REVERSAL,GREEN,UP,45.33106605500475,-139.2107778665917,32.04503985810909,230.21098581939304,17400.776454923787,15698.733600082378,True,True,True,True,True,17497.363882873295,17497.363882873295,20720.317684344798,18061.87006784872,TSL,0.004,2974.55186008846,69.98945553149318,0.15,0.0,191.9321028916441,7.019942389808767,184.91216050183533,20854.79471876402,21039.706879265854,0.0,5
2020-08-14 01:41:59.523330,2020-08-14 02:41:59.523330,2020-08-14 09:41:59.523330,1,MOMENTUM,GREEN,UP,63.63836237533046,25.42196796261218,18.67608797838938,294.6283434577968,17579.954132331255,15956.896198098348,True,True,True,False,True,18414.52583322527,18414.52583322527,22539.322641634426,18926.626103728664,TSL,0.004,3130.4693916482956,73.65810333290108,0.15,0.0,174.11409197115378,7.387907764289979,166.7261842068638,21039.706879265854,21206.43306347272,0.0,8
2020-08-14 20:41:59.523330,2020-08-14 21:41:59.523330,2020-08-15 02:41:59.523330,1,REVERSAL,GREEN,UP,45.69020158927107,-71.74235939823753,20.123145315432467,198.02820955047235,18057.99677577575,16386.976085826245,True,True,True,True,True,18104.94927190289,17815.270083552445,20877.3442056095,17815.270083552445,SL,0.004,3077.8413762234914,72.41979708761156,0.15,0.0,-98.49092403915122,7.2637056478874396,-105.75462968703866,21206.43306347272,21100.67843378568,0.49869126679864445,6
2020-08-15 06:41:59.523330,2020-08-15 07:41:59.523330,2020-08-15 12:41:59.523330,1,REVERSAL,GREEN,UP,29.46427311546745,-89.83801895349187,29.981209102258642,167.5659708433551,17966.98658703536,16476.946549936798,True,True,True,True,True,17485.194047162302,17485.194047162302,19831.117638969274,17853.160972848113,TSL,0.004,2972.482988017591,69.94077618864921,0.15,0.49869126679864445,125.1087547331756,7.015059851721516,118.0936948814541,21100.67843378568,21218.772128667133,0.0,6
2020-08-16 00:41:59.523330,2020-08-16 01:41:59.523330,2020-08-16 03:41:59.523330,1,REVERSAL,GREEN,UP,41.49123782396258,-26.2532698087942,22.26754726010198,175.67621845062587,17821.940000048133,16685.54035115798,True,True,True,True,True,17439.596464264356,17439.596464264356,19899.063522573117,17604.36115071051,TSL,0.004,2964.7313989249405,69.75838585705742,0.15,0.0,56.01999339169205,6.9967661014628595,49.023227290229194,21218.772128667133,21267.79535595736,0.0,3
2020-08-17 19:41:59.523330,2020-08-17 20:41:59.523330,2020-08-18 06:41:59.523330,1,REVERSAL,GREEN,UP,51.95448615630183,-66.3073468562795,23.743426719848507,209.14924699346682,18257.355316447894,17232.029395811456,True,True,True,True,True,18416.935977219277,18122.265001583768,21345.025435127813,18122.265001583768,SL,0.004,3130.8791161272775,73.66774390887711,0.15,0.0,-100.1881317160729,7.388874714060375,-107.57700643013327,21267.79535595736,21160.21834952723,0.5058211470894124,11
2020-08-18 13:41:59.523330,2020-08-18 14:41:59.523330,2020-08-18 18:41:59.523330,1,MOMENTUM,GREEN,UP,56.125835085406564,7.4858007504323325,15.985473153069782,165.1273989941552,18260.231785583244,17435.22106077694,True,True,True,False,True,18386.895845221046,18386.895845221046,20698.67943113922,18891.781308425838,TSL,0.004,3125.772293687578,73.54758338088419,0.15,0.5058211470894124,171.6610574896291,7.376822613102685,164.28423487652643,21160.21834952723,21324.502584403755,0.0,5
2020-08-19 11:41:59.523330,2020-08-19 12:41:59.523330,2020-08-19 18:41:59.523330,1,MOMENTUM,RED,UP,62.40081966767202,9.140254431542992,19.450638295763945,187.82166455055994,18491.154169565496,17669.12222146012,True,True,True,False,True,18774.37279177017,18774.37279177017,21403.87609547801,18913.02336107345,TSL,0.004,3191.643374600929,75.09749116708068,0.15,0.0,47.141193563115664,7.532278364058192,39.60891519905748,21324.502584403755,21364.11149960281,0.0,7
2020-08-20 00:41:59.523330,2020-08-20 01:41:59.523330,2020-08-20 06:41:59.523330,1,MOMENTUM,GREEN,UP,65.49566657045855,9.96047957102806,17.98874918511825,135.48180748608667,18635.64334568434,17869.35084841181,True,True,True,False,True,19018.8844224024,19018.8844224024,20915.62972720761,19527.217681520175,TSL,0.003,2424.9077638563062,57.0566532672072,0.15,0.0,129.62498107503262,5.7227823227008825,123.90219875233174,21364.11149960281,21488.013698355142,0.0,6
2020-08-20 12:41:59.523330,2020-08-20 13:41:59.523330,2020-08-20 17:41:59.523330,1,REVERSAL,GREEN,UP,47.87294258649191,-44.06639189221981,23.837051078698114,128.81416280957845,18833.455306983138,18003.157931615773,True,True,True,True,True,19041.32863523246,18736.66737706874,20844.72691456656,18736.66737706874,SL,0.003,2427.769400992139,57.12398590569739,0.15,0.0,-77.68862083174862,5.729535786341449,-83.41815661809007,21488.013698355142,21404.595541737053,0.38820785294116855,5
2020-08-21 00:41:59.523330,2020-08-21 01:41:59.523330,2020-08-21 12:41:59.523330,1,MOMENTUM,GREEN,UP,66.32874467833533,15.039446094636304,25.010272064022264,187.9186936352908,18824.070152244887,18091.043333241785,True,True,True,False,True,19178.298275266767,19178.298275266767,21809.159986160837,19458.710011654563,TSL,0.003,2445.2330300965127,57.5348948258003,0.15,0.38820785294116855,71.50499277888794,5.770749951027771,65.73424282786017,21404.595541737053,21470.329784564914,0.0822966423908303,12
2020-08-21 20:41:59.523330,2020-08-21 21:41:59.523330,2020-08-21 22:41:59.523330,1,REVERSAL,GREEN,UP,36.21815294985938,-101.29455179493621,30.625800513613125,211.9670999000399,18812.046881520124,18177.146729824522,True,True,True,True,True,18243.530032007235,17951.63355149512,21211.069430607793,17951.63355149512,SL,0.004,3101.40010544123,72.97412012802894,0.15,0.0822966423908303,-99.24480337411879,7.319304248841304,-106.56410762296008,21470.329784564914,21363.765676941955,0.5782201331279746,2
2020-08-22 12:41:59.523330,2020-08-22 13:41:59.523330,2020-08-22 14:41:59.523330,-1,MOMENTUM,RED,DOWN,24.644348195204273,-0.3671653349082362,35.228417860021786,143.77278233042404,18227.114031780173,18070.9957122244,True,False,True,False,True,17204.30820848659,17479.577139822373,15191.489255860652,17479.577139822373,SL,0.004,2924.7323954427206,68.81723283394636,0.15,0.5782201331279746,-93.59143665416661,6.90236845324482,-100.49380510741145,21363.765676941955,21263.271871834542,1.0458939093928592,2
2020-08-23 23:41:59.523330,2020-08-24 00:41:59.523330,2020-08-24 09:41:59.523330,1,MOMENTUM,GREEN,UP,68.1379416753337,2.3551905329739498,22.273969622001275,187.1220943262735,18239.162157164068,18119.352261280037,True,False,True,False,True,18732.835820231485,18732.835820231485,21352.545140799313,19464.629431135876,TSL,0.004,3184.582089439353,74.93134328092594,0.15,1.0458939093928592,248.809827707493,7.515613731076873,241.29421397641613,21263.271871834542,21504.56608581096,0.0,10
2020-08-25 10:41:59.523330,2020-08-25 11:41:59.523330,2020-08-25 14:41:59.523330,1,MOMENTUM,RED,UP,74.93811543589172,11.778533076747067,27.680927900795204,192.1050617461235,19431.538278523112,18629.657234329778,True,True,True,False,True,20665.20183920337,20665.20183920337,23354.6727036491,20867.835235320523,TSL,0.003,2634.81323449843,61.995605517610116,0.15,0.0,51.67151600987358,6.218159233416295,45.45335677645728,21504.56608581096,21550.019442587414,0.0,4
2020-08-25 20:41:59.523330,2020-08-25 21:41:59.523330,2020-08-26 02:41:59.523330,1,MOMENTUM,RED,UP,68.10338239532474,0.7386715186253809,29.999801856491544,184.9980758320803,19861.115544093936,18898.39575867681,True,False,True,False,True,20988.02786100177,20988.02786100177,23578.000922650896,21991.558969111542,TSL,0.003,2675.973552277726,62.96408358300531,0.15,0.0,255.90043256799177,6.3152975833754335,249.58513498461636,21550.019442587414,21799.60457757203,0.0,6
2020-08-28 15:41:59.523330,2020-08-28 16:41:59.523330,2020-08-28 22:41:59.523330,1,REVERSAL,GREEN,UP,54.101456922844605,-117.05116221565527,27.990031078354914,251.78851215252413,23150.25214534871,20849.521587392806,True,True,True,True,True,24361.00382826681,24361.00382826681,27886.042998402147,24875.96924404725,TSL,0.003,3106.0279881040187,73.08301148480044,0.15,0.0,131.31618102401217,7.330226051925485,123.98595497208669,21799.60457757203,21923.590532544116,0.0,7
2020-08-29 17:41:59.523330,2020-08-29 18:41:59.523330,2020-08-30 02:41:59.523330,1,REVERSAL,GREEN,UP,49.26884723476203,-156.4622485687786,26.177032545730423,307.6143175774217,24085.35807655711,21754.538079424616,True,True,True,True,True,24225.13017920508,24225.13017920508,28531.730625288983,24438.83608421083,TSL,0.003,3088.704097848648,72.67539053761524,0.15,0.0,54.49500577646639,7.28934167092281,47.20566410554358,21923.590532544116,21970.79619664966,0.0,9
2020-08-30 09:41:59.523330,2020-08-30 10:41:59.523330,2020-08-30 13:41:59.523330,1,MOMENTUM,GREEN,UP,59.31544580599706,21.973965834238612,13.488024943695496,233.93533001667137,24139.9731664727,22127.740154610543,True,True,True,False,True,24431.74013062492,24040.83228853492,27706.834750858317,24040.83228853492,SL,0.003,3115.0468666546776,73.29522039187476,0.15,0.0,-99.68149973295013,7.351510605305039,-107.03301033825517,21970.79619664966,21863.763186311404,0.48716036223838066,4
2020-08-30 15:41:59.523330,2020-08-30 16:41:59.523330,2020-08-30 20:41:59.523330,1,REVERSAL,GREEN,UP,46.5858402639132,-25.47138836511335,17.54108228570212,242.8375365682363,24125.464743235105,22202.212307480186,True,True,True,True,True,23997.64334751848,23613.681053958182,27397.368859473787,23613.681053958182,SL,0.003,3059.699526808606,71.99293004255544,0.15,0.48716036223838066,-97.91038485787561,7.220890883268311,-105.13127574114392,21863.763186311404,21758.63191057026,0.9656649862864378,5
2020-08-31 01:41:59.523330,2020-08-31 02:41:59.523330,2020-08-31 03:41:59.523330,1,REVERSAL,GREEN,UP,35.64888857309353,-61.29806698455019,29.43699336969761,223.3989726345995,23973.975412198266,22340.820611768828,True,True,True,True,True,23400.2999271315,23025.895128297394,26527.88554401589,23025.895128297394,SL,0.003,2983.538240709266,70.2008997813945,0.15,0.9656649862864378,-95.47322370269663,7.041150248073868,-102.5143739507705,21758.63191057026,21656.11753661949,1.4322587912319404,2
2020-08-31 04:41:59.523330,2020-08-31 05:41:59.523330,2020-08-31 14:41:59.523330,1,REVERSAL,GREEN,UP,39.51386817779101,-59.85646140930652,33.12695655833177,237.65703957576042,23887.695268245203,22365.32389342756,True,True,True,True,True,23077.72103220091,23077.72103220091,26404.919586261556,23273.311727294265,TSL,0.003,2942.4094316056157,69.23316309660272,0.15,1.4322587912319404,49.875627248805976,6.9440862585892535,42.931540990216725,21656.11753661949,21699.049077609707,1.2368560365663528,10
2020-08-31 18:41:59.523330,2020-08-31 19:41:59.523330,2020-08-31 23:41:59.523330,-1,MOMENTUM,GREEN,DOWN,19.148346921323736,-37.21248873143634,29.465152216338804,251.2006711554725,23509.74172506376,22414.95318828218,True,True,True,False,True,22283.227415735462,22283.227415735462,18766.41801955885,21815.026260113842,TSL,0.003,2841.1114955062717,66.84968224720639,0.15,1.2368560365663528,119.39129468351317,6.705023129394801,112.68627155411838,21699.049077609707,21811.735349163824,0.7239648762027561,5
2020-09-02 20:41:59.523330,2020-09-02 21:41:59.523330,2020-09-03 08:41:59.523330,1,MOMENTUM,RED,UP,66.45799941304287,11.085949656969035,24.571735140473386,240.17617284851687,23091.084039052737,22603.901865979667,True,True,True,False,True,23859.958714071632,23859.958714071632,27222.42513395087,25225.832090955395,TSL,0.003,3042.1447360441334,71.5798761422149,0.15,0.7239648762027561,348.29771110535955,7.1794615770641546,341.11824952829545,21811.735349163824,22152.85359869212,0.0,12
2020-09-04 09:41:59.523330,2020-09-04 10:41:59.523330,2020-09-05 03:41:59.523330,1,MOMENTUM,RED,UP,75.32466568789411,27.145332952108674,23.38597861387261,267.7706203516074,24860.191492633923,23488.15790245491,True,True,True,False,True,26335.554159650845,26335.554159650845,30084.342844573348,26592.257154681316,TSL,0.002,2238.5221035703216,52.67110831930169,0.15,0.0,43.63950915518013,5.28291216442596,38.35659699075416,22152.85359869212,22191.210195682874,0.0,18
2020-09-06 10:41:59.523330,2020-09-06 11:41:59.523330,2020-09-06 14:41:59.523330,1,MOMENTUM,GREEN,UP,65.26996274580844,1.163419369273015,23.386725395518646,240.5804552032582,26987.70146603731,24898.632636115894,True,False,True,False,True,28228.520520606995,28228.520520606995,31596.64689345261,28719.764405959777,TSL,0.002,2399.4242442515947,56.45704104121399,0.15,0.0,83.51146050997293,5.662641216433763,77.84881929353917,22191.210195682874,22269.059014976414,0.0,4
2020-09-07 06:41:59.523330,2020-09-07 07:41:59.523330,2020-09-07 09:41:59.523330,1,MOMENTUM,RED,UP,68.32209119459515,17.807931727233267,23.582969103554493,244.21774318429487,27827.26986997118,25560.006613859518,True,True,True,False,True,29119.93291921501,29119.93291921501,32538.98132379514,29289.185805891902,TSL,0.002,2475.194298133276,58.23986583843002,0.15,0.0,28.77299073507158,5.841458543594531,22.931532191477046,22269.059014976414,22291.99054716789,0.0,3
2020-09-08 21:41:59.523330,2020-09-08 22:41:59.523330,2020-09-09 01:41:59.523330,1,REVERSAL,GREEN,UP,21.900903639784502,-223.2681345214172,40.31663056651458,268.49675581939374,29275.444065061383,26875.193331596198,True,True,True,True,True,28388.19301247905,28388.19301247905,32147.14759395056,28817.215251617017,TSL,0.002,2412.9964060607194,56.7763860249581,0.15,0.0,72.93378065345463,5.694671518303298,67.23910913515134,22291.99054716789,22359.229656303043,0.0,4
2020-09-09 04:41:59.523330,2020-09-09 05:41:59.523330,2020-09-09 08:41:59.523330,1,REVERSAL,GREEN,UP,39.737532588723326,-92.11010097018811,35.23273503568315,269.64991625950904,29085.892181742678,26987.671221650624,True,True,True,True,True,28620.231300263786,28162.307599459564,32395.330127896912,28162.307599459564,SL,0.002,2432.7196605224217,57.24046260052757,0.15,0.0,-77.84702913671772,5.741218398832916,-83.58824753555065,22359.229656303043,22275.641408767493,0.3738422513674873,4
2020-09-09 09:41:59.523330,2020-09-09 10:41:59.523330,2020-09-09 13:41:59.523330,1,REVERSAL,GREEN,UP,43.0433875640233,-25.943422527863106,33.66330848411417,235.95757826504675,28954.641997631108,27065.010358837495,True,True,True,True,True,28338.52747043557,28338.52747043557,31641.933566146225,28885.153261194613,TSL,0.002,2408.7748349870235,56.67705494087114,0.15,0.3738422513674873,92.92638442903754,5.684708610569375,87.24167581846817,22275.641408767493,22362.883084585963,0.0,4
2020-09-09 21:41:59.523330,2020-09-09 22:41:59.523330,2020-09-10 02:41:59.523330,1,REVERSAL,GREEN,UP,32.25027726110747,-79.93547691874306,37.27406461071674,313.7985510124756,28544.088172702857,27123.593289191027,True,True,True,True,True,27237.99869658285,27237.99869658285,31631.178410757508,27939.159504913336,TSL,0.002,2315.2298892095423,54.4759973931657,0.15,0.0,119.19733741618252,5.4639425385345195,113.733394877648,22362.883084585963,22476.61647946361,0.0,5
2020-09-10 04:41:59.523330,2020-09-10 05:41:59.523330,2020-09-10 12:41:59.523330,-1,MOMENTUM,RED,DOWN,30.0677964322378,-10.102310379804578,28.199401467520882,313.94027470080476,28296.74181079842,27102.26343367748,True,True,True,False,True,26912.810604299702,26912.810604299702,22517.646758488438,26436.52507698736,TSL,0.002,2287.5889013654746,53.82562120859941,0.15,0.0,80.9685396430982,5.398709807222521,75.56982983587567,22476.61647946361,22552.186309299486,0.0,8
2020-09-10 23:41:59.523330,2020-09-11 00:41:59.523330,2020-09-11 07:41:59.523330,-1,REVERSAL,RED,DOWN,46.81675108786442,111.69667425006128,22.204393263647898,203.6241486284648,27481.806663448573,27052.395266108953,True,True,True,True,True,26991.92372684302,26991.92372684302,24141.185646044512,26202.20816418001,TSL,0.002,2294.3135167816567,53.98384745368604,0.15,0.0,134.25164565271143,5.41457989960471,128.83706575310674,22552.186309299486,22681.02337505259,0.0,8
2020-09-12 09:41:59.523330,2020-09-12 10:41:59.523330,2020-09-12 13:41:59.523330,-1,MOMENTUM,RED,DOWN,43.03984523750764,-13.25753139616441,17.149482403351847,287.37700694876025,27107.068544539517,27007.577918412655,True,True,True,False,True,26939.96275149324,27371.002155517133,22916.684654210596,27371.002155517133,SL,0.002,2289.8968338769255,53.87992550298648,0.15,0.0,-73.27669868406188,5.404156527949544,-78.68085521201142,22681.02337505259,22602.34251984058,0.3469016980007869,4
2020-09-12 14:41:59.523330,2020-09-12 15:41:59.523330,2020-09-12 17:41:59.523330,1,MOMENTUM,GREEN,UP,66.90763984837093,10.788983186750428,18.793500295755123,300.5845294669627,27127.84388901583,27032.57425738579,True,True,True,False,True,27770.574125221043,27326.244939217508,31978.75753775852,27326.244939217508,SL,0.002,2360.4988006437884,55.541148250442085,0.15,0.3469016980007869,-75.53596162060097,5.570777169519341,-81.10673879012032,22602.34251984058,22521.235781050458,0.7044990490944398,3
2020-09-13 13:41:59.523330,2020-09-13 14:41:59.523330,2020-09-13 21:41:59.523330,1,MOMENTUM,RED,UP,65.4611219985393,14.9449404340743,20.14161490954185,207.9485831496718,27126.525228338454,27048.637760058697,True,True,True,False,True,27367.58325337152,27367.58325337152,30278.863417466924,27898.789252844206,TSL,0.002,2326.244576536579,54.735166506743035,0.15,0.7044990490944398,90.30501991035693,5.4899372006263265,84.81508270973062,22521.235781050458,22606.05086376019,0.33055171300103936,8
2020-09-13 23:41:59.523330,2020-09-14 00:41:59.523330,2020-09-14 01:41:59.523330,-1,MOMENTUM,GREEN,DOWN,32.168162242835606,-28.26824666138242,29.434438618391816,271.324032846778,27255.84334662257,27072.200363003863,True,True,True,False,True,26922.64287808414,27353.405164133488,23124.10641822925,27353.405164133488,SL,0.002,2288.424644637152,53.84528575616829,0.15,0.33055171300103936,-73.22958862838892,5.4006821613436795,-78.63027078973259,22606.05086376019,22527.420592970455,0.6772303856936536,2
2020-09-14 02:41:59.523330,2020-09-14 03:41:59.523330,2020-09-14 06:41:59.523330,1,MOMENTUM,GREEN,UP,66.64204739990001,9.557670424326616,27.848732237820332,326.9175256015468,27280.888977061157,27117.096299210843,True,True,True,False,True,28201.077117113284,27749.85988323947,32777.92247553494,27749.85988323947,SL,0.002,2397.0915549546294,56.40215423422657,0.15,0.6772303856936536,-76.70692975854817,5.657136069692926,-82.36406582824111,22527.420592970455,22445.056527142213,1.0403712566599799,4
2020-09-14 15:41:59.523330,2020-09-14 16:41:59.523330,2020-09-14 17:41:59.523330,1,REVERSAL,GREEN,UP,50.94331400016729,-97.80411718178867,22.51854022331683,312.23512806287636,27268.368877082987,27114.690659848035,True,True,True,True,True,26904.5946555004,26474.121141012394,31275.88644838067,26474.121141012394,SL,0.002,2286.890545717534,53.8091893110008,0.15,1.0403712566599799,-73.18049746296117,5.39706168789338,-78.57755915085454,22445.056527142213,22366.47896799136,1.386817525205706,2
2020-09-16 00:41:59.523330,2020-09-16 01:41:59.523330,2020-09-16 10:41:59.523330,1,REVERSAL,GREEN,UP,58.243316066143734,-27.056503226326484,17.310822758445987,392.16445332339686,27356.369147872138,27202.91806323291,True,True,True,True,True,28163.40099665765,28163.40099665765,33653.7033431852,28799.736868834025,TSL,0.002,2393.8890847159,56.3268019933153,0.15,1.386817525205706,108.17709826998394,5.649578239929525,102.52752003005442,22366.47896799136,22469.006488021412,0.9347765465661554,10
2020-09-17 06:41:59.523330,2020-09-17 07:41:59.523330,2020-09-17 16:41:59.523330,1,MOMENTUM,RED,UP,66.09051607165281,3.215992248998873,21.28528735691604,267.9293398828238,28308.124298843304,27587.71636928684,True,False,True,False,True,29114.62226770446,29114.62226770446,32865.633026063995,30557.145430232402,TSL,0.002,2474.7428927548794,58.229244535408924,0.15,0.9347765465661554,245.22893762975,5.840393226901516,239.38854440284845,22469.006488021412,22708.39503242426,0.0,10
2020-09-19 21:41:59.523330,2020-09-19 22:41:59.523330,2020-09-20 01:41:59.523330,1,MOMENTUM,RED,UP,58.10193675321406,4.382029280346146,14.949992474471252,224.533707009546,28264.742152018163,27962.881168731295,True,False,True,False,True,28106.940737547426,27657.229685746668,31250.41263568107,27657.229685746668,SL,0.002,2389.089962691531,56.21388147509485,0.15,0.0,-76.45087880612878,5.638252311952013,-82.0891311180808,22708.39503242426,22626.30590130618,0.3614924392537249,4
2020-09-20 13:41:59.523330,2020-09-20 14:41:59.523330,2020-09-20 16:41:59.523330,-1,MOMENTUM,GREEN,DOWN,26.76187660748596,-8.225020246852665,19.569852470122157,264.50840808965995,27927.913238960333,27893.042131780858,True,True,True,False,True,26949.951881482964,27381.151111586692,23246.834168227724,27381.151111586692,SL,0.002,2290.745909926052,53.89990376296593,0.15,0.3614924392537249,-73.30386911763377,5.406160347425482,-78.71002946505924,22626.30590130618,22547.59587184112,0.7081044712915359,3
2020-09-21 06:41:59.523330,2020-09-21 07:41:59.523330,2020-09-21 12:41:59.523330,-1,MOMENTUM,RED,DOWN,31.778882436339927,-18.297752141153637,27.36066070677807,290.3896816802824,28023.82005550755,27918.534033612585,True,True,True,False,True,27367.310407540583,27367.310407540583,23301.85486401663,26855.106212690484,TSL,0.002,2326.2213846409495,54.734620815081165,0.15,0.7081044712915359,87.07471312451686,5.489882467752641,81.58483065676423,22547.59587184112,22629.180702497884,0.34883279867762845,6
2020-09-21 21:41:59.523330,2020-09-21 22:41:59.523330,2020-09-22 02:41:59.523330,-1,MOMENTUM,GREEN,DOWN,35.53042468217805,-3.731763110299653,19.34489524097292,278.22179911514536,27679.34809784352,27830.79205025761,True,False,True,False,True,27194.353076148323,27194.353076148323,23299.247888536287,26895.294596951015,TSL,0.002,2311.5200114726076,54.38870615229665,0.15,0.34883279867762845,50.83994146354249,5.4551872270753545,45.38475423646713,22629.180702497884,22674.56545673435,0.14897387350187458,5
2020-09-22 15:41:59.523330,2020-09-22 16:41:59.523330,2020-09-22 19:41:59.523330,-1,MOMENTUM,GREEN,DOWN,40.36278887086875,-4.353760449870151,12.3554988482949,204.9512338611843,27351.295517147362,27701.653648789026,True,False,True,False,True,26583.17085533454,26583.17085533454,23713.853581277963,25928.79386111735,TSL,0.003,3389.3542840551545,79.74951256600363,0.15,0.14897387350187458,166.8661335253842,7.998876110370165,158.86725741501402,22674.56545673435,22833.432714149367,0.0,4
2020-09-23 09:41:59.523330,2020-09-23 10:41:59.523330,2020-09-23 12:41:59.523330,-1,REVERSAL,RED,DOWN,70.16295170615068,132.3962512303311,32.19752540294427,208.01420337773175,27130.792285146334,27578.68011785073,True,True,True,True,True,27392.393527788736,27830.671824233355,24480.19468050049,27830.671824233355,SL,0.002,2328.3534498620425,54.784787055577475,0.15,0.0,-74.50731039558534,5.494914141674421,-80.00222453725976,22833.432714149367,22753.430489612107,0.3503731810227755,3
2020-09-23 16:41:59.523330,2020-09-23 17:41:59.523330,2020-09-23 20:41:59.523330,-1,MOMENTUM,RED,DOWN,46.582129131747756,-3.6870748420625006,21.068679518235953,224.01211827325758,27190.007207710732,27550.290452233538,True,False,True,False,True,27057.77341645826,27490.697791121594,23921.603760632657,27490.697791121594,SL,0.002,2299.9107403989524,54.11554683291652,0.15,0.3503731810227755,-73.5971436927666,5.427789347341527,-79.02493304010812,22753.430489612107,22674.405556571997,0.6964662719277595,4
2020-09-25 03:41:59.523330,2020-09-25 04:41:59.523330,2020-09-25 05:41:59.523330,-1,REVERSAL,RED,DOWN,48.21049923133558,21.48688732744054,12.898319694974202,277.94781104922475,26959.22973116883,27355.9863028717,True,True,True,True,True,26861.653048464752,27291.43949724019,22970.383693775606,27291.43949724019,SL,0.002,2283.240509119504,53.723306096929505,0.15,0.6964662719277595,-73.06369629182441,5.38844760152203,-78.45214389334643,22674.405556571997,22595.95341267865,1.0400508081448343,2
2020-09-25 08:41:59.523330,2020-09-25 09:41:59.523330,2020-09-25 12:41:59.523330,-1,REVERSAL,RED,DOWN,57.7202512594224,61.374953206241344,17.975009908581278,236.24336747202085,27023.807552476137,27345.955150423568,True,True,True,True,True,27270.466655900804,27270.466655900804,23963.05951129251,27138.067182653595,TSL,0.002,2317.9896657515683,54.54093331180161,0.15,1.0400508081448343,22.50791045202557,5.470455611173701,17.037454840851865,22595.95341267865,22612.9908675195,0.9654345423641174,4
2020-09-25 14:41:59.523330,2020-09-25 15:41:59.523330,2020-09-25 18:41:59.523330,-1,MOMENTUM,RED,DOWN,45.04987519859627,-13.011653601862463,14.984013993527936,308.8578006141478,27071.257029838373,27328.458052505757,True,True,True,False,True,26967.844245595115,26967.844245595115,22643.835036997047,26719.84853628778,TSL,0.002,2292.266760875585,53.935688491190234,0.15,0.9654345423641174,42.15927058224701,5.409749555666381,36.74952102658063,22612.9908675195,22649.74038854608,0.8044884354574334,4
2020-09-26 03:41:59.523330,2020-09-26 04:41:59.523330,2020-09-26 06:41:59.523330,1,MOMENTUM,GREEN,UP,62.942413843700905,11.19640025262014,10.70689608294892,276.12528949220894,27027.35160378315,27316.1304773117,True,True,True,False,True,27208.307052055898,27208.307052055898,31074.06110494682,27476.412464025565,TSL,0.002,2312.7060994247513,54.416614104111794,0.15,0.8044884354574334,45.57792003484345,5.457986394642413,40.11993364020103,22649.74038854608,22689.860322186283,0.6287814616420554,3
2020-09-26 19:41:59.523330,2020-09-26 20:41:59.523330,2020-09-26 21:41:59.523330,-1,MOMENTUM,RED,DOWN,47.66253049224608,-6.4365952071107415,10.02636903386072,199.92150530472668,27187.604620042144,27318.875837991945,True,True,True,False,True,27301.87673614761,27738.70676392597,24502.975661881435,27738.70676392597,SL,0.002,2320.659522572547,54.60375347229522,0.15,0.6287814616420554,-74.26110472232122,5.476756473271211,-79.73786119559244,22689.860322186283,22610.12246099069,0.977996852047117,2
2020-09-28 09:41:59.523330,2020-09-28 10:41:59.523330,2020-09-28 15:41:59.523330,-1,MOMENTUM,GREEN,DOWN,40.152575562202934,-24.781258959328866,11.917968465756212,309.7647902928169,27555.76299925245,27410.845543006788,True,True,True,False,True,27452.623043280804,27452.623043280804,23115.91597918137,26968.745901269274,TSL,0.002,2333.4729586788685,54.90524608656161,0.15,0.977996852047117,82.25911414196008,5.50699618248213,76.75211795947794,22610.12246099069,22686.874578950166,0.6418576524780774,6
2020-09-28 23:41:59.523330,2020-09-29 00:41:59.523330,2020-09-29 07:41:59.523330,-1,MOMENTUM,RED,DOWN,44.86371669022586,-3.293608530246928,11.206017722391337,287.20814303286807,27455.799542931316,27390.47914169566,True,False,True,False,True,27240.314682517423,27240.314682517423,23219.400680057268,26490.79827053574,TSL,0.002,2315.426748013981,54.480629365034844,0.15,0.6418576524780774,127.41779003688622,5.464407125312995,121.95338291157323,22686.874578950166,22808.827961861738,0.107757570207049,8
2020-09-30 06:41:59.523330,2020-09-30 07:41:59.523330,2020-09-30 11:41:59.523330,-1,REVERSAL,RED,DOWN,56.721389127843906,121.36498815766217,28.88944651932316,284.88262522469773,26932.589775854376,27196.2585866381,True,True,True,True,True,27410.244586556903,27410.244586556903,23421.887833411136,27138.874354058935,TSL,0.002,2329.8707898573366,54.820489173113806,0.15,0.107757570207049,46.1329395246545,5.498495064063315,40.63444446059118,22808.827961861738,22849.46240632233,0.0,5
2020-10-01 06:41:59.523330,2020-10-01 07:41:59.523330,2020-10-01 16:41:59.523330,1,MOMENTUM,RED,UP,78.32294413436746,2.8111336293877685,49.08209134954841,316.0408827904446,28459.385231144766,27701.599303007155,True,False,True,False,True,30798.892141339315,30306.109867077885,35223.464500405535,30306.109867077885,SL,0.002,2617.905832013842,61.59778428267863,0.15,0.0,-83.77298662444308,6.178257763552668,-89.95124438799574,22849.46240632233,22759.511161934337,0.39366897473747514,10
2020-10-02 07:41:59.523330,2020-10-02 08:41:59.523330,2020-10-02 12:41:59.523330,1,REVERSAL,GREEN,UP,45.91984248512383,-123.36513279274953,21.44866926541699,292.0280403270008,29891.039736189792,28327.02987361566,True,True,True,True,True,30511.928512637405,30511.928512637405,34600.32107721541,31082.461730306473,TSL,0.002,2593.5139235741794,61.023857025274815,0.15,0.39366897473747514,96.99064700374159,6.120692859635064,90.86995414410653,22759.511161934337,22850.381116078443,0.0,5
2020-10-02 15:41:59.523330,2020-10-02 16:41:59.523330,2020-10-02 19:41:59.523330,1,MOMENTUM,RED,UP,57.06687550534318,0.4445717322598739,17.95462332333156,268.2088522295438,30181.198010194086,28542.483334782464,True,False,True,False,True,31038.34110773909,30541.727650015262,34793.265038952704,30541.727650015262,SL,0.002,2638.2589941578226,62.07668221547818,0.15,0.0,-84.42428781305047,6.226291226212462,-90.65057903926292,22850.381116078443,22759.73053703918,0.39671364157456745,4
2020-10-03 00:41:59.523330,2020-10-03 01:41:59.523330,2020-10-03 02:41:59.523330,1,REVERSAL,GREEN,UP,45.92216545460482,-136.16099865509955,24.93268933757592,359.63316698717506,30189.022151782247,28679.207347939457,True,True,True,True,True,30105.15813934277,29623.475609113284,35140.02247716322,29623.475609113284,SL,0.002,2558.9384418441355,60.21031627868554,0.15,0.39671364157456745,-81.88603013901255,6.03909472275216,-87.92512486176471,22759.73053703918,22671.805412177415,0.7814998926883313,2
2020-10-03 04:41:59.523330,2020-10-03 05:41:59.523330,2020-10-03 11:41:59.523330,1,REVERSAL,GREEN,UP,39.59784009764201,-132.83964460758634,26.775812488839932,364.4714757608689,30095.01843533122,28707.31443981193,True,True,True,True,True,29556.00509271159,29556.00509271159,34658.60575336376,30233.120162769203,TSL,0.002,2512.2604328804855,59.11201018542319,0.15,0.7814998926883313,115.10956190979384,5.928934621597946,109.1806272881959,22671.805412177415,22780.98603946561,0.30369330060759303,7
2020-10-03 19:41:59.523330,2020-10-03 20:41:59.523330,2020-10-04 01:41:59.523330,1,REVERSAL,GREEN,UP,38.20553694746713,-22.22041461503872,21.870425974003705,206.53245545013897,29868.939667057126,28815.85467675354,True,True,True,True,True,29100.54400824345,29100.54400824345,31991.998384545397,29271.024116735116,TSL,0.002,2473.546240700693,58.2010880164869,0.15,0.30369330060759303,28.981618443583102,5.837569128053636,23.144049315529465,22780.98603946561,22804.130088781138,0.20240812204554828,6
2020-10-05 06:41:59.523330,2020-10-05 07:41:59.523330,2020-10-05 15:41:59.523330,-1,REVERSAL,RED,DOWN,51.29662173806902,132.1168981218396,23.27673541691416,283.4329484264669,28237.64183764993,28496.14526085653,True,True,True,True,True,28073.663492133608,28522.842108007746,24105.60221416307,28522.842108007746,SL,0.002,2386.2613968313567,56.14732698426722,0.15,0.20240812204554828,-76.36036469860345,5.631576896522001,-81.99194159512545,22804.130088781138,22722.13814718601,0.5612290151353071,9
2020-10-05 18:41:59.523330,2020-10-05 19:41:59.523330,2020-10-06 03:41:59.523330,-1,REVERSAL,RED,DOWN,53.38517983388214,53.86675697348558,18.48462248328356,237.7125227596609,28268.30599067007,28470.954556450954,True,True,True,True,True,28307.491179095057,28307.491179095057,24979.515860459804,27942.52015614537,TSL,0.002,2406.13675022308,56.61498235819012,0.15,0.5612290151353071,62.04507390144707,5.678482730526469,56.3665911709206,22722.13814718601,22778.504738356933,0.31455220530626,9
2020-10-06 11:41:59.523330,2020-10-06 12:41:59.523330,2020-10-06 17:41:59.523330,-1,MOMENTUM,GREEN,DOWN,46.16599177984553,-5.730669195768286,15.955303864686114,233.11054410148998,28341.21371589438,28453.156793865448,True,True,True,False,True,28124.107386263917,28124.107386263917,24860.559768843057,27529.155722366955,TSL,0.002,2390.549127832433,56.24821477252784,0.15,0.31455220530626,101.1417828624835,5.641695941684542,95.50008692079896,22778.504738356933,22874.00482527773,0.0,6
2020-10-08 17:41:59.523330,2020-10-08 18:41:59.523330,2020-10-08 20:41:59.523330,1,MOMENTUM,GREEN,UP,63.63559906075676,13.631439438936894,22.0997211556248,242.82363665466826,29420.499545425515,28814.67827625879,True,True,True,False,True,30048.37004276741,29567.59612208313,33447.90095593277,29567.59612208313,SL,0.002,2554.1114536352297,60.09674008553482,0.15,0.0,-81.73156651632726,6.027703030579143,-87.75926954690641,22874.00482527773,22786.245555730824,0.38366377124273876,3
2020-10-09 02:41:59.523330,2020-10-09 03:41:59.523330,2020-10-09 08:41:59.523330,1,MOMENTUM,RED,UP,54.86366500800127,0.8826982757079804,16.801063740487322,345.8138083460405,29636.580077416427,28936.406133199434,True,False,True,False,True,30434.959579865157,29948.000226587315,35276.35289670972,29948.000226587315,SL,0.002,2586.9715642885385,60.869919159730316,0.15,0.38366377124273876,-82.7830900572331,6.105252891720951,-88.88834294895406,22786.245555730824,22697.35721278187,0.7722635972370264,6
2020-10-09 12:41:59.523330,2020-10-09 13:41:59.523330,2020-10-09 20:41:59.523330,1,REVERSAL,GREEN,UP,60.36382753214171,-59.168216096812074,21.628036790815216,338.3085383713431,29782.149331299788,29085.297203361286,True,True,True,True,True,30562.244288939342,30562.244288939342,35298.56382613815,31771.89617490471,TSL,0.002,2597.7907645598443,61.12448857787869,0.15,0.7722635972370264,205.64082061411224,6.1307862043612324,199.510034409751,22697.35721278187,22896.86724719162,0.0,8
2020-10-11 10:41:59.523330,2020-10-11 11:41:59.523330,2020-10-11 15:41:59.523330,1,REVERSAL,GREEN,UP,34.85291613286989,-114.38549728363242,25.48280953417067,292.5799053730244,30641.004761331005,29749.46461918016,True,True,True,True,True,30175.328137030127,29692.522886837643,34271.44681225247,29692.522886837643,SL,0.002,2564.902891647561,60.350656274060256,0.15,0.0,-82.07689253272213,6.053170824288244,-88.13006335701036,22896.86724719162,22808.73718383461,0.3849000931243962,5
2020-10-15 15:41:59.523330,2020-10-15 16:41:59.523330,2020-10-15 22:41:59.523330,1,REVERSAL,GREEN,UP,42.590698238474346,-111.20577483392356,22.461171192980533,321.48491937924075,32515.24713525504,31166.23639148313,True,True,True,True,True,32710.91492317048,32187.54028439975,37211.70379447985,32187.54028439975,SL,0.002,2780.4277684694907,65.42182984634096,0.15,0.3849000931243962,-88.97368859102389,6.561809533587998,-95.53549812461188,22808.73718383461,22713.20168571,0.8021427538483455,7
2020-10-16 03:41:59.523330,2020-10-16 04:41:59.523330,2020-10-16 10:41:59.523330,1,REVERSAL,GREEN,UP,33.63605323573336,-144.797732768277,33.18834903287241,276.6515645692846,32305.46871501186,31260.507764868147,True,True,True,True,True,31414.08541070514,31414.08541070514,35287.20731467512,31805.82250646825,TSL,0.002,2670.1972599099367,62.828170821410275,0.15,0.8021427538483455,66.59530627972872,6.3016655333874505,60.29364074634127,22713.20168571,22773.49532645634,0.5388157227072736,7
2020-10-16 11:41:59.523330,2020-10-16 12:41:59.523330,2020-10-16 16:41:59.523330,1,REVERSAL,GREEN,UP,47.62855142649978,26.68341082463462,22.772801097687832,269.4425542837311,32100.805050733514,31288.560337101906,True,True,True,True,True,31910.42920099198,31399.86233377611,35682.62496096422,31399.86233377611,SL,0.002,2712.3864820843182,63.82085840198396,0.15,0.5388157227072736,-86.7963674266982,6.401232097718991,-93.1975995244172,22773.49532645634,22680.297726931924,0.9458478224188552,5
2020-10-17 23:41:59.523330,2020-10-18 00:41:59.523330,2020-10-18 03:41:59.523330,1,MOMENTUM,RED,UP,71.33246821014531,2.5128199068620916,28.928077286341182,448.0197754357368,33768.45164161075,32165.926510094796,True,False,True,False,True,36055.30714431951,36055.30714431951,42327.584000419825,36827.880800980536,TSL,0.002,3064.701107267158,72.11061428863901,0.15,0.9458478224188552,131.33752163237486,7.2326946131504934,124.10482701922436,22680.297726931924,22804.40255395115,0.4038311977015686,4
2020-10-20 06:41:59.523330,2020-10-20 07:41:59.523330,2020-10-20 09:41:59.523330,1,REVERSAL,GREEN,UP,30.537476811927505,-173.15554323575844,36.215920684558945,235.46761571237843,37957.40367195188,34876.74496593368,True,True,True,True,True,38060.69916460151,37451.72797796789,41357.24578457481,37451.72797796789,SL,0.002,3235.159428991128,76.12139832920302,0.15,0.4038311977015686,-103.52510172771575,7.6349762524190625,-111.1600779801348,22804.40255395115,22693.242475971016,0.8893127999664722,3
2020-10-20 19:41:59.523330,2020-10-20 20:41:59.523330,2020-10-21 00:41:59.523330,1,REVERSAL,GREEN,UP,20.72010904642903,-122.90972921378147,51.30879869311876,295.74649607617476,37362.92326472111,35017.45866371571,True,True,True,True,True,35477.15384343755,34909.51938194255,39617.604788503995,34909.51938194255,SL,0.002,3015.5580766921917,70.9543076868751,0.15,0.8893127999664722,-96.4978584541499,7.116717060993572,-103.61457551514349,22693.242475971016,22589.62790045587,1.3418401016123047,5
2020-10-21 04:41:59.523330,2020-10-21 05:41:59.523330,2020-10-21 08:41:59.523330,1,MOMENTUM,RED,UP,56.03535959894121,25.54610443157094,50.62918700128406,368.81338364796454,36671.82733898028,35036.585950814464,True,True,True,False,True,35766.92945859195,35194.658587254475,40930.316829663454,35194.658587254475,SL,0.002,3040.189003980316,71.5338589171839,0.15,1.3418401016123047,-97.2860481273706,7.174846049393546,-104.46089417676416,22589.62790045587,22485.167006279105,1.798063623585941,4
2020-10-23 13:41:59.523330,2020-10-23 14:41:59.523330,2020-10-23 22:41:59.523330,1,REVERSAL,GREEN,UP,50.74253603200074,-96.08426877288025,20.45715748556664,346.2743942998114,36497.88228240442,35589.15036312554,True,True,True,True,True,36560.54502354193,35975.57630316525,41408.38654373929,35975.57630316525,SL,0.002,3107.6463270010636,73.12109004708385,0.15,1.798063623585941,-99.44468246403449,7.3340453317225105,-106.77872779575699,22485.167006279105,22378.388278483348,2.2644100745785085,9
2020-10-26 03:41:59.523330,2020-10-26 04:41:59.523330,2020-10-26 11:41:59.523330,-1,REVERSAL,RED,DOWN,67.57413664039075,193.55431386383665,29.17833418390489,307.1670293518705,33647.717552069065,34665.023405345935,True,True,True,True,True,34222.75396980431,34770.31803332118,29922.415558878125,34770.31803332118,SL,0.002,2908.934087433366,68.44550793960862,0.15,2.2644100745785085,-93.08589079786748,6.8650844463427445,-99.95097524421021,22378.388278483348,22278.437303239138,2.7009369328825383,8
2020-10-27 15:41:59.523330,2020-10-27 16:41:59.523330,2020-10-27 18:41:59.523330,1,MOMENTUM,RED,UP,65.24145498683899,23.817640090070093,21.242417197173925,428.75933385222186,34709.50475570127,34805.85913635038,True,True,True,False,True,35568.10046678366,35568.10046678366,41570.731140714764,35921.51001882983,TSL,0.002,3023.2885396766114,71.13620093356732,0.15,2.7009369328825383,60.079623847849,7.134960953636803,52.94466289421219,22278.437303239138,22331.38196613335,2.4697058988610303,3
2020-10-31 22:41:59.523330,2020-10-31 23:41:59.523330,2020-11-01 04:41:59.523330,-1,MOMENTUM,RED,DOWN,31.916598226399216,-0.9989284361027444,21.354100989959534,274.4790145152884,31913.689489003704,33583.31755167713,True,False,True,False,True,30530.494296292192,30530.494296292192,26687.788093078154,29789.342701365007,TSL,0.002,2595.0920151848363,61.06098859258439,0.15,2.4697058988610303,125.99577113762149,6.124417155836214,119.87135398178526,22331.38196613335,22451.253320115135,1.9461785853308953,6
2020-11-01 21:41:59.523330,2020-11-01 22:41:59.523330,2020-11-02 06:41:59.523330,-1,REVERSAL,RED,DOWN,56.30407699212148,169.93867662421076,41.91995971960751,333.13643561584985,31521.385000036906,33078.35134657971,True,True,True,True,True,31636.338475455726,31636.338475455726,26972.42837683383,30978.587085317587,TSL,0.002,2689.0887704137367,63.27267695091145,0.15,1.9461785853308953,111.81773632348363,6.346249498176419,105.47148682530722,22451.253320115135,22556.72480694044,1.485541391226347,9
2020-11-03 01:41:59.523330,2020-11-03 02:41:59.523330,2020-11-03 05:41:59.523330,-1,MOMENTUM,RED,DOWN,39.155167826664545,-32.92403563596321,25.87291054933675,356.2438025956561,31844.86228237275,32792.334314326785,True,True,True,False,True,31729.803234765237,31729.803234765237,26742.38999842605,31344.075218814694,TSL,0.002,2697.0332749550453,63.45960646953048,0.15,1.485541391226347,65.57376271159225,6.364998528893907,59.208764182698346,22556.72480694044,22615.93357112314,1.2269524605071873,4
2020-11-03 20:41:59.523330,2020-11-03 21:41:59.523330,2020-11-04 00:41:59.523330,-1,MOMENTUM,GREEN,DOWN,47.83386179137943,-2.0309868007695684,11.957929937108227,263.8193412043436,31738.16601128962,32569.364606712974,True,False,True,False,True,31629.042055460588,31629.042055460588,27935.57127859978,31163.434275709194,TSL,0.002,2688.46857471415,63.258084110921175,0.15,1.2269524605071873,79.1533225577369,6.344785836325394,72.8085367214115,22615.93357112314,22688.74210784455,0.9089677513529607,4
2020-11-04 08:41:59.523330,2020-11-04 09:41:59.523330,2020-11-04 17:41:59.523330,-1,REVERSAL,RED,DOWN,40.847759674923516,10.534878830796274,11.447380867720923,332.10183577499777,31712.196564039357,32479.36881116819,True,True,True,True,True,31258.69716696896,31258.69716696896,26609.27146611899,30782.10099374492,TSL,0.002,2656.9892591923617,62.51739433393792,0.15,0.9089677513529607,81.0213494480867,6.270494651693974,74.75085479639272,22688.74210784455,22763.492962640943,0.5825001434073361,9
2020-11-06 19:41:59.523330,2020-11-06 20:41:59.523330,2020-11-07 02:41:59.523330,-1,MOMENTUM,GREEN,DOWN,42.96780660298357,-3.898723048583946,20.25136854100312,294.34456702634725,28204.82000085453,30581.757169372147,True,False,True,False,True,27414.141379222678,27414.141379222678,23293.317440853818,27234.34872981463,TSL,0.002,2330.2020172339276,54.828282758445354,0.15,0.5825001434073361,30.56475039936839,5.4992767606720685,25.06547363869632,22763.492962640943,22788.55843627964,0.47302895082848573,7
2020-11-07 11:41:59.523330,2020-11-07 12:41:59.523330,2020-11-07 17:41:59.523330,-1,REVERSAL,RED,DOWN,65.1748445576365,194.53516885733424,30.853293768610154,368.3082861508912,28144.566954320944,30216.8897699999,True,True,True,True,True,28777.25096904044,28777.25096904044,23620.934962927964,28777.25096904044,SL,0.002,2446.0663323684375,57.55450193808088,0.15,0.47302895082848573,-0.0,5.772716544389512,-5.772716544389512,22788.55843627964,22782.78571973525,0.4982407690308135,6
2020-11-08 02:41:59.523330,2020-11-08 03:41:59.523330,2020-11-08 04:41:59.523330,-1,MOMENTUM,RED,DOWN,42.379415611953,-29.644388174362064,21.63998300274976,311.93232298170796,28557.77732896495,30029.93326793172,True,True,True,False,True,28505.712068332454,28961.803461425774,24138.65954658854,28961.803461425774,SL,0.002,2422.9855258082584,57.01142413666491,0.15,0.4982407690308135,-77.53553682586444,5.718245840907491,-83.25378266677193,22782.78571973525,22699.531937068477,0.8618441465932332,2
2020-11-09 00:41:59.523330,2020-11-09 01:41:59.523330,2020-11-09 09:41:59.523330,1,MOMENTUM,GREEN,UP,65.22626820261672,11.116986149674347,17.70100546056736,284.99123389217027,29051.850553717006,29922.951934860732,True,True,True,False,True,30152.24807742254,30152.24807742254,34142.125351912924,30451.64993712845,TSL,0.002,2562.941086580916,60.30449615484508,0.15,0.8618441465932332,50.89831615000491,6.048540964330963,44.84977518567394,22699.531937068477,22744.38171225415,0.6659668036297546,9
2020-11-10 19:41:59.523330,2020-11-10 20:41:59.523330,2020-11-11 09:41:59.523330,1,REVERSAL,GREEN,UP,48.83725605150043,-108.4741777926487,15.74045382931839,374.44844519007023,30819.387434903005,30350.22852227099,True,True,True,True,True,30869.30394762291,30869.30394762291,36111.58218028389,31832.28375984358,TSL,0.002,2623.8908355479475,61.73860789524582,0.15,0.6659668036297546,163.70656807751396,6.1923823718931565,157.51418570562083,22744.38171225415,22901.895897959774,0.0,14
2020-11-12 15:41:59.523330,2020-11-12 16:41:59.523330,2020-11-13 01:41:59.523330,1,MOMENTUM,RED,UP,66.17748623704179,20.832762549420863,17.497278363128547,383.9133335958228,32138.857320953794,31053.703712537652,True,True,True,False,True,33399.340219377416,33399.340219377416,38774.12688971894,34346.792467116604,TSL,0.002,2838.9439186470804,66.79868043875483,0.15,0.0,161.06688211566185,6.69990764800711,154.36697446765473,22901.895897959774,23056.26287242743,0.0,10
2020-11-13 16:41:59.523330,2020-11-13 17:41:59.523330,2020-11-14 01:41:59.523330,1,REVERSAL,GREEN,UP,31.43463697206259,-337.96270879728263,46.630143343803844,407.77129255108457,32776.951727787746,31531.29153872423,True,True,True,True,True,31588.79851766682,31588.79851766682,37297.596613382004,32288.854477291177,TSL,0.002,2685.0478740016797,63.17759703533364,0.15,0.0,119.00951313614092,6.336712982643965,112.67280015349695,23056.26287242743,23168.935672580927,0.0,9
2020-11-14 04:41:59.523330,2020-11-14 05:41:59.523330,2020-11-14 07:41:59.523330,-1,MOMENTUM,RED,DOWN,34.00639658711688,-12.954811858992684,29.112166541977302,343.95567938718733,32344.987306353134,31547.915180706157,True,True,True,False,True,31175.708266496025,31674.51959875996,26360.328755075403,31674.51959875996,SL,0.002,2649.9352026521624,62.351416532992054,0.15,0.0,-84.79792648486921,6.253847078259104,-91.05177356312831,23168.935672580927,23077.883899017797,0.39299074782655496,3
2020-11-15 12:41:59.523330,2020-11-15 13:41:59.523330,2020-11-15 16:41:59.523330,1,MOMENTUM,GREEN,UP,67.06668504087074,22.946383538296743,22.477885441278836,350.05624959336103,32864.93834140563,32022.77223169492,True,True,True,False,True,33892.549237526495,33892.549237526495,38793.33673183355,34338.300562692006,TSL,0.002,2880.866685189752,67.78509847505299,0.15,0.39299074782655496,75.77772527813687,6.798845377047815,68.97887990108904,23077.883899017797,23146.862778918887,0.0952693467406957,4
2020-11-15 20:41:59.523330,2020-11-15 21:41:59.523330,2020-11-16 00:41:59.523330,1,MOMENTUM,GREEN,UP,62.312538388147395,1.8456546431140737,16.99015570342727,291.2693747365883,33202.634694097185,32163.095719919205,True,False,True,False,True,34026.40182135304,33481.9793922114,38104.17306766528,33481.9793922114,SL,0.002,2892.244154815009,68.0528036427061,0.15,0.0952693467406957,-92.55181295407995,6.825696205363422,-99.37750915944336,23146.862778918887,23047.485269759443,0.5241950020397903,4
2020-11-16 04:41:59.523330,2020-11-16 05:41:59.523330,2020-11-16 16:41:59.523330,1,REVERSAL,GREEN,UP,46.160972908861154,-115.38263591054883,14.800557189846568,309.2974309230396,33299.87645068596,32282.023468665622,True,True,True,True,True,33678.44542001512,33678.44542001512,38008.60945293768,36661.20494904388,TSL,0.002,2862.6678607012855,67.35689084003025,0.15,0.5241950020397903,507.06911993488876,6.755896151255033,500.31322378363376,23047.485269759443,23547.798493543076,0.0,12
2020-11-16 22:41:59.523330,2020-11-16 23:41:59.523330,2020-11-17 02:41:59.523330,1,MOMENTUM,RED,UP,68.65694436518613,4.276059007517574,35.261593484084614,357.53056579440675,34507.3201343489,32868.16412873504,True,False,True,False,True,36707.413100655656,36120.094491045165,41712.84102177735,36120.094491045165,SL,0.002,3120.130113555731,73.41482620131131,0.15,0.0,-99.84416363378347,7.3635070679915255,-107.20767070177499,23547.798493543076,23440.590822841303,0.45527683078810977,4
2020-11-17 11:41:59.523330,2020-11-17 12:41:59.523330,2020-11-17 20:41:59.523330,1,REVERSAL,GREEN,UP,44.83571948999526,-238.554705549092,30.678862318081034,453.2223931682697,34831.639000865674,33136.48618155769,True,True,True,True,True,34812.78756453689,34812.78756453689,41157.901068892665,36047.601427560905,TSL,0.002,2959.0869429856357,69.62557512907378,0.15,0.45527683078810977,209.91835671408234,6.983445185446101,202.93491152863623,23440.590822841303,23643.525734369938,0.0,9
2020-11-18 10:41:59.523330,2020-11-18 11:41:59.523330,2020-11-18 12:41:59.523330,1,REVERSAL,GREEN,UP,49.01909148751042,-104.61744066378486,20.852999817230078,393.1140576493368,34956.183270843445,33572.102226379626,True,True,True,True,True,34667.70894573035,34113.02560259867,40171.30575282107,34113.02560259867,SL,0.002,2946.75526038708,69.33541789146071,0.15,0.0,-94.29616833238637,6.954342414513509,-101.25051074689989,23643.525734369938,23542.275223623037,0.4282377843492076,2
2020-11-18 17:41:59.523330,2020-11-18 18:41:59.523330,2020-11-18 20:41:59.523330,1,REVERSAL,GREEN,UP,40.50869169570486,-123.1150267324191,30.123472206424047,369.89600049180206,34642.697155930626,33562.628251901486,True,True,True,True,True,33902.186565842334,33359.751580788856,39080.73057272756,33359.751580788856,SL,0.002,2881.6858580965986,67.80437313168467,0.15,0.4282377843492076,-92.2139474590913,6.800778625107973,-99.01472608419927,23542.275223623037,23443.26049753884,0.8470193450885337,3
2020-11-19 02:41:59.523330,2020-11-19 03:41:59.523330,2020-11-19 08:41:59.523330,1,MOMENTUM,RED,UP,56.74741197747427,26.836932258665513,28.41657397686425,338.3072629270739,34210.05703929795,33559.23043720952,True,True,True,False,True,33890.54481092172,33890.54481092172,38626.84649190075,34099.517847971845,TSL,0.002,2880.696308928346,67.78108962184344,0.15,0.8470193450885337,35.52541629852167,6.798443289070897,28.72697300945077,23443.26049753884,23471.98747054829,0.7255189676397821,6
2020-11-20 04:41:59.523330,2020-11-20 05:41:59.523330,2020-11-20 13:41:59.523330,-1,MOMENTUM,GREEN,DOWN,34.10738178374842,-48.47283787101034,13.59355769994165,461.4624226232766,33896.28848503435,33593.04031494246,True,True,True,False,True,32585.000748156257,32585.000748156257,26124.526831430383,32312.870014690314,TSL,0.002,2769.7250635932814,65.17000149631251,0.15,0.7255189676397821,46.26222468921034,6.536551150080145,39.7256735391302,23471.98747054829,23511.713144087422,0.5574997221793515,9
2020-11-22 04:41:59.523330,2020-11-22 05:41:59.523330,2020-11-22 09:41:59.523330,1,MOMENTUM,RED,UP,67.4667727884242,12.996952614369576,18.58120419546373,331.6950250350664,34603.395566141815,34046.92320787047,True,True,True,False,True,35599.43998950408,35599.43998950408,40243.170339995006,36106.25655906964,TSL,0.002,3025.9523991078468,71.19887997900815,0.15,0.5574997221793515,86.15881682614562,7.141247661894518,79.01756916425111,23511.713144087422,23590.730713251673,0.22329588958688376,5
2020-11-22 23:41:59.523330,2020-11-23 00:41:59.523330,2020-11-23 04:41:59.523330,1,REVERSAL,GREEN,UP,49.60932426272138,-60.587958008584195,16.95710228876947,423.85615123042334,35182.53907638407,34291.30688503633,True,True,True,True,True,35413.476636452644,35413.476636452644,41347.46275367857,36783.47766497442,TSL,0.002,3010.1455140984745,70.82695327290529,0.15,0.22329588958688376,232.90017484870253,7.1039434132724,225.79623143543012,23590.730713251673,23816.526944687103,0.0,5
2020-11-24 20:41:59.523330,2020-11-24 21:41:59.523330,2020-11-25 05:41:59.523330,1,REVERSAL,GREEN,UP,44.39111610047819,-116.56837881405798,15.212789475981793,356.16540151435953,36772.18045917581,35362.88954453893,True,True,True,True,True,36815.00790715674,36815.00790715674,41801.323528357774,36815.00790715674,SL,0.002,3129.275672108323,73.63001581431348,0.15,0.0,0.0,7.385090586175643,-7.385090586175643,23816.526944687103,23809.141854100926,0.03100825995044509,9
2020-11-25 11:41:59.523330,2020-11-25 12:41:59.523330,2020-11-25 16:41:59.523330,1,REVERSAL,GREEN,UP,44.00035917525357,-73.06299766018975,24.801110469890375,267.6334495159736,36647.499169596755,35484.884752190905,True,True,True,True,True,36104.58789196811,36104.58789196811,39851.456185191746,36546.52791346438,TSL,0.002,3068.88997081729,72.20917578393623,0.15,0.03100825995044509,75.12980365436525,7.242580331128805,67.88722332323644,23809.141854100926,23877.029077424162,0.0,5
2020-11-25 22:41:59.523330,2020-11-25 23:41:59.523330,2020-11-26 04:41:59.523330,1,REVERSAL,GREEN,UP,58.57581879433989,23.309596483665246,19.436668432763042,360.2892864982527,36526.499672658094,35605.520482391046,True,True,True,True,True,36507.5620349444,36507.5620349444,41551.61204591994,36854.98067833142,TSL,0.002,3103.142772970274,73.0151240698888,0.15,0.0,59.0611693757934,7.323416944209847,51.737752431583544,23877.029077424162,23928.766829855747,0.0,6
2020-11-26 22:41:59.523330,2020-11-26 23:41:59.523330,2020-11-27 10:41:59.523330,1,MOMENTUM,RED,UP,65.05217670547684,7.669630574439054,24.27435728468391,299.43653795640756,37077.125254313505,36013.43100608085,True,True,True,False,True,38173.757497744846,38173.757497744846,42365.869029134556,41225.99614537968,TSL,0.002,3244.7693873083117,76.34751499548969,0.15,0.0,518.8805700979216,7.6576557540476164,511.2229143438739,23928.766829855747,24439.98974419962,0.0,12
2020-11-28 09:41:59.523330,2020-11-28 10:41:59.523330,2020-11-28 13:41:59.523330,1,MOMENTUM,RED,UP,70.11848047916028,8.058671965740132,31.272924138604722,564.5688749929195,40352.73265441696,37722.79687305573,True,True,True,False,True,43177.0398274786,43177.0398274786,51081.004077379475,44108.33978163199,TSL,0.001,1835.0241926678407,43.1770398274786,0.15,0.0,79.16049610303845,4.330657094696104,74.82983900834235,24439.98974419962,24514.819583207965,0.0,4
2020-11-29 02:41:59.523330,2020-11-29 03:41:59.523330,2020-11-29 06:41:59.523330,1,REVERSAL,GREEN,UP,39.29564575731253,-265.1979190552494,23.75842213140723,469.837186277659,41375.32088800433,38350.106316014804,True,True,True,True,True,41243.882748048665,40583.980624079886,47821.60335593589,40583.980624079886,SL,0.002,3505.730033584137,82.48776549609734,0.15,0.0,-112.18336107469246,8.273522879258563,-120.45688395395102,24514.819583207965,24394.362699254016,0.49136353439231367,4
2020-11-29 09:41:59.523330,2020-11-29 10:41:59.523330,2020-11-29 13:41:59.523330,1,REVERSAL,GREEN,UP,34.450233157197516,-205.9558071610712,34.817448371084815,359.55937665692346,41231.53658045302,38499.602615105665,True,True,True,True,True,40678.34601796417,40027.492481676745,45712.1772911611,40027.492481676745,SL,0.002,3457.659411526955,81.35669203592835,0.15,0.49136353439231367,-110.64510116886217,8.160076211203613,-118.80517738006577,24394.362699254016,24275.55752187395,0.9759894847356068,4
2020-11-30 00:41:59.523330,2020-11-30 01:41:59.523330,2020-11-30 12:41:59.523330,1,REVERSAL,GREEN,UP,47.92898313122634,-17.436208041507257,31.674645984949315,470.7524767319083,40458.860517720015,38655.94067007167,True,True,True,True,True,39636.880528417474,39636.880528417474,46227.41520266419,40145.4361801456,TSL,0.002,3369.1348449154857,79.27376105683496,0.15,0.9759894847356068,86.45446079378199,7.951158234000546,78.50330255978143,24275.55752187395,24354.06082443373,0.6557615414161575,12
2020-12-02 10:41:59.523330,2020-12-02 11:41:59.523330,2020-12-02 16:41:59.523330,-1,MOMENTUM,RED,DOWN,17.584027571840252,-30.26811705925593,49.932049049922526,366.54327706314547,36006.7866620886,37554.28776901541,True,True,True,False,True,32565.04238355116,32565.04238355116,27433.436504667123,31961.91915251298,TSL,0.002,2768.0286026018484,65.13008476710232,0.15,0.6557615414161575,102.53094927649094,6.532547502140362,95.99840177435057,24354.06082443373,24450.059226208083,0.26416819744511605,6
2020-12-04 04:41:59.523330,2020-12-04 05:41:59.523330,2020-12-04 13:41:59.523330,-1,MOMENTUM,GREEN,DOWN,40.335434082652824,-8.4638310142021,17.37223539963651,297.04060443501135,32684.963368159843,35538.00540452968,True,True,True,False,True,31228.21917136041,31228.21917136041,27069.650709270252,30486.708006832392,TSL,0.002,2654.398629565635,62.45643834272082,0.15,0.26416819744511605,126.05689796976331,6.2643807657748996,119.79251720398842,24450.059226208083,24569.85174341207,0.0,9
2020-12-05 02:41:59.523330,2020-12-05 03:41:59.523330,2020-12-05 08:41:59.523330,-1,MOMENTUM,GREEN,DOWN,37.95593148681661,-0.2570928114872686,24.602095218195736,295.1836462569181,31509.432993981336,34654.54373135248,True,False,True,False,True,30408.19907070964,30408.19907070964,26275.62802311279,29625.332872933133,TSL,0.002,2584.69692101032,60.816398141419285,0.15,0.0,133.08725362200633,6.099884733584355,126.98736888842197,24569.85174341207,24696.83911230049,0.0,6
2020-12-05 17:41:59.523330,2020-12-05 18:41:59.523330,2020-12-05 20:41:59.523330,-1,MOMENTUM,GREEN,DOWN,28.93268970949181,-17.817097815826685,30.325376536131156,285.98846882745437,30567.487124774438,33876.65589097592,True,True,True,False,True,29067.780273150696,29532.864757521107,25063.941709566334,29532.864757521107,SL,0.002,2470.761323217809,58.13556054630139,0.15,0.0,-79.06436234296983,5.83099672279403,-84.89535906576386,24696.83911230049,24611.943753234726,0.34374989722260746,3
2020-12-06 04:41:59.523330,2020-12-06 05:41:59.523330,2020-12-06 07:41:59.523330,-1,REVERSAL,RED,DOWN,64.35027243388771,167.6115469870429,23.992567057056775,295.645679230346,30341.621795166357,33470.3775582467,True,True,True,True,True,30604.525391957275,30604.525391957275,26465.48588273243,30460.277340826004,TSL,0.002,2601.384658316368,61.20905078391455,0.15,0.34374989722260746,24.522168692316157,6.1392677936266296,18.382900898689527,24611.943753234726,24630.326654133416,0.2693156717935944,3
2020-12-06 13:41:59.523330,2020-12-06 14:41:59.523330,2020-12-06 19:41:59.523330,-1,MOMENTUM,GREEN,DOWN,37.66054415554854,-28.722472163252398,18.336956329891187,344.74631965575225,30289.132766661354,33195.70063644494,True,True,True,False,True,29560.047180063797,30033.007934944817,24733.598704883265,30033.007934944817,SL,0.002,2512.604010305423,59.120094360127595,0.15,0.2693156717935944,-80.40332832977339,5.929745464320798,-86.33307379409419,24630.326654133416,24543.99358033932,0.6188870213963741,6
2020-12-06 22:41:59.523330,2020-12-06 23:41:59.523330,2020-12-07 06:41:59.523330,-1,REVERSAL,RED,DOWN,46.86803289404153,39.95478315693995,19.656613426399197,295.646670053983,30225.02058871088,32967.956950179716,True,True,True,True,True,30001.53525732341,30481.559821440584,25862.481876567646,30481.559821440584,SL,0.002,2550.13049687249,60.003070514646815,0.15,0.6188870213963741,-81.60417589991975,6.018307972619076,-87.62248387253884,24543.99358033932,24456.37109646678,0.9736793228488224,8
2020-12-07 18:41:59.523330,2020-12-07 19:41:59.523330,2020-12-07 22:41:59.523330,-1,MOMENTUM,RED,DOWN,39.38771522718163,-26.854698571059544,25.021614823526527,352.0296454113152,30569.458294580512,32579.01698812007,True,True,True,False,True,30427.133690645744,30913.967829696074,25498.71865488733,30913.967829696074,SL,0.002,2586.306363704888,60.854267381291486,0.15,0.9736793228488224,-82.76180363855612,6.103683018343537,-88.86548665689965,24456.37109646678,24367.50560980988,1.3335046683224505,4
2020-12-08 15:41:59.523330,2020-12-08 16:41:59.523330,2020-12-08 19:41:59.523330,-1,REVERSAL,RED,DOWN,63.394357263930466,73.87645700701287,16.933585581680525,277.6637654755197,30888.985482919074,32319.174657672855,True,True,True,True,True,31848.597250472623,31848.597250472623,27961.304533815346,31411.030140242085,TSL,0.002,2707.130766290173,63.69719450094525,0.15,1.3335046683224505,74.38640873919158,6.388828608444809,67.99758013074677,24367.50560980988,24435.503189940628,1.0581755874568692,4
2020-12-09 02:41:59.523330,2020-12-09 03:41:59.523330,2020-12-09 05:41:59.523330,-1,REVERSAL,RED,DOWN,62.379697060035994,19.136340461158454,18.123627702760192,253.37594280695922,31291.677828302378,32298.14187695785,True,True,True,True,True,32396.68380330208,32915.030744154916,28849.420604004652,32915.030744154916,SL,0.002,2753.718123280677,64.79336760660416,0.15,1.0581755874568692,-88.11897994498217,6.498774770942398,-94.61775471592456,24435.503189940628,24340.885435224704,1.4412924482246867,3
2020-12-11 05:41:59.523330,2020-12-11 06:41:59.523330,2020-12-11 07:41:59.523330,-1,MOMENTUM,RED,DOWN,29.628114460831085,-3.3000038457548726,37.98716705077132,291.01194904220426,31103.989315758317,31955.746250592943,True,False,True,False,True,29231.43745601365,29699.14045530987,25157.27016942279,29699.14045530987,SL,0.002,2484.6721837611603,58.4628749120273,0.15,1.4412924482246867,-79.50950988035736,5.863826353676338,-85.37333623403369,24340.885435224704,24255.512098990668,1.7869777233557635,2
2020-12-12 06:41:59.523330,2020-12-12 07:41:59.523330,2020-12-12 11:41:59.523330,-1,REVERSAL,RED,DOWN,62.94409136494861,186.22633949192942,24.755131981589933,276.7913145100349,29908.244068188345,31386.795908784818,True,True,True,True,True,29825.322854497525,29825.322854497525,25950.244451357037,29676.9632815647,TSL,0.002,2535.1524426322894,59.65064570899505,0.15,1.7869777233557635,25.221127398580467,5.982959764612204,19.238167633968263,24255.512098990668,24274.750266624636,1.7090804363932934,5
2020-12-14 02:41:59.523330,2020-12-14 03:41:59.523330,2020-12-14 09:41:59.523330,-1,REVERSAL,RED,DOWN,56.30733697035797,102.87434935381737,20.635756767491962,281.2605134251352,29627.141651623984,30791.04348961867,True,True,True,True,True,29900.495070363093,29900.495070363093,25962.847882411203,29097.797873010128,TSL,0.002,2541.542080980863,59.800990140726185,0.15,1.7090804363932934,136.4585235500041,5.9980393111148365,130.46048423888925,24274.750266624636,24405.210750863527,1.1808327377883585,7
2020-12-14 22:41:59.523330,2020-12-14 23:41:59.523330,2020-12-15 05:41:59.523330,-1,REVERSAL,RED,DOWN,62.031870947057186,87.55132982431346,26.490643304871888,323.08811279172573,29832.59833181096,30657.027444032487,True,True,True,True,True,30423.829855605924,30423.829855605924,25900.596276521763,29393.350095773912,TSL,0.002,2586.0255377265034,60.84765971121185,0.15,1.1808327377883585,175.18155917144188,6.103020269034549,169.0785389024073,24405.210750863527,24574.289289765933,0.49621662908886627,7
2020-12-15 19:41:59.523330,2020-12-15 20:41:59.523330,2020-12-16 00:41:59.523330,-1,REVERSAL,RED,DOWN,64.10193479740639,97.331635466674,21.621416582016376,264.28845894942134,29897.837924186526,30517.11977833433,True,True,True,True,True,30592.31278041115,31081.78978489773,26892.27435511925,31081.78978489773,SL,0.002,2600.346586334948,61.184625560822305,0.15,0.49621662908886627,-83.2110907627186,6.1368179437504775,-89.34790870646908,24574.289289765933,24484.941381059463,0.8579953502450048,5
2020-12-16 04:41:59.523330,2020-12-16 05:41:59.523330,2020-12-16 15:41:59.523330,-1,REVERSAL,RED,DOWN,40.54321113554189,39.2952006911093,37.642902140647294,349.42351282964245,30278.738615545506,30564.8721954821,True,True,True,True,True,30589.34072223369,31078.770173789428,25697.411542618695,31078.770173789428,SL,0.002,2600.0939613898636,61.17868144446738,0.15,0.8579953502450048,-83.2030067644754,6.136221748880078,-89.33922851335548,24484.941381059463,24395.602152546107,1.2197389244211012,11
2020-12-17 19:41:59.523330,2020-12-17 20:41:59.523330,2020-12-17 21:41:59.523330,-1,MOMENTUM,GREEN,DOWN,32.51635005645808,-5.11616789996458,24.80226368135073,212.467159191377,30139.39946016693,30452.296625616495,True,True,True,False,True,29516.29686648449,29988.55761634824,26541.75663780521,29988.55761634824,SL,0.002,2508.8852336511814,59.03259373296898,0.15,1.2197389244211012,-80.28432747683779,5.920969151416789,-86.20529662825457,24395.602152546107,24309.396855917854,1.568792891352919,2
2020-12-18 05:41:59.523330,2020-12-18 06:41:59.523330,2020-12-18 10:41:59.523330,-1,MOMENTUM,GREEN,DOWN,31.5231301114612,-10.271768029535053,20.715607163775587,394.93754478301145,30054.965569442058,30385.48279951599,True,True,True,False,True,28944.429879025127,28944.429879025127,23415.304252062968,28064.88043717189,TSL,0.002,2460.2765397171356,57.88885975805025,0.15,1.568792891352919,149.52340511505017,5.806252633732441,143.71715248131773,24309.396855917854,24453.11400839917,0.9868676019350641,5
2020-12-21 00:41:59.523330,2020-12-21 01:41:59.523330,2020-12-21 08:41:59.523330,-1,REVERSAL,RED,DOWN,59.81799033967809,60.44137861449073,16.866309202326505,247.08140043353734,26445.45579370274,28329.529519558724,True,True,True,True,True,26836.64712229372,26836.64712229372,23377.5075162242,26248.063986716505,TSL,0.003,3421.6725080924493,80.50994136688116,0.15,0.9868676019350641,150.08869957219034,8.075147119098181,142.01355245309216,24453.11400839917,24595.127560852263,0.41184036137470736,8
2020-12-22 07:41:59.523330,2020-12-22 08:41:59.523330,2020-12-22 18:41:59.523330,-1,REVERSAL,RED,DOWN,47.31514198519886,95.5019460678416,22.2598377325686,256.37047970656704,25850.30884279743,27644.316445165066,True,True,True,True,True,25474.42872246957,25474.42872246957,21885.24200657763,24082.62733078163,TSL,0.003,3247.98966211487,76.4232861674087,0.15,0.41184036137470736,354.9093548804245,7.665255602591094,347.2440992778334,24595.127560852263,24942.371660130095,0.0,11
2020-12-24 06:41:59.523330,2020-12-24 07:41:59.523330,2020-12-24 09:41:59.523330,-1,MOMENTUM,RED,DOWN,31.99100861308696,-29.130931360265933,24.8116694737042,244.9263642565462,23949.133563517335,26112.132786931226,True,True,True,False,True,23245.69542984686,23617.626556724408,19816.726330255213,23617.626556724408,SL,0.003,2963.826167305475,69.73708628954058,0.15,0.0,-94.84243735377503,6.994629754840921,-101.83706710861595,24942.371660130095,24840.53459302148,0.40828943011622465,3
2020-12-25 11:41:59.523330,2020-12-25 12:41:59.523330,2020-12-25 17:41:59.523330,-1,REVERSAL,RED,DOWN,54.88169705639197,93.15915569835501,19.48136521187312,199.41647568955577,23297.4743990778,25354.84411419642,True,True,True,True,True,23214.61312085504,23214.61312085504,20422.78246120126,22463.37395351281,TSL,0.003,2959.8631729090175,69.64383936256512,0.15,0.40828943011622465,191.56598767226816,6.985277088065281,184.58071058420288,24840.53459302148,25025.115303605682,0.0,6
2020-12-26 03:41:59.523330,2020-12-26 04:41:59.523330,2020-12-26 08:41:59.523330,-1,MOMENTUM,GREEN,DOWN,40.841324695726556,-0.9404158299049499,14.745032297238184,195.99290085767126,22985.258587424585,24926.49223132197,True,False,True,False,True,22389.027503483056,22389.027503483056,19645.12689147566,21977.11736120035,TSL,0.003,2854.6010066940894,67.16708251044916,0.15,0.0,105.03708628208962,6.736858375798052,98.30022790629157,25025.115303605682,25123.415531511975,0.0,5
2020-12-27 02:41:59.523330,2020-12-27 03:41:59.523330,2020-12-27 10:41:59.523330,-1,REVERSAL,RED,DOWN,56.59925270550012,63.703869419625846,15.941552318076006,175.8434217437933,22609.13157112433,24377.750564333066,True,True,True,True,True,22659.136912634604,22659.136912634604,20197.329008221495,22015.549905025713,TSL,0.003,2889.039956360912,67.97741073790381,0.15,0.0,164.11468694026706,6.818134297011752,157.29655264325532,25123.415531511975,25280.71208415523,0.0,8
2020-12-28 18:41:59.523330,2020-12-28 19:41:59.523330,2020-12-29 00:41:59.523330,-1,MOMENTUM,GREEN,DOWN,28.137344697767176,-2.1164550432904434,33.466965045158304,193.02844685723502,21158.29532258983,23243.04507491184,True,False,True,False,True,19987.590073871317,20307.39151505326,17285.191817870025,20307.39151505326,SL,0.004,3397.8903125581237,79.95036029548527,0.15,0.0,-108.73249000186036,8.019021137637173,-116.75151113949752,25280.71208415523,25163.960573015735,0.46182050074717346,6
2020-12-29 12:41:59.523330,2020-12-29 13:41:59.523330,2020-12-29 18:41:59.523330,-1,REVERSAL,RED,DOWN,55.603740016257824,108.00832258382775,24.233018952461887,255.3814876853295,20789.781835923077,22761.93675810522,True,True,True,True,True,20839.465263509177,21172.896707725326,17264.124435914564,21172.896707725326,SL,0.004,3542.70909479656,83.3578610540367,0.15,0.46182050074717346,-113.3666910334905,8.360793463719881,-121.72748449721038,25163.960573015735,25042.233088518526,0.9433238859841029,6
2020-12-30 03:41:59.523330,2020-12-30 04:41:59.523330,2020-12-30 06:41:59.523330,-1,REVERSAL,RED,DOWN,57.177795099569344,50.470666375590156,43.012280953754086,238.50410905230063,21187.109372126917,22658.851999917708,True,True,True,True,True,21939.55718897272,21939.55718897272,18600.499662240512,21794.63436319749,TSL,0.004,3729.7247221253624,87.75822875589088,0.15,0.9433238859841029,49.2737607635792,8.802150344215857,40.47161041936334,25042.233088518526,25082.70469893789,0.7832349997033616,3
2021-01-01 04:41:59.523330,2021-01-01 05:41:59.523330,2021-01-01 16:41:59.523330,-1,REVERSAL,RED,DOWN,59.813401132442095,114.431219448735,30.758428940610486,197.10410723533857,20932.779487986223,22000.52804328453,True,True,True,True,True,21153.98651082462,21492.450294997812,18394.52900952988,21492.450294997812,SL,0.004,3596.1777068401852,84.61594604329848,0.15,0.7832349997033616,-115.07768661888556,8.486979388142839,-123.56466600702839,25082.70469893789,24959.140032930864,1.2720055121624294,12
2021-01-01 18:41:59.523330,2021-01-01 19:41:59.523330,2021-01-02 01:41:59.523330,-1,MOMENTUM,GREEN,DOWN,44.07459215230675,-18.60434638001513,17.415893414175073,218.6629184902382,21090.741544573262,21913.14140643641,True,True,True,False,True,21229.51978294466,21569.192099471773,18168.238924081325,21569.192099471773,SL,0.004,3609.018363100592,84.91807913177864,0.15,1.2720055121624294,-115.48858761921882,8.517283336917398,-124.0058709561362,24959.140032930864,24835.13416197473,1.7625212482039607,7
2021-01-02 04:41:59.523330,2021-01-02 05:41:59.523330,2021-01-02 08:41:59.523330,-1,REVERSAL,RED,DOWN,63.339023580662285,50.42080128207881,25.655487642785342,189.30818008388448,21229.09738681837,21878.768472367792,True,True,True,True,True,21903.538698830256,21903.538698830256,19253.224177655873,21536.69190738805,TSL,0.004,3723.6015788011437,87.61415479532103,0.15,1.7625212482039607,124.72790909035044,8.7876997259707,115.94020936437974,24835.13416197473,24951.07437133911,1.3039099204121056,4
2021-01-02 19:41:59.523330,2021-01-02 20:41:59.523330,2021-01-03 01:41:59.523330,1,MOMENTUM,GREEN,UP,59.32707092602142,2.6591200875511873,17.402145451940235,227.7408775955343,21415.917296261607,21856.383470541212,True,False,True,False,True,21948.231302628705,21597.059601786645,25136.603588966183,21597.059601786645,SL,0.004,3731.19932144688,87.79292521051482,0.15,1.3039099204121056,-119.39837828630044,8.805630398614637,-128.20400868491507,24951.07437133911,24822.870362654194,1.8110317461666419,6
2021-01-03 12:41:59.523330,2021-01-03 13:41:59.523330,2021-01-03 15:41:59.523330,1,MOMENTUM,GREEN,UP,63.91526014638827,12.839745105196151,12.7245231387771,190.4563093368383,21557.782948586268,21849.266930828577,True,True,True,False,True,22157.359506566227,22157.359506566227,24823.747837281964,22363.440180295845,TSL,0.003,2825.063337087194,66.47207851969868,0.15,1.8110317461666419,52.55057180105281,6.667149475525778,45.883422325527036,24822.870362654194,24868.75378497972,1.6295359790664623,3
2021-01-03 20:41:59.523330,2021-01-03 21:41:59.523330,2021-01-04 01:41:59.523330,-1,MOMENTUM,RED,DOWN,38.310619515137624,-17.248036686921566,18.745487291910223,223.55539042731215,21700.650435200998,21850.760839553102,True,True,True,False,True,21625.624147737974,21971.63413410178,18495.848681755604,21971.63413410178,SL,0.004,3676.3561051154556,86.50249659095189,0.15,1.6295359790664623,-117.64339536369407,8.676200408072475,-126.31959577176654,24868.75378497972,24742.434189207954,2.129203849778603,5
2021-01-04 02:41:59.523330,2021-01-04 03:41:59.523330,2021-01-04 07:41:59.523330,1,MOMENTUM,GREEN,UP,67.2759385068418,5.499520571284322,19.278350707780966,197.4653337126587,21738.261453704024,21866.4639187811,True,True,True,False,True,22405.681569428118,22405.681569428118,25170.196241405338,23064.052775096716,TSL,0.003,2856.724400102085,67.21704470828435,0.15,2.129203849778603,167.8846574454925,6.74186958424092,161.14278786125158,24742.434189207954,24903.576977069206,1.4917898903741569,5
2021-01-05 05:41:59.523330,2021-01-05 06:41:59.523330,2021-01-05 09:41:59.523330,1,MOMENTUM,GREEN,UP,56.31303114610049,1.6423533174949085,14.185285636681602,233.16775455194832,22286.096304653183,22064.22257710982,True,False,True,False,True,22505.104442388205,22505.104442388205,25769.45300611548,22778.702518049296,TSL,0.003,2869.4008164044963,67.51531332716462,0.15,1.4917898903741569,69.76750929357836,6.771785926714611,62.99572336686374,24903.576977069206,24966.57270043607,1.2426049656886393,4
2021-01-07 04:41:59.523330,2021-01-07 05:41:59.523330,2021-01-07 07:41:59.523330,-1,MOMENTUM,GREEN,DOWN,40.044989340445255,-7.218231552522191,12.249607167994474,216.88526775706322,21635.78765087459,21852.120010907664,True,True,True,False,True,21452.38177119293,21452.38177119293,18415.988022594043,21333.674045945343,TSL,0.004,3646.904901102798,85.80952708477172,0.15,1.2426049656886393,40.36062658417941,8.606695566602603,31.753931017576807,24966.57270043607,24998.32663145365,1.1169995993845792,3
2021-01-08 08:41:59.523330,2021-01-08 09:41:59.523330,2021-01-08 13:41:59.523330,-1,MOMENTUM,RED,DOWN,34.51284273862544,-0.8833448351816671,17.251076817155848,200.1933059074714,21539.877679351823,21761.064446219523,True,False,True,False,True,21245.782542320398,21585.715062997522,18443.0762596158,21585.715062997522,SL,0.004,3611.7830321944675,84.9831301692816,0.15,1.1169995993845792,-115.57705703022235,8.523807955978945,-124.1008649862013,24998.32663145365,24874.225766467447,1.6078910923658314,5
2021-01-09 22:41:59.523330,2021-01-09 23:41:59.523330,2021-01-10 04:41:59.523330,1,REVERSAL,GREEN,UP,44.34719973028694,-81.01558159076288,20.231212584621876,193.96447603116962,22372.143192727337,22041.36549027984,True,True,True,True,True,22697.242480517805,22697.242480517805,25412.74514495418,23193.88702462149,TSL,0.003,2893.8984162660204,68.09172744155342,0.15,1.6078910923658314,126.64435874643966,6.8296002623878085,119.81475848405186,24874.225766467447,24994.0405249515,1.133953657038818,6
2021-01-10 20:41:59.523330,2021-01-10 21:41:59.523330,2021-01-11 02:41:59.523330,1,REVERSAL,GREEN,UP,46.2235392988493,-45.41648810725808,12.1455936968985,211.58111552102906,22628.327549474398,22193.010230695585,True,True,True,True,True,22791.581716916106,22426.916409445446,25753.717334210512,22426.916409445446,SL,0.003,2905.926668906804,68.37474515074832,0.15,1.133953657038818,-92.98965340501809,6.857986938620058,-99.84764034363815,24994.0405249515,24894.19288460786,1.5289094637078067,6
2021-01-11 07:41:59.523330,2021-01-11 08:41:59.523330,2021-01-11 09:41:59.523330,1,MOMENTUM,GREEN,UP,52.888531235619936,5.88435797111773,12.002505421221104,195.5708222445688,22650.426568566774,22232.00999615332,True,True,True,False,True,22754.29320961344,22390.224518259623,25492.284721037402,22390.224518259623,SL,0.003,2901.172384225714,68.26287962884032,0.15,1.5289094637078067,-92.837516295223,6.846766826772685,-99.68428312199569,24894.19288460786,24794.508601485864,1.9232190970368144,2
2021-01-14 03:41:59.523330,2021-01-14 04:41:59.523330,2021-01-14 07:41:59.523330,-1,MOMENTUM,GREEN,DOWN,37.10886786697328,-5.488802854278873,19.960955481507792,181.44536490568444,20151.592637175458,21294.401939468204,True,True,True,False,True,19393.54876853055,19703.845548827037,16853.313659850966,19703.845548827037,SL,0.004,3296.9032906501934,77.5741950741222,0.15,1.9232190970368144,-105.50090530080612,7.780691765934457,-113.28159706674057,24794.508601485864,24681.227004419125,2.3713140584826964,4
2021-01-14 09:41:59.523330,2021-01-14 10:41:59.523330,2021-01-14 14:41:59.523330,-1,REVERSAL,RED,DOWN,41.51188895032848,24.467652990236758,17.566128213948993,200.4384845185637,20030.17162365518,21154.515662651625,True,True,True,True,True,19325.499685092454,19325.499685092454,16519.360901832562,18882.17686300523,TSL,0.004,3285.3349464657176,77.30199874036983,0.15,2.3713140584826964,150.72975950965687,7.753390473659094,142.9763690359978,24681.227004419125,24824.203373455122,1.8057589089281523,5
2021-01-14 23:41:59.523330,2021-01-15 00:41:59.523330,2021-01-15 07:41:59.523330,-1,REVERSAL,RED,DOWN,69.40711823602078,142.07781691411407,31.86363517779589,199.46163953540827,19959.1581648035,21030.7664355899,True,True,True,True,True,20259.67875465397,20259.67875465397,17467.215801158254,19552.736347641283,TSL,0.004,3444.145388291175,81.03871501861589,0.15,1.8057589089281523,240.3604183843139,8.128183116367174,232.23223526794675,24824.203373455122,25056.43560872307,0.8871446131959532,8
2021-01-15 15:41:59.523330,2021-01-15 16:41:59.523330,2021-01-15 20:41:59.523330,-1,MOMENTUM,RED,DOWN,37.289578405830824,-22.7018426091771,21.761665989210496,218.61228284691308,19915.50292501675,20844.429901976357,True,True,True,False,True,19654.972443027287,19969.452002115722,16594.400483170502,19969.452002115722,SL,0.004,3341.345315314639,78.61988977210915,0.15,0.8871446131959532,-106.92305009006792,7.885574944142548,-114.80862503421046,25056.43560872307,24941.62698368886,1.3412798632317546,5
2021-01-16 08:41:59.523330,2021-01-16 09:41:59.523330,2021-01-16 13:41:59.523330,-1,MOMENTUM,RED,DOWN,42.21327226917586,-17.47926973503924,18.101975094087365,167.09758839714746,20007.221264841126,20688.969831242943,True,True,True,False,True,19798.484260722515,19798.484260722515,17459.11802316245,19276.549003611464,TSL,0.004,3365.7423243228272,79.19393704289006,0.15,1.3412798632317546,177.4579874177571,7.943151885401873,169.51483553235525,24941.62698368886,25111.141819221215,0.6707495594647239,5
2021-01-17 17:41:59.523330,2021-01-17 18:41:59.523330,2021-01-17 21:41:59.523330,-1,REVERSAL,RED,DOWN,72.21024037073431,153.7130641192948,47.506017790742035,175.11465246369065,19662.606687211206,20386.897719308163,True,True,True,True,True,20431.77604507959,20431.77604507959,17980.17091058792,20148.817015532743,TSL,0.004,3473.4019276635304,81.72710418031836,0.15,0.6707495594647239,96.20607004592827,8.197228549285931,88.00884149664233,25111.141819221215,25199.150660717856,0.32262312535292104,4
2021-01-18 20:41:59.523330,2021-01-18 21:41:59.523330,2021-01-19 08:41:59.523330,1,MOMENTUM,RED,UP,74.01266745427024,21.80422158011956,24.089965650932115,198.76595065357964,20373.433618631545,20486.56149865236,True,True,True,False,True,21450.4218195066,21107.215070394494,24233.145128656713,21107.215070394494,SL,0.004,3646.5717093161215,85.80168727802639,0.15,0.32262312535292104,-116.69029469811576,8.605909233986047,-125.2962039321018,25199.150660717856,25073.854456785753,0.8182428828779972,12
2021-01-19 10:41:59.523330,2021-01-19 11:41:59.523330,2021-01-19 15:41:59.523330,1,REVERSAL,GREEN,UP,48.71575931521606,-72.91401721763683,19.661955246227816,172.49357777636638,20743.13199775782,20567.99365994003,True,True,True,True,True,21118.498215632702,21118.498215632702,23533.40830450183,21648.87094666314,TSL,0.004,3590.1446966575595,84.4739928625308,0.15,0.8182428828779972,180.3267285503491,8.47274148411184,171.85398706623724,25073.854456785753,25245.708443851992,0.13845986690057566,5
2021-01-20 06:41:59.523330,2021-01-20 07:41:59.523330,2021-01-20 09:41:59.523330,1,MOMENTUM,RED,UP,55.255925745528536,11.763774229495326,21.44225786026694,179.07726499250776,20749.275444228275,20595.824049412768,True,True,True,False,True,20793.180496869383,20793.180496869383,23300.26220676449,21273.32518883121,TSL,0.004,3534.840684467795,83.17272198747753,0.15,0.13845986690057566,163.24919526702163,8.342224015343996,154.90697125167762,25245.708443851992,25400.61541510367,0.0,3
2021-01-21 06:41:59.523330,2021-01-21 07:41:59.523330,2021-01-21 11:41:59.523330,1,MOMENTUM,RED,UP,64.3631302189216,4.366853026327433,16.364844281278415,222.73029030183125,21121.6846353818,20763.049664769012,True,False,True,False,True,21768.579784105343,21420.282507559656,24886.80384833098,21420.282507559656,SL,0.004,3700.658563297908,87.07431913642137,0.15,0.0,-118.4210740255336,8.733554209383064,-127.15462823491667,25400.61541510367,25273.460786868756,0.5005966436518186,5
2021-01-21 15:41:59.523330,2021-01-21 16:41:59.523330,2021-01-21 18:41:59.523330,1,MOMENTUM,GREEN,UP,57.77386751538353,0.7321836955473344,13.370818608911158,190.32287802751537,21266.66438805235,20813.694227681648,True,False,True,False,True,21605.26812852901,21259.583838472547,24269.788420914225,21259.583838472547,SL,0.004,3672.8955818499317,86.42107251411603,0.15,0.5005966436518186,-117.53265861919725,8.66803357316584,-126.20069219236309,25273.460786868756,25147.260094676392,0.9974377245861125,3
2021-01-22 02:41:59.523330,2021-01-22 03:41:59.523330,2021-01-22 08:41:59.523330,1,REVERSAL,GREEN,UP,50.54800341822962,-37.87568069761109,11.669945363905844,229.2117902980284,21286.041967562243,20892.026195967977,True,True,True,True,True,21506.1055665013,21506.1055665013,24715.070630673697,22745.47852842852,TSL,0.004,3656.0379463052213,86.0244222660052,0.15,0.9974377245861125,421.38680705525474,8.628249553280323,412.75855750197445,25147.260094676392,25560.018652178365,0.0,6
2021-01-24 23:41:59.523330,2021-01-25 00:41:59.523330,2021-01-25 05:41:59.523330,1,REVERSAL,GREEN,UP,49.73961213411042,-55.949982916048484,16.00075689180061,222.92696750060628,22827.71154835487,21893.976787986267,True,True,True,True,True,23022.5341490255,23022.5341490255,26143.51169403399,23252.46285606772,TSL,0.003,2935.3731040007515,69.06760244707651,0.15,0.0,58.63182029576556,6.927480525441774,51.70433977032378,25560.018652178365,25611.72299194869,0.0,6
2021-01-25 10:41:59.523330,2021-01-25 11:41:59.523330,2021-01-25 16:41:59.523330,1,REVERSAL,GREEN,UP,62.777177276496055,-6.637148045173159,18.316761565246985,217.80854444629495,22913.202603891797,22034.746969523232,True,True,True,True,True,23285.25109166753,23285.25109166753,26334.57071391566,23424.633918798863,TSL,0.003,2968.8695141876105,69.8557532750026,0.15,0.0,35.54262091848974,7.006532053482761,28.53608886500698,25611.72299194869,25640.259080813696,0.0,6
2021-01-26 06:41:59.523330,2021-01-26 07:41:59.523330,2021-01-26 09:41:59.523330,1,MOMENTUM,RED,UP,61.07169825232306,1.919185681133854,14.570889438745299,163.25134510912525,22899.367184735347,22207.84302010677,True,False,True,False,True,23069.522641113483,23069.522641113483,25355.041472641235,23155.462547317547,TSL,0.003,2941.364136741969,69.20856792334045,0.15,0.0,21.914676082036515,6.941619362711048,14.973056719325465,25640.259080813696,25655.23213753302,0.0,3
2021-01-26 17:41:59.523330,2021-01-26 18:41:59.523330,2021-01-26 22:41:59.523330,1,MOMENTUM,GREEN,UP,57.98122858798623,8.918329316397205,14.411722987500763,169.91818460568737,22915.89861842275,22292.14455101243,True,True,True,False,True,22943.82727227272,22943.82727227272,25322.681856752344,23173.120309271053,TSL,0.003,2925.3379772147714,68.83148181681815,0.15,0.0,58.46972443457498,6.9037976262268606,51.56592680834812,25655.23213753302,25706.79806434137,0.0,5
2021-01-28 07:41:59.523330,2021-01-28 08:41:59.523330,2021-01-28 12:41:59.523330,1,REVERSAL,GREEN,UP,34.146722609104756,-94.46307600638994,22.319188075542975,219.51722209134556,23230.93851881693,22627.71051678758,True,True,True,True,True,22622.947122661863,22622.947122661863,25696.1882319407,22799.266008887,TSL,0.004,3845.9010108525167,90.49178849064745,0.15,0.0,59.948421316546664,9.076326385611939,50.87209493093473,25706.79806434137,25757.670159272304,0.0,5
2021-01-28 21:41:59.523330,2021-01-28 22:41:59.523330,2021-01-29 07:41:59.523330,-1,MOMENTUM,RED,DOWN,31.00484096919152,-5.161583565341431,22.611617856958517,220.88734111404517,22889.369357918833,22597.966809853107,True,True,True,False,True,21873.86786550353,22223.849751351587,18781.445089906898,22223.849751351587,SL,0.004,3718.5575371356003,87.49547146201412,0.15,0.0,-118.99384118833957,8.775795787640016,-127.7696369759796,25757.670159272304,25629.900522296324,0.4960450078982973,10
2021-01-29 14:41:59.523330,2021-01-29 15:41:59.523330,2021-01-30 03:41:59.523330,-1,REVERSAL,RED,DOWN,49.1366078814093,80.79715170921037,21.322193975514722,217.32141154723433,22679.313778058116,22584.795300434183,True,True,True,True,True,22543.17417154614,22903.864958290877,19500.674409884858,22903.864958290877,SL,0.004,3832.339609162844,90.17269668618457,0.15,0.4960450078982973,-122.63486749321063,9.044321477624312,-131.67918897083496,25629.900522296324,25498.221333325488,1.0072682208542811,13
2021-01-31 15:41:59.523330,2021-01-31 16:41:59.523330,2021-01-31 20:41:59.523330,1,REVERSAL,GREEN,UP,45.90591378233749,-158.15504626553786,36.465947606135046,295.03801026261806,23532.324420592737,23001.24170191032,True,True,True,True,True,23185.65697506744,23185.65697506744,27316.189118744092,23572.598867875968,TSL,0.003,2956.1712643210985,69.55697092520232,0.15,1.0072682208542811,98.67018266617484,6.976564183797793,91.69361848237705,25498.221333325488,25589.914951807863,0.6512825361421596,5
2021-01-31 21:41:59.523330,2021-01-31 22:41:59.523330,2021-02-01 03:41:59.523330,1,MOMENTUM,GREEN,UP,57.876072569074886,14.122906927377855,20.46145632225863,252.01436866990656,23515.399143624058,23036.451169289892,True,True,True,False,True,23593.45524182345,23593.45524182345,27121.65640320214,24287.219311410652,TSL,0.003,3008.1655433324895,70.78036572547035,0.15,0.6512825361421596,176.90983774473682,7.099270682264676,169.81056706247216,25589.914951807863,25759.725518870335,0.0,6
2021-02-01 15:41:59.523330,2021-02-01 16:41:59.523330,2021-02-01 23:41:59.523330,1,MOMENTUM,GREEN,UP,67.28185782822962,26.806203081418545,18.776359695088665,251.56436566818135,23687.60571001017,23173.35517146602,True,True,True,False,True,24445.629245305838,24445.629245305838,27967.530364660375,24995.27621977559,TSL,0.003,3116.8177287764943,73.33688773591751,0.15,0.0,140.1599784897871,7.355689839912527,132.80428864987456,25759.725518870335,25892.529807520208,0.0,8
2021-02-02 18:41:59.523330,2021-02-02 19:41:59.523330,2021-02-02 23:41:59.523330,1,REVERSAL,GREEN,UP,53.21068005767907,-66.83500292707811,24.654398190751145,218.9550966644541,24606.880075256304,23615.66416525413,True,True,True,True,True,25064.91226395574,24663.87366773245,28130.283617258097,24663.87366773245,SL,0.003,3195.7763136543567,75.19473679186721,0.15,0.0,-102.26484203693904,7.542032100224282,-109.80687413716332,25892.529807520208,25782.722933383044,0.42408708207906426,5
2021-02-03 02:41:59.523330,2021-02-03 03:41:59.523330,2021-02-03 13:41:59.523330,1,REVERSAL,GREEN,UP,35.09355680113461,-130.31073183479714,24.828893164117748,178.3228082073535,24637.040933803633,23688.16259200122,True,True,True,True,True,24631.39106782149,24237.288810736343,27127.910382724436,24237.288810736343,SL,0.003,3140.5023611472398,73.89417320346446,0.15,0.42408708207906426,-100.49607555671211,7.411585572307486,-107.90766112901959,25782.722933383044,25674.815272254025,0.8408391798122018,11
2021-02-04 17:41:59.523330,2021-02-04 18:41:59.523330,2021-02-05 01:41:59.523330,-1,MOMENTUM,RED,DOWN,26.5389657460924,-15.129180475366809,29.185853226985554,273.94493947483426,23684.10220313563,23599.484610048024,True,True,True,False,True,22170.247348337743,22170.247348337743,18335.018195690063,21722.2787036013,TSL,0.004,3768.9420492174163,88.68098939335097,0.15,0.8408391798122018,152.3093392103909,8.894703236153102,143.41463597423783,25674.815272254025,25818.229908228263,0.2869549628571481,8
2021-02-05 07:41:59.523330,2021-02-05 08:41:59.523330,2021-02-05 11:41:59.523330,-1,MOMENTUM,GREEN,DOWN,27.81596404263159,-3.566021459572198,37.85333224240391,245.0552341717115,22922.633687471247,23386.254657207595,True,False,True,False,True,21412.33755701792,21754.934957930207,17981.564278613958,21754.934957930207,SL,0.004,3640.0973846930465,85.64935022807168,0.15,0.2869549628571481,-116.48311631017772,8.59062982787559,-125.07374613805332,25818.229908228263,25693.15616209021,0.7700045028898331,4
2021-02-06 01:41:59.523330,2021-02-06 02:41:59.523330,2021-02-06 06:41:59.523330,-1,MOMENTUM,RED,DOWN,29.76326971673683,-19.255490293676132,21.952763304640904,280.07959891849123,22240.461644443647,23063.100332144684,True,True,True,False,True,20941.66038721093,20941.66038721093,17020.546002352054,20778.321611889958,TSL,0.004,3560.082265825858,83.76664154884372,0.15,0.7700045028898331,55.5351836091304,8.401794147349026,47.13338946178138,25693.15616209021,25740.289551551992,0.5879698009423528,5
2021-02-07 05:41:59.523330,2021-02-07 06:41:59.523330,2021-02-07 09:41:59.523330,-1,MOMENTUM,RED,DOWN,27.134786251485153,-7.5073895087955975,26.074936469576034,189.7048053140724,20997.81232500626,22380.61764376336,True,True,True,False,True,19569.698335166348,19569.698335166348,16913.831060769335,19352.191964693004,TSL,0.004,3326.848716978279,78.27879334066539,0.15,0.5879698009423528,73.95216596093691,7.851362972068739,66.10080298886818,25740.289551551992,25806.39035454086,0.33268071377995934,4
2021-02-07 18:41:59.523330,2021-02-07 19:41:59.523330,2021-02-08 07:41:59.523330,-1,MOMENTUM,GREEN,DOWN,23.17219524755106,-13.186138320945759,33.506102721191944,181.81097422390846,20362.31731165634,22037.81685027253,True,True,True,False,True,18974.839831752237,18974.839831752237,16429.486192617518,18816.415731595695,TSL,0.004,3225.7227713978805,75.89935932700895,0.15,0.33268071377995934,53.864194053224416,7.612705740498998,46.25148831272542,25806.39035454086,25852.641842853587,0.15405201794934667,13
2021-02-09 05:41:59.523330,2021-02-09 06:41:59.523330,2021-02-09 10:41:59.523330,-1,MOMENTUM,GREEN,DOWN,41.062658143348635,-4.179148957439253,15.476846072257125,172.71444772361133,19290.892120534543,21100.871573481767,True,False,True,False,True,18759.39849997342,19059.548875972996,16341.396231842862,19059.548875972996,SL,0.004,3189.0977449954817,75.03759399989369,0.15,0.15405201794934667,-102.05112783985577,7.526270678189337,-109.57739851804511,25852.641842853587,25743.06444433554,0.5772528381574217,5
2021-02-09 23:41:59.523330,2021-02-10 00:41:59.523330,2021-02-10 06:41:59.523330,-1,REVERSAL,RED,DOWN,48.858998328024654,63.782716913111244,30.067221516338215,208.82483041619133,19291.420285956865,20841.51841182285,True,True,True,True,True,19541.515533833364,19541.515533833364,16617.967908006685,19391.846502012948,TSL,0.004,3322.0576407516724,78.16606213533346,0.15,0.5772528381574217,50.88747081894159,7.840056032173947,43.04741478676764,25743.06444433554,25786.11185912231,0.41099865169216016,7
2021-02-10 10:41:59.523330,2021-02-10 11:41:59.523330,2021-02-10 14:41:59.523330,-1,REVERSAL,RED,DOWN,55.92485233861588,16.652947313804333,23.198976603393426,193.03329669435266,19404.82160573636,20696.433781545104,True,True,True,True,True,19676.294076157137,19676.294076157137,16973.8279224362,19214.567865007215,TSL,0.004,3344.9699929467133,78.70517630462855,0.15,0.41099865169216016,156.98691179097355,7.894129183354244,149.09278260761928,25786.11185912231,25935.204641729928,0.0,4
2021-02-12 14:41:59.523330,2021-02-12 15:41:59.523330,2021-02-13 09:41:59.523330,-1,REVERSAL,RED,DOWN,68.04327342986116,96.26216086903685,29.772141230881648,232.42913863607154,19179.48826303629,20058.14261261441,True,True,True,True,True,19902.11884123853,20220.552742698346,16648.11090033353,20220.552742698346,SL,0.004,3383.360203010551,79.60847536495413,0.15,0.0,-108.26752649633723,7.984730079104899,-116.25225657544213,25935.204641729928,25818.952385154487,0.4482411385657239,19
2021-02-13 10:41:59.523330,2021-02-13 11:41:59.523330,2021-02-13 15:41:59.523330,1,MOMENTUM,GREEN,UP,75.0383581011184,12.853473384469623,23.976846924032728,157.77759507815324,19660.92833364719,20061.339950336667,True,True,True,False,True,20582.835528194493,20253.510159743382,22791.72185928864,20253.510159743382,SL,0.004,3499.082039793064,82.33134211277797,0.15,0.4482411385657239,-111.97062527337773,8.257833613911632,-120.22845888728936,25818.952385154487,25698.723926267197,0.9118135705096054,5
2021-02-14 11:41:59.523330,2021-02-14 12:41:59.523330,2021-02-15 06:41:59.523330,-1,MOMENTUM,GREEN,DOWN,45.72123857737341,-0.07155408721715162,18.729390013212747,217.70003446938904,19833.71403193698,20023.29168143501,True,False,True,False,True,19918.032628801288,20236.721150862108,16870.232146229842,20236.721150862108,SL,0.004,3386.065546896219,79.67213051520515,0.15,0.9118135705096054,-108.35409750067883,7.991114690675078,-116.34521219135392,25698.723926267197,25582.378714075843,1.3604131238910118,19
2021-02-16 00:41:59.523330,2021-02-16 01:41:59.523330,2021-02-16 05:41:59.523330,1,MOMENTUM,GREEN,UP,54.772114381832374,4.133432785426255,16.18156650377083,180.26003936928547,20009.001981601115,20053.874583228542,True,False,True,False,True,19991.121373271704,19991.121373271704,22514.7619244417,20193.10901604204,TSL,0.004,3398.4906334561897,79.96448549308681,0.15,1.3604131238910118,68.67579854191384,8.020437894956608,60.65536064695722,25582.378714075843,25643.0340747228,1.126540434298418,5
2021-02-16 20:41:59.523330,2021-02-16 21:41:59.523330,2021-02-17 06:41:59.523330,1,MOMENTUM,RED,UP,63.33033358370166,18.211363132552783,16.599820629547644,280.07844253369564,20162.273002353908,20143.314603765655,True,True,True,False,True,20682.089486951667,20682.089486951667,24603.187682423406,20971.974135526394,TSL,0.004,3515.9552127817833,82.72835794780667,0.15,1.126540434298418,98.56078051540725,8.297654302165009,90.26312621324224,25643.0340747228,25733.297200936042,0.7785072205253224,10
2021-02-19 02:41:59.523330,2021-02-19 03:41:59.523330,2021-02-19 05:41:59.523330,-1,MOMENTUM,RED,DOWN,36.960293961409356,-0.5282063927501213,18.091924598321356,141.10026940810846,20344.530242629513,20242.591166351194,True,False,True,False,True,19881.064729466463,19881.064729466463,17905.660957752945,19515.688811528256,TSL,0.004,3379.7810040092986,79.52425891786585,0.15,0.7785072205253224,124.22781209899033,7.976283169461945,116.25152892952839,25733.297200936042,25849.54872986557,0.3302688875897102,3
2021-02-19 18:41:59.523330,2021-02-19 19:41:59.523330,2021-02-19 20:41:59.523330,-1,REVERSAL,RED,DOWN,40.728532566351085,37.13275503959596,18.152895615788495,190.34817015209472,20136.86160290199,20181.439531571817,True,True,True,True,True,19690.294889654924,20005.339607889404,17025.4205075256,20005.339607889404,SL,0.004,3347.3501312413373,78.7611795586197,0.15,0.3302688875897102,-107.11520419972308,7.899746309729556,-115.01495050945263,25849.54872986557,25734.53377935612,0.7737392673236431,2
2021-02-20 19:41:59.523330,2021-02-20 20:41:59.523330,2021-02-21 03:41:59.523330,-1,MOMENTUM,GREEN,DOWN,22.3236913543451,-14.965231116189102,26.052933516522224,185.0525038279627,19538.950329377105,19959.256584870964,True,True,True,False,True,18679.021778893893,18679.021778893893,16088.286725302416,18241.248228228786,TSL,0.004,3175.433702411962,74.71608711557558,0.15,0.7737392673236431,148.8430072261367,7.494023537692231,141.3489836884445,25734.53377935612,25875.882763044563,0.22873109931014624,8
2021-02-21 16:41:59.523330,2021-02-21 17:41:59.523330,2021-02-21 21:41:59.523330,-1,MOMENTUM,RED,DOWN,27.611723562382025,-2.158518686745083,35.50444350098902,134.67334297797328,18739.12794200549,19569.573643818916,True,False,True,False,True,17856.294010314537,17856.294010314537,15970.867208622913,17632.035537614247,TSL,0.005,3794.462477191839,89.28147005157268,0.15,0.22873109931014624,95.30985089762343,8.95493144617274,86.3549194514507,25875.882763044563,25962.237682496012,0.0,5
2021-02-22 19:41:59.523330,2021-02-22 20:41:59.523330,2021-02-22 23:41:59.523330,-1,MOMENTUM,GREEN,DOWN,33.69034982680769,-24.84800663177171,24.092054895804285,217.10776664238955,18144.436895515137,19195.24490825897,True,True,True,False,True,17473.10049788455,17752.670105850702,14433.591764891094,17752.670105850702,SL,0.005,3713.0338558004664,87.36550248942274,0.15,0.0,-118.81708338561539,8.762759899689101,-127.57984328530449,25962.237682496012,25834.657839210708,0.49140542061719095,4
2021-02-26 20:41:59.523330,2021-02-26 21:41:59.523330,2021-02-27 01:41:59.523330,-1,MOMENTUM,RED,DOWN,24.57256578520044,-10.576120041305899,37.82825843560534,186.45762802519175,15494.789149610984,17289.747287197017,True,True,True,False,True,13909.49010618041,13909.49010618041,11299.083313827727,13663.592381457,TSL,0.006,3546.9199770760047,83.45694063708247,0.15,0.49140542061719095,125.40783960893943,8.370731145899372,117.03710846304004,25834.657839210708,25951.694947673746,0.04060795895637933,5
2021-03-01 09:41:59.523330,2021-03-01 10:41:59.523330,2021-03-01 16:41:59.523330,-1,MOMENTUM,RED,DOWN,40.56044075640112,-10.684083386266181,14.378345094053849,149.6863273676738,13545.10150358639,15524.983288788811,True,True,True,False,True,13185.43670062494,13396.403687834938,11089.828117477506,13396.403687834938,SL,0.006,3362.28635865936,79.11262020374964,0.15,0.04060795895637933,-107.59316347709922,7.934995806436089,-115.52815928353532,25951.694947673746,25836.166788390212,0.4855933284625859,7
2021-03-02 05:41:59.523330,2021-03-02 06:41:59.523330,2021-03-02 09:41:59.523330,-1,REVERSAL,RED,DOWN,74.82048583997944,65.54386490486382,34.6799813760991,151.35548100597438,13666.502796651106,15232.081191131854,True,True,True,True,True,14251.26367163368,14251.26367163368,12132.286937550038,14130.41294699662,TSL,0.006,3634.0722362665883,85.50758202980208,0.15,0.4855933284625859,61.63386956490107,8.57641047758915,53.05745908731192,25836.166788390212,25889.224247477523,0.2812293605482062,4
2021-03-02 21:41:59.523330,2021-03-02 22:41:59.523330,2021-03-03 06:41:59.523330,-1,REVERSAL,RED,DOWN,67.68455228878807,53.21307317744004,37.57632136578233,160.93126246738126,14106.532297598393,15159.076801194233,True,True,True,True,True,14968.19044992282,15207.681497121586,12715.152775379484,15207.681497121586,SL,0.006,3816.888564730319,89.80914269953692,0.15,0.2812293605482062,-122.14043407137063,9.007857012763553,-131.1482910841342,25889.224247477523,25758.07595639339,0.7863795432404888,9
2021-03-05 05:41:59.523330,2021-03-05 06:41:59.523330,2021-03-05 11:41:59.523330,1,MOMENTUM,GREEN,UP,70.40852310809805,23.703614332759734,29.015432379779547,192.819422692799,14879.42079295682,15095.060179382695,True,True,True,False,True,15337.416661801988,15337.416661801988,18036.888579501174,15472.289490165898,TSL,0.005,3259.2010406329223,76.68708330900994,0.15,0.7863795432404888,57.32095205466185,7.691714455893697,49.62923759876815,25758.07595639339,25807.70519399216,0.5952202209751773,6
2021-03-07 23:41:59.523330,2021-03-08 00:41:59.523330,2021-03-08 02:41:59.523330,1,MOMENTUM,RED,UP,58.82438984146578,2.828298387826493,19.759109644317387,171.01140002253646,16877.378265268933,15952.631593215574,True,False,True,False,True,17119.23318076549,17119.23318076549,19513.392781081,17250.12407701127,TSL,0.005,3637.837050912666,85.59616590382744,0.15,0.5952202209751773,55.62863090445763,8.585295440153892,47.04333546430374,25807.70519399216,25854.74852945646,0.4140211423764175,3
2021-03-08 07:41:59.523330,2021-03-08 08:41:59.523330,2021-03-08 16:41:59.523330,1,REVERSAL,GREEN,UP,45.2786144958064,-23.01012487904586,14.999936843927546,161.5018848861904,16924.556268681128,16038.02027217931,True,True,True,True,True,16806.462705941256,16806.462705941256,19067.489094347922,16993.78078031707,TSL,0.005,3571.373325012517,84.03231352970629,0.15,0.4140211423764175,79.61018160972054,8.42844104702954,71.181740562691,25854.74852945646,25925.93027001915,0.1398470074917299,9
2021-03-09 06:41:59.523330,2021-03-09 07:41:59.523330,2021-03-09 14:41:59.523330,1,MOMENTUM,RED,UP,57.17709708683687,7.332774720722433,10.816005888689618,164.50493143689926,16996.701668641297,16266.785239973833,True,True,True,False,True,17141.454527636888,17141.454527636888,19444.523567753477,17304.04778654759,TSL,0.005,3642.559087122839,85.70727263818445,0.15,0.1398470074917299,69.10213503704891,8.596439445609901,60.505695591439014,25925.93027001915,25986.43596561059,0.0,8
2021-03-09 17:41:59.523330,2021-03-09 18:41:59.523330,2021-03-10 02:41:59.523330,1,MOMENTUM,RED,UP,61.88273666670223,1.9168651110508748,13.969166297409528,169.25928398355103,17071.846952805176,16366.047030583039,True,False,True,False,True,17209.764243176996,16934.408015286164,19579.394218946712,16934.408015286164,SL,0.005,3657.074901675112,86.04882121588498,0.15,0.0,-117.02639685360364,8.630696767953264,-125.6570936215569,25986.43596561059,25860.778871989034,0.48354877824664816,9
2021-03-10 09:41:59.523330,2021-03-10 10:41:59.523330,2021-03-10 16:41:59.523330,1,REVERSAL,GREEN,UP,48.62939082663407,-33.5845894819071,18.92417822177424,208.5675587075984,16969.53124223459,16434.19258463002,True,True,True,True,True,16799.36810874546,16530.578219005532,19719.31393065184,16530.578219005532,SL,0.005,3569.8657231084103,83.9968405437273,0.15,0.48354877824664816,-114.23570313946949,8.42488310653585,-122.66058624600534,25860.778871989034,25738.11828574303,0.9555665124535616,7
2021-03-10 23:41:59.523330,2021-03-11 00:41:59.523330,2021-03-11 01:41:59.523330,1,MOMENTUM,RED,UP,61.2635874579935,22.277864566437756,18.878362698446832,172.33712276395391,16799.631907877112,16454.496748662543,True,True,True,False,True,16770.599698727485,16502.270103547846,19183.31941742284,16502.270103547846,SL,0.005,3563.7524359795907,83.85299849363743,0.15,0.9555665124535616,-114.04007795134657,8.410455748911835,-122.4505337002584,25738.11828574303,25615.66775204277,1.4267759305603978,2
2021-03-11 15:41:59.523330,2021-03-11 16:41:59.523330,2021-03-11 21:41:59.523330,-1,MOMENTUM,GREEN,DOWN,34.33181263910602,-26.3536277694039,24.404909643979995,206.3464866306129,16828.638625728006,16504.186288161003,True,True,True,False,True,16314.092449962647,16314.092449962647,13425.241637134066,16077.183586605026,TSL,0.005,3466.7446456170624,81.57046224981323,0.15,1.4267759305603978,100.68626692698899,8.181517363656267,92.50474956333272,25615.66775204277,25708.172501606103,1.0708027232850694,6
2021-03-12 00:41:59.523330,2021-03-12 01:41:59.523330,2021-03-12 09:41:59.523330,1,MOMENTUM,GREEN,UP,58.58891002527577,6.430849322480199,24.424083587367083,235.94846874524833,16706.20083633346,16502.928017380233,True,True,True,False,True,16682.296189197314,16399.158026703015,19985.57475163079,16399.158026703015,SL,0.005,3544.987940204429,83.41148094598657,0.15,1.0708027232850694,-120.33371906007697,8.366171538882453,-128.69989059895943,25708.172501606103,25579.472611007142,1.5660606754308606,9
2021-03-12 18:41:59.523330,2021-03-12 19:41:59.523330,2021-03-13 04:41:59.523330,1,MOMENTUM,GREEN,UP,63.90169963799463,17.832418419660428,22.070627105979042,160.3741409196375,16543.412861635985,16496.484452681438,True,True,True,False,True,16627.26582232816,16361.229569170911,18872.503795203087,16361.229569170911,SL,0.005,3533.293987244734,83.1363291116408,0.15,1.5660606754308606,-113.06540759183126,8.338573809897573,-121.40398140172884,25579.472611007142,25458.068629605412,2.0332427913716216,10
2021-03-14 05:41:59.523330,2021-03-14 06:41:59.523330,2021-03-14 08:41:59.523330,-1,MOMENTUM,RED,DOWN,40.244461210904404,-4.184839238173766,16.668972212181718,196.99998858619222,16335.758017054522,16434.351763942737,True,False,True,False,True,15997.751402177548,16253.715424612388,13239.751561970857,16253.715424612388,SL,0.005,3399.5221729627287,79.98875701088774,0.15,2.0332427913716216,-108.78470953480719,8.02287232819204,-116.80758186299924,25458.068629605412,25341.261047742413,2.4827372199942195,3
2021-03-15 06:41:59.523330,2021-03-15 07:41:59.523330,2021-03-15 12:41:59.523330,1,MOMENTUM,RED,UP,70.70682199179097,6.563660479414409,18.32341237437216,128.09841245807144,16480.212059999554,16476.353532713616,True,True,True,False,True,16733.85515594089,16733.85515594089,18527.232930353894,16822.979204667325,TSL,0.005,3555.9442206374397,83.66927577970446,0.15,2.4827372199942195,37.87772070873407,8.392028360704357,29.48569234802971,25341.261047742413,25370.746740090442,2.369271516628628,6
2021-03-17 19:41:59.523330,2021-03-17 20:41:59.523330,2021-03-17 23:41:59.523330,1,REVERSAL,GREEN,UP,38.07030206193872,-58.97802792315221,16.951615466101313,104.33240360964584,17267.719097240184,16813.705142200455,True,True,True,True,True,17480.970466523875,17480.970466523875,18941.624117058916,17562.67123600723,TSL,0.005,3714.7062241363233,87.40485233261937,0.15,2.369271516628628,34.7228270304261,8.766706688961722,25.956120341464384,25370.746740090442,25396.702860431906,2.269388176043514,4
2021-03-18 16:41:59.523330,2021-03-18 17:41:59.523330,2021-03-18 18:41:59.523330,1,MOMENTUM,GREEN,UP,64.00315478097701,23.894374251187756,19.52979369457267,227.58306781193528,17223.506388834146,16890.743756161384,True,True,True,False,True,17451.23504541942,17172.01528469271,20637.397994786515,17172.01528469271,SL,0.005,3708.387447151627,87.2561752270971,0.15,2.269388176043514,-118.66839830885246,8.75179437527784,-127.42019268413028,25396.702860431906,25269.282667747775,2.7597216440602645,2
2021-03-18 21:41:59.523330,2021-03-18 22:41:59.523330,2021-03-19 00:41:59.523330,-1,MOMENTUM,RED,DOWN,39.04379539631167,-11.62335338459286,20.17555318205979,195.47862856841684,17189.897807105,16895.05189205622,True,True,True,False,True,16777.76125604736,17046.20543614412,14041.060456089524,17046.20543614412,SL,0.005,3565.2742669100644,83.8888062802368,0.15,2.7597216440602645,-114.08877654112213,8.414047269907753,-122.50282381102987,25269.282667747775,25146.779843936747,3.231132282953353,3
2021-03-20 10:41:59.523330,2021-03-20 11:41:59.523330,2021-03-20 15:41:59.523330,1,MOMENTUM,GREEN,UP,57.34434113273701,10.95853310909169,19.27283911384627,141.92996521751994,17278.44663578589,17046.657790171466,True,True,True,False,True,17177.094145482064,17177.094145482064,19164.11365852734,17263.285038434133,TSL,0.005,3650.1325059149385,85.88547072741032,0.15,3.231132282953353,36.631129504629186,8.614312713959256,28.01681679066993,25146.779843936747,25174.796660727417,3.1233190498199335,5
2021-03-20 23:41:59.523330,2021-03-21 00:41:59.523330,2021-03-21 06:41:59.523330,-1,MOMENTUM,RED,DOWN,39.687523728911934,-3.882084105707662,14.292396712108633,152.2029553900833,17187.57804961103,17026.681385800934,True,False,True,False,True,16737.378595981983,17005.176653517694,14606.537220520817,17005.176653517694,SL,0.005,3556.6929516461714,83.68689297990991,0.15,3.1233190498199335,-113.81417445267698,8.393795365884966,-122.20796981856193,25174.796660727417,25052.588690908855,3.5935950429583836,7
2021-03-23 05:41:59.523330,2021-03-23 06:41:59.523330,2021-03-23 15:41:59.523330,-1,MOMENTUM,GREEN,DOWN,13.414001963718235,-3.157602731102884,54.07085766816637,149.6474160742776,15135.404321837066,16221.932163561005,True,False,True,False,True,13614.827483125426,13614.827483125426,11519.76365808554,13401.45741712199,TSL,0.006,3471.7810081969837,81.68896489875256,0.15,3.5935950429583836,108.81873366175213,8.193403179344882,100.62533048240726,25052.588690908855,25153.21402139126,3.2063725295842165,10
2021-03-24 08:41:59.523330,2021-03-24 09:41:59.523330,2021-03-24 11:41:59.523330,-1,REVERSAL,RED,DOWN,57.698844632680476,80.85348330869238,23.941622035456323,138.98398587200532,14286.660706816352,15653.252099535333,True,True,True,True,True,14147.04921867901,14147.04921867901,12201.273416470936,14021.935888819178,TSL,0.006,3607.4975507631475,84.88229531207406,0.15,3.2063725295842165,63.80779822851454,8.513694219801028,55.29410400871352,25153.21402139126,25208.508125399974,2.9935918924784297,3
2021-03-25 02:41:59.523330,2021-03-25 03:41:59.523330,2021-03-25 08:41:59.523330,-1,MOMENTUM,RED,DOWN,47.70841696377172,-5.661390795496004,19.913961868236605,168.63729773970655,14373.072339560562,15481.111977011087,True,True,True,False,True,14398.686973852253,14629.065965433889,12037.764805496361,14629.065965433889,SL,0.006,3671.6651783323246,86.39212184311351,0.15,2.9935918924784297,-117.49328570663435,8.665129820864285,-126.15841552749863,25208.508125399974,25082.349709872477,3.4790698383362253,6
2021-03-25 19:41:59.523330,2021-03-25 20:41:59.523330,2021-03-25 23:41:59.523330,-1,REVERSAL,RED,DOWN,61.47552268800919,34.90589759365463,24.77663718883138,130.28403700241,14533.772731540075,15374.579630592869,True,True,True,True,True,15055.61348102747,15055.61348102747,13231.63696299373,14856.031149078803,TSL,0.005,3199.317864718337,75.27806740513735,0.15,3.4790698383362253,84.82249107818393,7.550390160735277,77.27210091744865,25082.349709872477,25159.621810789926,3.1817143217132147,4
2021-03-27 14:41:59.523330,2021-03-27 15:41:59.523330,2021-03-27 19:41:59.523330,-1,MOMENTUM,RED,DOWN,43.447894271656494,-9.65023434558725,32.024137192262394,160.91203561660132,14690.091985119785,15103.321924492351,True,True,True,False,True,14882.216509729566,14882.216509729566,12629.448011097147,14705.317547499913,TSL,0.005,3162.471008317533,74.41108254864783,0.15,3.1817143217132147,75.18205894760217,7.463431579629377,67.7186273679728,25159.621810789926,25227.3404381579,2.9211221133103815,5
2021-03-29 07:41:59.523330,2021-03-29 08:41:59.523330,2021-03-29 13:41:59.523330,-1,REVERSAL,RED,DOWN,46.25942757136409,58.154626021246706,23.568243981979077,210.84036139149305,14723.855241733352,14971.787015857637,True,True,True,True,True,14731.926145138876,14731.926145138876,11780.161085657972,14452.099816634083,TSL,0.006,3756.6411670104135,88.39155687083326,0.15,2.9211221133103815,142.7114275374441,8.865673154144575,133.84575438329952,25227.3404381579,25361.186192541198,2.40606204674171,6
2021-03-31 02:41:59.523330,2021-03-31 03:41:59.523330,2021-03-31 07:41:59.523330,-1,REVERSAL,RED,DOWN,42.694997186071866,34.72092351279755,18.762492567698168,172.48137214648554,14294.767887481255,14687.380671252293,True,True,True,True,True,13964.504455345304,13964.504455345304,11549.765245294508,13703.964962517395,TSL,0.006,3560.9486361130525,83.78702673207182,0.15,2.40606204674171,132.87514134223372,8.403838781226804,124.47130256100692,25361.186192541198,25485.657495102205,1.9270763838915694,5
2021-03-31 16:41:59.523330,2021-03-31 17:41:59.523330,2021-03-31 20:41:59.523330,-1,REVERSAL,RED,DOWN,50.25199169767142,25.092633656755126,18.814796800182343,112.797117591625,14112.413895252756,14561.584219869232,True,True,True,True,True,13878.131543353024,13878.131543353024,12298.971897070274,13772.088298268007,TSL,0.006,3538.923543555021,83.26878926011814,0.15,1.9270763838915694,54.08205499335851,8.35185956278985,45.730195430568656,25485.657495102205,25531.387690532774,1.7510992106805643,4
2021-04-01 03:41:59.523330,2021-04-01 04:41:59.523330,2021-04-01 12:41:59.523330,-1,MOMENTUM,GREEN,DOWN,21.185552207600367,-19.662195125507765,21.437367102012,110.36985499104004,13996.055570892373,14493.041175923156,True,True,True,False,True,13381.344648271706,13595.446162644053,11836.166678397145,13595.446162644053,SL,0.006,3412.242885309285,80.28806788963024,0.15,1.7510992106805643,-109.191772329897,8.052893209329914,-117.24466553922692,25531.387690532774,25414.143024993547,2.2022756078378496,9
2021-04-01 18:41:59.523330,2021-04-01 19:41:59.523330,2021-04-01 23:41:59.523330,-1,MOMENTUM,RED,DOWN,27.820142679278703,-18.999693035512138,24.714995770598186,157.56174399237798,13712.159144445688,14317.125877096907,True,True,True,False,True,12984.963152335244,12984.963152335244,10779.098736441952,12809.290943646181,TSL,0.006,3311.1656038454876,77.90977891401147,0.15,2.2022756078378496,89.59282643142176,7.81435082507535,81.77847560634642,25414.143024993547,25495.921500599892,1.8875788340495276,5
2021-04-02 05:41:59.523330,2021-04-02 06:41:59.523330,2021-04-02 09:41:59.523330,-1,REVERSAL,RED,DOWN,51.368660207273976,62.83716664210789,27.092324967154543,161.19600185103184,13492.45074467659,14201.215391059135,True,True,True,True,True,13302.148364954526,13514.982738793798,11045.40433904008,13514.982738793798,SL,0.006,3392.047833063404,79.81289018972716,0.15,1.8875788340495276,-108.54553065802888,8.005232886029633,-116.55076354405851,25495.921500599892,25379.370737055833,2.336084984328456,4
2021-04-02 22:41:59.523330,2021-04-02 23:41:59.523330,2021-04-03 01:41:59.523330,-1,REVERSAL,RED,DOWN,58.46862758353286,18.936294268454276,20.587264087883835,161.69893093162761,13618.15315882151,14133.664702503213,True,True,True,True,True,13982.579648621364,13982.579648621364,11718.794615578578,13868.329733975494,TSL,0.006,3565.557810398448,83.89547789172819,0.15,2.336084984328456,58.2674564693939,8.414716432540338,49.85274003685356,25379.370737055833,25429.223477092688,2.1442435940630578,3
2021-04-04 17:41:59.523330,2021-04-04 18:41:59.523330,2021-04-04 21:41:59.523330,-1,MOMENTUM,RED,DOWN,33.653875490736596,-3.480744545051081,25.097837388332913,163.21841696545707,13502.585523313233,13903.021606151286,True,False,True,False,True,13272.890287738112,13485.256532341922,10987.832450221713,13485.256532341922,SL,0.006,3384.5870233732185,79.63734172642867,0.15,2.1442435940630578,-108.30678474794342,7.987625375160796,-116.29441012310423,25429.223477092688,25312.929066969584,2.5917632550008007,4
2021-04-05 04:41:59.523330,2021-04-05 05:41:59.523330,2021-04-05 08:41:59.523330,-1,REVERSAL,RED,DOWN,60.578460467163225,28.745769220006814,23.75103472962021,101.26262686729903,13541.547294262575,13877.369255940306,True,True,True,True,True,13838.475650457189,13838.475650457189,12420.798874315002,13590.273324004113,TSL,0.006,3528.811290866583,83.03085390274313,0.15,2.5917632550008007,126.58318649106889,8.327994646445136,118.25519184462374,25312.929066969584,25431.184258814206,2.13669818951388,4
2021-04-07 06:41:59.523330,2021-04-07 07:41:59.523330,2021-04-07 13:41:59.523330,-1,MOMENTUM,GREEN,DOWN,27.629718400074793,-0.6786215814158254,31.161716377434978,107.40937151611482,13090.445399394306,13609.236419808938,True,False,True,False,True,12493.239955067726,12493.239955067726,10989.508753842118,12071.203007183401,TSL,0.007,3716.7388866326482,87.45267968547408,0.15,2.13669818951388,251.1119839911728,8.77150377245305,242.34048021871973,25431.184258814206,25673.524739032928,1.2041329060736075,7
2021-04-08 19:41:59.523330,2021-04-08 20:41:59.523330,2021-04-08 23:41:59.523330,-1,REVERSAL,RED,DOWN,47.904198866143716,7.91739416377284,21.167495681457055,149.5192807934697,12830.316154731447,13336.686310229912,True,True,True,True,True,12819.918769365831,12819.918769365831,10726.648838257255,12612.584405102121,TSL,0.007,3813.9258338863347,89.73943138556082,0.15,1.2041329060736075,123.36394673690751,9.00086496797175,114.36308176893576,25673.524739032928,25787.887820801865,0.7640453083734811,4
2021-04-11 19:41:59.523330,2021-04-11 20:41:59.523330,2021-04-11 22:41:59.523330,-1,REVERSAL,RED,DOWN,49.56433487020515,37.69806346282459,19.495054427359953,132.12568392497943,11799.453311591049,12582.49905921697,True,True,True,True,True,11676.324857089872,11676.324857089872,9826.56528214016,11547.19007496694,TSL,0.007,3473.7066449842373,81.73427399962911,0.15,0.7640453083734811,76.8351953631445,8.1979476821628,68.6372476809817,25787.887820801865,25856.525068482846,0.49991810073403076,3
2021-04-12 04:41:59.523330,2021-04-12 05:41:59.523330,2021-04-12 08:41:59.523330,-1,MOMENTUM,RED,DOWN,39.48891701445347,-5.0634251256308005,13.469302926848425,144.822598474282,11724.505075338922,12445.203361075251,True,True,True,False,True,11316.677839560616,11316.677839560616,9289.161460920668,11123.100809218511,TSL,0.008,3847.6704654506098,90.53342271648494,0.15,0.49991810073403076,131.6323806326314,9.08050229846344,122.55187833416795,25856.525068482846,25979.076946817015,0.028318692118132746,4
2021-04-12 17:41:59.523330,2021-04-12 18:41:59.523330,2021-04-12 23:41:59.523330,-1,REVERSAL,RED,DOWN,62.41434010490688,52.90015186697206,28.266515630088694,107.98432325792118,11684.416193219433,12371.337096281824,True,True,True,True,True,11808.710352841972,11997.649718487444,10296.929827231075,11997.649718487444,SL,0.007,3513.0913299704866,82.6609724698938,0.15,0.028318692118132746,-112.41892255905597,8.29089553873035,-120.70981809778633,25979.076946817015,25858.36712871923,0.49282955562218206,6
2021-04-13 11:41:59.523330,2021-04-13 12:41:59.523330,2021-04-13 14:41:59.523330,-1,MOMENTUM,GREEN,DOWN,44.79073227217018,-14.51335513408003,28.739011756335437,143.53515251497282,11963.901320094705,12346.370236270168,True,True,True,False,True,12121.985335654814,12121.985335654814,10112.493200445195,11978.768247407736,TSL,0.007,3606.2906373573073,84.8538973495837,0.15,0.49282955562218206,85.21416750701154,8.510845904163245,76.7033216028483,25858.36712871923,25935.070450322077,0.19766279360697997,3
2021-04-13 20:41:59.523330,2021-04-13 21:41:59.523330,2021-04-14 04:41:59.523330,1,MOMENTUM,RED,UP,72.71881092890729,10.657689831315395,23.381209745881392,132.81521004849915,12059.608925534843,12356.676703553454,True,True,True,False,True,12566.83264205176,12566.83264205176,14426.24558273075,12671.448179563275,TSL,0.007,3738.632711010399,87.96782849436232,0.15,0.19766279360697997,62.24624481935086,8.823173197984541,53.42307162136632,25935.070450322077,25988.493521943445,0.0,8
2021-04-15 20:41:59.523330,2021-04-15 21:41:59.523330,2021-04-16 03:41:59.523330,1,REVERSAL,GREEN,UP,32.977309036844574,-101.4078008180432,28.935227620605673,151.29656698265003,13307.555443677502,12790.403908304588,True,True,True,True,True,13223.114418939776,13011.54458823674,15341.266356696877,13011.54458823674,SL,0.006,3371.894176829643,79.33868651363866,0.15,0.0,-107.90061365854844,7.957670257317958,-115.85828391586641,25988.493521943445,25872.63523802758,0.4458060788250038,7
2021-04-16 06:41:59.523330,2021-04-16 07:41:59.523330,2021-04-16 17:41:59.523330,1,REVERSAL,GREEN,UP,38.44151144844008,-45.539281831381345,31.38899771439645,125.62524585785573,13213.254936661848,12807.39583161371,True,True,True,True,True,13073.902890117784,13073.902890117784,14832.656332127764,13492.679083331852,TSL,0.006,3333.8452369800348,78.4434173407067,0.15,0.4458060788250038,213.5758585391744,7.867874759272882,205.70798377990153,25872.63523802758,26078.34322180748,0.0,11
2021-04-17 06:41:59.523330,2021-04-17 07:41:59.523330,2021-04-17 13:41:59.523330,1,MOMENTUM,GREEN,UP,60.95651067456763,9.426401961757694,17.024742844505667,158.53474143688456,13261.895117861039,12923.606217115515,True,True,True,False,True,13627.89507589603,13627.89507589603,15847.381456012416,14150.50513927874,TSL,0.006,3475.1132443534875,81.76737045537618,0.15,0.0,266.5311323251821,8.201267256674232,258.3298650685079,26078.34322180748,26336.673086875988,0.0,7
2021-04-18 21:41:59.523330,2021-04-18 22:41:59.523330,2021-04-19 00:41:59.523330,1,REVERSAL,GREEN,UP,43.84954674086002,-42.376590608593915,30.63455998852014,142.9240485364307,13414.1866299725,13118.229546483582,True,True,True,True,True,13095.657708068746,13095.657708068746,15096.594387578774,13253.098721673037,TSL,0.007,3895.958168150452,91.66960395648123,0.15,0.0,93.67740309455348,9.194461276835067,84.48294181771843,26336.673086875988,26421.156028693706,0.0,3
2021-04-19 09:41:59.523330,2021-04-19 10:41:59.523330,2021-04-19 15:41:59.523330,-1,MOMENTUM,GREEN,DOWN,38.13594902751378,-2.291913846717364,18.06734580385186,129.52037713359152,13291.60807824121,13119.33547368519,True,False,True,False,True,13025.078654121744,13233.479912587693,11211.793374251463,13233.479912587693,SL,0.007,3874.960899601219,91.17555057885221,0.15,0.0,-123.9987487872394,9.144907723058877,-133.14365651029826,26421.156028693706,26288.012372183406,0.5039282019518896,6
2021-04-19 23:41:59.523330,2021-04-20 00:41:59.523330,2021-04-20 03:41:59.523330,-1,MOMENTUM,RED,DOWN,32.09367668859012,-8.99426165982349,18.961175408605598,152.36863722681028,13231.126409351478,13116.155220368213,True,True,True,False,True,12844.715400358891,12844.715400358891,10711.554479183547,12705.730882486376,TSL,0.007,3821.3028316067703,89.91300780251224,0.15,0.5039282019518896,82.69578813414668,9.01827468259198,73.67751345155469,26288.012372183406,26361.68988563496,0.22507017858780642,4
2021-04-21 12:41:59.523330,2021-04-21 13:41:59.523330,2021-04-21 15:41:59.523330,-1,REVERSAL,RED,DOWN,63.865322206134124,67.45239977360109,27.63584460175402,119.27763338110236,12703.847472702288,12936.278896083968,True,True,True,True,True,12745.857435496171,12745.857435496171,11075.970568160737,12647.888371127687,TSL,0.007,3791.8925870601106,89.2210020484732,0.15,0.22507017858780642,58.29159329924822,8.948866505461861,49.342726793786355,26361.68988563496,26411.03261242875,0.03831556898555847,3
2021-04-22 00:41:59.523330,2021-04-22 01:41:59.523330,2021-04-22 05:41:59.523330,-1,MOMENTUM,GREEN,DOWN,39.09552222208669,-11.816207742060874,17.901902799992676,155.75426345163294,12666.972321538571,12893.511818154968,True,True,True,False,True,12435.50744862632,12634.475567804342,10254.94776030346,12634.475567804342,SL,0.007,3699.5634659663306,87.04855214038425,0.15,0.03831556898555847,-118.38603091092303,8.73096977968054,-127.11700069060358,26411.03261242875,26283.915611738146,0.519433808295574,5
2021-04-22 16:41:59.523330,2021-04-22 17:41:59.523330,2021-04-22 18:41:59.523330,-1,MOMENTUM,RED,DOWN,41.73060921278701,-7.483074120969697,16.16974910044768,132.36311599475306,12679.225127964457,12863.734438477286,True,True,True,False,True,12616.367870868677,12818.229756802575,10763.284246942134,12818.229756802575,SL,0.007,3753.3694415834316,88.31457509608074,0.15,0.519433808295574,-120.10782213066963,8.857951882136899,-128.96577401280652,26283.915611738146,26154.94983772534,1.0075493694494746,2
2021-04-22 21:41:59.523330,2021-04-22 22:41:59.523330,2021-04-23 00:41:59.523330,1,MOMENTUM,GREEN,UP,69.17719986084066,22.386088821464597,16.458493503218016,170.3930430557209,12704.966738594088,12865.488155741654,True,True,True,False,True,13084.271495516476,12874.923151588213,15469.774098296568,12874.923151588213,SL,0.007,3892.570769916151,91.58990046861533,0.15,1.0075493694494746,-124.5622646373163,9.186467017002117,-133.74873165431845,26154.94983772534,26021.20110607102,1.513767687486227,3
2021-04-23 10:41:59.523330,2021-04-23 11:41:59.523330,2021-04-23 21:41:59.523330,1,REVERSAL,GREEN,UP,55.81895136580497,-27.401471608906597,16.0256251432749,192.7923215728276,12757.25770627144,12866.671026980654,True,True,True,True,True,12922.235501534824,12922.235501534824,15621.32800355441,13057.29084785896,TSL,0.007,3844.36506170661,90.45564851074377,0.15,1.513767687486227,80.35793106286081,9.0727015456276,71.2852295172332,26021.20110607102,26092.486335588255,1.24396408979422,11
2021-04-24 18:41:59.523330,2021-04-24 19:41:59.523330,2021-04-25 04:41:59.523330,1,MOMENTUM,GREEN,UP,64.35686037884982,1.5578912749782603,27.417900922868053,135.29400078971395,12770.751190573123,12856.807409945697,True,False,True,False,True,12894.79544753135,12894.79544753135,14788.911458587347,13688.927728648707,TSL,0.007,3836.2016456405768,90.26356813271946,0.15,1.24396408979422,472.5087072648268,9.053435883711762,463.455271381115,26092.486335588255,26555.94160696937,0.0,10
2021-04-26 14:41:59.523330,2021-04-26 15:41:59.523330,2021-04-26 20:41:59.523330,1,REVERSAL,GREEN,UP,35.86566947919931,-100.03275008622975,33.41187440895529,133.37940139461364,13558.44235850812,13165.215690221332,True,True,True,True,True,13398.705874682311,13184.326580687395,15266.017494206902,13184.326580687395,SL,0.006,3416.6699980439894,80.39223524809387,0.15,0.0,-109.33343993740726,8.063341195383815,-117.39678113279109,26555.94160696937,26438.54482583658,0.44207350230797166,6
2021-04-27 19:41:59.523330,2021-04-27 20:41:59.523330,2021-04-27 21:41:59.523330,-1,REVERSAL,RED,DOWN,50.2944196842732,57.02022122829848,22.456674540112,131.59799735251164,13063.735091814618,13089.804031965177,True,True,True,True,True,12750.640134156543,12954.650376303049,10908.26817122138,12954.650376303049,SL,0.007,3793.3154399115715,89.2544809390958,0.15,0.44207350230797166,-121.38609407717068,8.952224438191308,-130.338318515362,26438.54482583658,26308.206507321218,0.9328801189378089,2
2021-04-28 16:41:59.523330,2021-04-28 17:41:59.523330,2021-04-29 01:41:59.523330,1,REVERSAL,GREEN,UP,42.246378137681745,-70.07357327191917,27.897692123474798,148.0009495350527,13313.874918331841,13169.459847666292,True,True,True,True,True,13183.321230447618,13183.321230447618,15255.334523938356,13591.387854721375,TSL,0.007,3922.0380660581664,92.28324861313332,0.15,0.9328801189378089,242.79964144288547,9.256009835897272,233.5436316069882,26308.206507321218,26541.750138928208,0.053439897749423294,9
2021-04-29 21:41:59.523330,2021-04-29 22:41:59.523330,2021-04-30 01:41:59.523330,1,MOMENTUM,RED,UP,68.62144059099975,9.45827181823276,26.49868142827104,131.59350484233084,13681.79085255382,13363.315240992028,True,True,True,False,True,14312.11646736196,14312.11646736196,16154.425535154593,14464.280831742164,TSL,0.006,3649.5896991772997,85.87269880417176,0.15,0.053439897749423294,77.60382583390381,8.613031690058428,68.99079414384539,26541.750138928208,26610.740933072055,0.0,4
2021-05-01 05:41:59.523330,2021-05-01 06:41:59.523330,2021-05-01 10:41:59.523330,1,MOMENTUM,RED,UP,62.81476684821589,0.13690186360204848,18.53344190448488,159.9106602102043,14354.980687685613,13695.01038865223,True,False,True,False,True,14959.071159555542,14959.071159555542,17197.8204024984,15278.217328216015,TSL,0.006,3814.563145686663,89.75442695733325,0.15,0.0,162.764546016841,9.002369023820526,153.7621769930205,26610.740933072055,26764.503110065074,0.0,5
2021-05-02 06:41:59.523330,2021-05-02 07:41:59.523330,2021-05-02 15:41:59.523330,1,REVERSAL,GREEN,UP,25.914517640886373,-85.65495698878061,34.18205501102356,126.3107107099805,14508.897743508836,13879.332948784346,True,True,True,True,True,13925.479800766563,13925.479800766563,15693.82975070629,14560.643595322725,TSL,0.006,3550.9973491954734,83.55287880459937,0.15,0.0,323.93353522364237,8.380353744101317,315.5531814795411,26764.503110065074,27080.056291544613,0.0,9
2021-05-04 17:41:59.523330,2021-05-04 18:41:59.523330,2021-05-04 23:41:59.523330,-1,MOMENTUM,RED,DOWN,35.47236694513259,-2.9797848810189347,15.152589328211969,118.5878857513236,14149.38277867167,13977.625247932774,True,False,True,False,True,13856.800780622094,13856.800780622094,12196.570380103563,13717.742902393888,TSL,0.006,3533.484199058634,83.14080468373257,0.15,0.0,70.91951789638527,8.339022709778376,62.58049518660689,27080.056291544613,27142.636786731222,0.0,6
2021-05-05 02:41:59.523330,2021-05-05 03:41:59.523330,2021-05-05 04:41:59.523330,1,MOMENTUM,GREEN,UP,56.26481746321162,8.31532817365352,17.14819476064146,142.7502993839114,14072.735503617063,13974.365899331267,True,True,True,False,True,13965.410558964715,13741.96399002128,15963.914750339474,13741.96399002128,SL,0.006,3561.179692536002,83.79246335378829,0.15,0.0,-113.95775016115165,8.404384074384966,-122.36213423553663,27142.636786731222,27020.274652495686,0.4508115228338963,2
2021-05-05 11:41:59.523330,2021-05-05 12:41:59.523330,2021-05-05 17:41:59.523330,1,MOMENTUM,GREEN,UP,61.7477137254008,18.76572774233165,23.480917236992106,163.04716228970054,13963.512529984793,13956.565547809967,True,True,True,False,True,13922.81187767218,13922.81187767218,16205.472149727988,14052.195283820438,TSL,0.006,3550.317028806406,83.53687126603309,0.15,0.4508115228338963,65.98553713561137,8.378748187983119,57.606788947628246,27020.274652495686,27077.881441443315,0.23857426158229142,6
2021-05-07 04:41:59.523330,2021-05-07 05:41:59.523330,2021-05-07 07:41:59.523330,-1,REVERSAL,RED,DOWN,53.817869421036754,77.44457648180573,26.416511912366435,159.92321641143386,13578.480544567343,13829.064182392309,True,True,True,True,True,13675.318012524958,13894.123100725357,11436.392982764884,13894.123100725357,SL,0.006,3487.2060931938645,82.05190807514975,0.15,0.23857426158229142,-111.59059498220351,8.22980637993752,-119.82040136214103,27077.881441443315,26958.061040081175,0.6800214293855111,3
2021-05-07 09:41:59.523330,2021-05-07 10:41:59.523330,2021-05-07 13:41:59.523330,-1,REVERSAL,RED,DOWN,58.59239757097495,56.57082894303254,25.782586746938005,134.39366318839987,13621.378619021134,13818.557458818614,True,True,True,True,True,13763.051240363498,13763.051240363498,11881.5399557259,13452.52414113938,TSL,0.006,3509.578066292692,82.57830744218099,0.15,0.6800214293855111,158.36882060430045,8.282604236450753,150.0862163678497,26958.061040081175,27108.147256449025,0.1270677220978666,4
2021-05-09 08:41:59.523330,2021-05-09 09:41:59.523330,2021-05-09 13:41:59.523330,-1,MOMENTUM,GREEN,DOWN,36.23629643822635,-3.2564888531552327,22.825944999145232,103.04609506649615,12994.73628194741,13461.146434242082,True,False,True,False,True,12491.61044379825,12491.61044379825,11048.965112867305,12373.640066303293,TSL,0.007,3716.25410702998,87.44127310658776,0.15,0.1270677220978666,70.19237460949977,8.770359692590752,61.42201491690902,27108.147256449025,27169.569271365934,0.0,5
2021-05-10 07:41:59.523330,2021-05-10 08:41:59.523330,2021-05-10 12:41:59.523330,-1,REVERSAL,RED,DOWN,51.475175180621136,65.44753896372222,27.733344656283798,143.1642524180655,12392.646317877212,13179.225199555194,True,True,True,True,True,12072.744397517348,12265.908307877626,10068.444863664432,12265.908307877626,SL,0.007,3591.641458261411,84.50921078262144,0.15,0.0,-114.93252666436508,8.47627384149693,-123.408800505862,27169.569271365934,27046.16047086007,0.4542169928174858,5
2021-05-10 20:41:59.523330,2021-05-10 21:41:59.523330,2021-05-11 02:41:59.523330,-1,MOMENTUM,GREEN,DOWN,39.413627428504434,-1.9784427458977856,22.2747265840453,149.60700473377258,12342.910872754439,13030.941274885667,True,False,True,False,True,12038.10695202418,12038.10695202418,9943.608885751364,11854.445740070663,TSL,0.007,3581.3368182271934,84.26674866416926,0.15,0.4542169928174858,109.27842111234239,8.451954891016177,100.8264662213262,27046.16047086007,27146.986937081398,0.08311627637150515,6
2021-05-11 12:41:59.523330,2021-05-11 13:41:59.523330,2021-05-11 19:41:59.523330,-1,REVERSAL,RED,DOWN,46.79844821953524,18.161740855850468,14.985081534148087,146.13469582455744,12176.877536527258,12886.89576968596,True,True,True,True,True,12065.006169471497,12258.046268183041,10019.120427927694,12258.046268183041,SL,0.007,3589.3393354177706,84.45504318630049,0.15,0.08311627637150515,-114.85885873336898,8.470840831585939,-123.32969956495492,27146.986937081398,27023.657237516443,0.5370421311878043,7
2021-05-12 02:41:59.523330,2021-05-12 03:41:59.523330,2021-05-12 11:41:59.523330,-1,MOMENTUM,GREEN,DOWN,39.662008527696955,-0.6810185159488142,11.927201065428827,130.23564918809453,12168.554237421631,12804.448803446141,True,False,True,False,True,11986.727327789537,11986.727327789537,10163.428239156214,11253.879258487452,TSL,0.007,3566.0513800173867,83.90709129452675,0.15,0.5370421311878043,436.0446012347404,8.415881256841033,427.62871997789944,27023.657237516443,27451.285957494343,0.0,9
2021-05-13 04:41:59.523330,2021-05-13 05:41:59.523330,2021-05-13 07:41:59.523330,-1,REVERSAL,RED,DOWN,61.437264220352056,74.173591372773,29.205841056279215,116.91961131250774,11809.24934472,12538.529580452428,True,True,True,True,True,11919.626714999396,12110.340742439386,10282.752156624289,12110.340742439386,SL,0.008,4052.6730830997953,95.35701371999518,0.15,0.0,-129.68553865919313,9.564308476115517,-139.24984713530864,27451.285957494343,27312.036110359033,0.5072616537925583,3
2021-05-13 08:41:59.523330,2021-05-13 09:41:59.523330,2021-05-13 13:41:59.523330,-1,REVERSAL,RED,DOWN,61.18658309809441,66.02524825509852,33.02971080139581,118.71673954704653,11839.450769216344,12515.254633415347,True,True,True,True,True,11873.14834225407,12063.118715730136,10211.113988595418,12063.118715730136,SL,0.008,4036.8704363663837,94.98518673803255,0.15,0.5072616537925583,-129.1798539637249,9.527014229824665,-138.70686819354955,27312.036110359033,27173.329242165484,1.0125453348861253,5
2021-05-13 15:41:59.523330,2021-05-13 16:41:59.523330,2021-05-13 20:41:59.523330,-1,REVERSAL,RED,DOWN,55.06621123545321,19.09383897782888,23.947332274504426,111.37087692642012,11879.88144885587,12495.436370295869,True,True,True,True,True,11922.102246773473,11922.102246773473,10362.909969803592,11789.857539276836,TSL,0.008,4053.514763902981,95.37681797418779,0.15,1.0125453348861253,89.92640109771295,9.566294842811034,80.36010625490192,27173.329242165484,27253.689348420387,0.7198082063620475,5
2021-05-14 02:41:59.523330,2021-05-14 03:41:59.523330,2021-05-14 04:41:59.523330,-1,MOMENTUM,RED,DOWN,46.84275832668912,-1.5327891387380106,15.195121261429822,112.82203113418444,11900.596759514729,12425.031426717098,True,False,True,False,True,11870.71889438399,12060.650396694135,10291.210458505408,12060.650396694135,SL,0.008,4036.0444240905567,94.96575115507193,0.15,0.7198082063620475,-129.15342157089822,9.525064840853714,-138.67848641175192,27253.689348420387,27115.010862008636,1.2249884978299261,2
2021-05-14 10:41:59.523330,2021-05-14 11:41:59.523330,2021-05-14 13:41:59.523330,-1,MOMENTUM,GREEN,DOWN,35.67444661575385,-18.05142107157893,19.168584830882153,139.3744889602579,11937.668236357595,12396.48386552114,True,True,True,False,True,11821.874829616856,12011.024826890725,9870.631984173246,12011.024826890725,SL,0.008,4019.4374420697313,94.57499863693485,0.15,1.2249884978299261,-128.62199814623114,9.485872363284566,-138.1078705095157,27115.010862008636,26976.90299149912,1.7280901402206088,3
2021-05-15 01:41:59.523330,2021-05-15 02:41:59.523330,2021-05-15 07:41:59.523330,-1,REVERSAL,RED,DOWN,61.83759319102035,36.34844576614407,27.19877415145073,97.6846892471765,12030.737497504522,12376.942264793499,True,True,True,True,True,12386.72175953762,12584.909307690223,11019.13611007715,12584.909307690223,SL,0.007,3685.0497234624427,86.70705231676335,0.15,1.7280901402206088,-117.92159115079829,8.696717347371365,-126.61830849816965,26976.90299149912,26850.284683000948,2.1893374154638434,6
2021-05-16 19:41:59.523330,2021-05-16 20:41:59.523330,2021-05-17 04:41:59.523330,1,MOMENTUM,GREEN,UP,76.3765370993469,7.639308213433651,35.67015815000298,136.71587561030586,13186.023587798805,12708.010964529898,True,True,True,False,True,14226.087668630982,13998.470265932887,16140.109927175265,13998.470265932887,SL,0.006,3627.6523555009003,85.35652601178589,0.15,2.1893374154638434,-116.08487537602856,8.561259558982126,-124.64613493501069,26850.284683000948,26725.638548065937,2.6434004241258515,9
2021-05-17 15:41:59.523330,2021-05-17 16:41:59.523330,2021-05-17 20:41:59.523330,1,REVERSAL,GREEN,UP,22.475777180933534,-107.82001532772667,37.43391878312176,120.81563283813888,13562.727526594643,12910.011067868503,True,True,True,True,True,13351.357902182725,13351.357902182725,15042.77676191667,13816.668992865143,TSL,0.007,3972.028975899361,93.45950531527907,0.15,2.6434004241258515,276.86009895603905,9.373988383122493,267.4861105729165,26725.638548065937,26993.124658638855,1.6689975819890783,5
2021-05-17 23:41:59.523330,2021-05-18 00:41:59.523330,2021-05-18 05:41:59.523330,1,MOMENTUM,RED,UP,51.328932780306566,0.1906142983855048,19.844187415416155,129.0976048807724,13576.761383464773,12975.933237372039,True,False,True,False,True,13676.857784333117,13458.028059783786,15484.224252663931,13458.028059783786,SL,0.006,3487.598735004945,82.06114670599871,0.15,1.6689975819890783,-111.60315952015853,8.23073301461167,-119.8338925347702,26993.124658638855,26873.290766104084,2.1055304741833525,6
2021-05-20 05:41:59.523330,2021-05-20 06:41:59.523330,2021-05-20 12:41:59.523330,1,REVERSAL,GREEN,UP,36.6373219858974,-65.66668549745665,29.296087750576778,149.41702816027964,13760.144457623814,13322.419655712045,True,True,True,True,True,13532.63174470275,13532.63174470275,15624.470138946665,14285.704173221695,TSL,0.007,4025.9579440490684,94.72842221291926,0.15,2.1055304741833525,448.07809496877195,9.501260747955802,438.5768342208161,26873.290766104084,27311.867600324902,0.507875504941069,7
2021-05-21 21:41:59.523330,2021-05-21 22:41:59.523330,2021-05-22 05:41:59.523330,1,REVERSAL,GREEN,UP,34.5627776275073,-69.84339762996444,35.537702095249,131.5558700495368,14049.033654049545,13610.435801899734,True,True,True,True,True,13636.072072738572,13636.072072738572,15477.854253432088,14006.281414821357,TSL,0.007,4056.7314416397257,95.45250450917001,0.15,0.507875504941069,220.27455853925656,9.573886202269753,210.7006723369868,27311.867600324902,27522.568272661887,0.0,8
2021-05-23 15:41:59.523330,2021-05-23 16:41:59.523330,2021-05-23 20:41:59.523330,1,MOMENTUM,RED,UP,64.30114279613662,3.084185964058406,15.64740732901936,161.87044663900951,14267.94426122274,13828.455464407609,True,False,True,False,True,14742.266046764757,14506.389790016521,17008.45229971089,14506.389790016521,SL,0.006,3759.277841925013,88.45359628058854,0.15,0.0,-120.29689094160005,8.87189570694303,-129.1687866485431,27522.568272661887,27393.399486013343,0.4693195248673344,5
2021-05-23 22:41:59.523330,2021-05-23 23:41:59.523330,2021-05-24 02:41:59.523330,1,MOMENTUM,GREEN,UP,66.31314926132441,11.047716818450354,16.141640077945354,190.06720552064732,14362.397403045123,13902.13165242926,True,True,True,False,True,14976.28663919687,14976.28663919687,17637.22751648593,15230.973678908933,TSL,0.006,3818.9530929952016,89.85771983518121,0.15,0.4693195248673344,129.89039025315253,9.012729299468678,120.87766095368386,27393.399486013343,27514.277146967026,0.030124825607559764,4
2021-05-24 13:41:59.523330,2021-05-24 14:41:59.523330,2021-05-24 22:41:59.523330,1,MOMENTUM,RED,UP,73.42184443580791,14.869654555127937,30.6121020723814,166.952516376162,14792.960479996807,14116.591476582704,True,True,True,False,True,15770.989069282425,15518.653244173905,18108.324298548694,15518.653244173905,SL,0.006,4021.602212667018,94.62593441569454,0.15,0.030124825607559764,-128.6912708053448,9.490981221894163,-138.18225202723897,27514.277146967026,27376.094894939786,0.5321937119785168,9
2021-05-27 10:41:59.523330,2021-05-27 11:41:59.523330,2021-05-27 17:41:59.523330,1,MOMENTUM,RED,UP,56.81182999242398,14.409873888587512,22.933261495945484,232.32039916560427,16611.477106159364,15348.6837706409,True,True,True,False,True,16755.501383244675,16755.501383244675,20007.986971563136,16922.656074308914,TSL,0.005,3560.5440439394933,83.77750691622337,0.15,0.5321937119785168,71.04074370230164,8.402883943697205,62.63785975860443,27376.094894939786,27438.73275469839,0.30460644927083363,7
2021-05-28 02:41:59.523330,2021-05-28 03:41:59.523330,2021-05-28 09:41:59.523330,1,REVERSAL,GREEN,UP,29.6469511811068,-69.44056315230667,30.979169242764186,143.5679947327488,16535.877675981294,15500.793705849503,True,True,True,True,True,15992.50079706586,15736.620784312807,18002.452723324343,15736.620784312807,SL,0.006,4078.0877032517947,95.95500478239516,0.15,0.30460644927083363,-130.49880650405754,9.624286979674235,-140.1230934837318,27438.73275469839,27298.609661214658,0.8137271537616173,7
2021-05-28 11:41:59.523330,2021-05-28 12:41:59.523330,2021-05-28 16:41:59.523330,1,REVERSAL,GREEN,UP,30.510957910429482,-26.638353711276352,37.29453244179547,139.3780652871363,16339.273594628205,15524.20991945582,True,True,True,True,True,15736.852473550149,15736.852473550149,17688.145387570057,16034.480931953745,TSL,0.006,4012.897380755288,94.42111484130089,0.15,0.8137271537616173,151.79051378583426,9.47043781858248,142.3200759672518,27298.609661214658,27440.92973718191,0.29662397299262944,5
2021-05-29 14:41:59.523330,2021-05-29 15:41:59.523330,2021-05-29 23:41:59.523330,1,REVERSAL,GREEN,UP,40.365749053247356,-36.23602553013582,21.13855385372916,151.1939934235462,16085.986743438307,15628.223497169589,True,True,True,True,True,15717.185083435304,15717.185083435304,17833.90099136495,16503.081232689354,TSL,0.006,4007.8821962760026,94.30311050061182,0.15,0.29662397299262944,400.8070361195651,9.458601983211366,391.3484341363538,27440.92973718191,27832.278171318263,0.0,9
2021-05-31 17:41:59.523330,2021-05-31 18:41:59.523330,2021-05-31 21:41:59.523330,-1,MOMENTUM,GREEN,DOWN,24.91088180596742,-17.786115104315968,24.100063624345562,151.02581334235418,14896.066344530034,15300.227047220947,True,True,True,False,True,13995.789060372172,14219.721685338127,11881.427673579214,14219.721685338127,SL,0.007,4163.7472454607205,97.9705234226052,0.15,0.0,-133.23991185474338,9.826443499287302,-143.06635535403066,27832.278171318263,27689.211815964234,0.5140303444561781,4
2021-06-02 07:41:59.523330,2021-06-02 08:41:59.523330,2021-06-02 14:41:59.523330,-1,REVERSAL,RED,DOWN,48.87487391128918,51.1221273424903,33.172122443075466,195.68807455751505,14689.781014267814,15070.567567185792,True,True,True,True,True,14925.652686700256,14925.652686700256,12186.019642895044,14925.652686700256,SL,0.006,3806.041435108565,89.55391612020154,0.15,0.5140303444561781,-0.0,8.982257786856215,-8.982257786856215,27689.211815964234,27680.22955817738,0.5463031527816958,7
2021-06-02 17:41:59.523330,2021-06-02 18:41:59.523330,2021-06-03 03:41:59.523330,1,MOMENTUM,RED,UP,69.42489646178802,5.108000552389939,22.245324643661384,137.29490210096446,14793.07911017938,15072.143326596259,True,True,True,False,True,15226.749661374632,15226.749661374632,17148.878290788132,16161.287908865821,TSL,0.006,3882.8211636505307,91.36049796824778,0.15,0.5463031527816958,476.61450622050666,9.163457946215253,467.45104827429145,27680.22955817738,28147.68060645167,0.0,10
2021-06-04 06:41:59.523330,2021-06-04 07:41:59.523330,2021-06-04 11:41:59.523330,1,MOMENTUM,GREEN,UP,60.22025479979212,10.082114483157355,17.93167956946678,169.46611380362833,15080.28994000071,15113.39639089965,True,True,True,False,True,15182.742577072117,14939.818695838963,17555.268170322914,14939.818695838963,SL,0.006,3871.59935715339,91.0964554624327,0.15,0.0,-123.89117942890815,9.136974482882,-133.02815391179016,28147.68060645167,28014.65245253988,0.47260787050887043,5
2021-06-05 03:41:59.523330,2021-06-05 04:41:59.523330,2021-06-05 07:41:59.523330,1,MOMENTUM,RED,UP,65.81574802722803,24.48029914387408,14.722307472959585,195.65078206702026,15023.91421387141,15097.468817597004,True,True,True,False,True,15372.58317098027,15126.621840244585,18111.694119918553,15126.621840244585,SL,0.006,3920.008708599969,92.23549902588162,0.15,0.47260787050887043,-125.4402786751993,9.251220552295928,-134.69149922749523,28014.65245253988,27879.960953312388,0.9511250922675324,4
2021-06-05 08:41:59.523330,2021-06-05 09:41:59.523330,2021-06-05 11:41:59.523330,-1,MOMENTUM,RED,DOWN,37.0433386657199,-5.9859879117703265,18.63693058779304,186.75044796883694,15042.860765002482,15094.290545189557,True,True,True,False,True,14779.950549511148,15016.429758303326,12165.44427794743,15016.429758303326,SL,0.006,3768.887390125343,88.6797032970669,0.15,0.9511250922675324,-120.60439648401069,8.89457424069581,-129.4989707247065,27879.960953312388,27750.46198258768,1.4111948668798873,3
2021-06-05 12:41:59.523330,2021-06-05 13:41:59.523330,2021-06-05 18:41:59.523330,1,MOMENTUM,RED,UP,58.80092790753621,9.867470535351233,16.824598526167104,159.8979663309835,15044.984726674416,15095.843826998527,True,True,True,False,True,15207.960161286965,15207.960161286965,17446.531689920732,15361.082524265761,TSL,0.006,3878.029841128176,91.24776096772179,0.15,1.4111948668798873,78.09240511918618,9.152150425062496,68.94025469412368,27750.46198258768,27819.402237281804,1.1662714728069772,6
2021-06-05 19:41:59.523330,2021-06-05 20:41:59.523330,2021-06-06 00:41:59.523330,-1,REVERSAL,RED,DOWN,41.4975052932001,10.420772416547436,18.272069529912677,150.8088267608501,15092.109504994678,15093.001926140727,True,True,True,True,True,14970.417542146915,14970.417542146915,12859.093967495013,14970.417542146915,SL,0.006,3817.4564732474637,89.8225052528815,0.15,1.1662714728069772,-0.0,9.009197276864015,-9.009197276864015,27819.402237281804,27810.39304000494,1.1982783631892673,5
2021-06-06 08:41:59.523330,2021-06-06 09:41:59.523330,2021-06-06 11:41:59.523330,1,MOMENTUM,GREEN,UP,61.64410545557122,3.9750297095633016,21.72113781333956,166.2988190038388,15012.050609417023,15075.874670493085,True,False,True,False,True,15039.609881034628,15039.609881034628,17367.793347088373,15158.426139214142,TSL,0.006,3835.1005196638303,90.23765928620777,0.15,1.1982783631892673,60.59629167155172,9.05083722640664,51.545454445145076,27810.39304000494,27861.938494450085,1.0151533122629355,3
2021-06-06 18:41:59.523330,2021-06-06 19:41:59.523330,2021-06-06 22:41:59.523330,-1,MOMENTUM,RED,DOWN,43.12029921989024,-7.102461533387798,16.812231108218725,172.54949133834998,15045.094341509612,15059.135777820262,True,True,True,False,True,14808.230441783053,14808.230441783053,12392.537563046153,14582.554299622878,TSL,0.006,3776.0987626546785,88.84938265069832,0.15,1.0151533122629355,115.09483250168927,8.911593079865042,106.18323942182423,27861.938494450085,27968.12173387191,0.6379171168320147,4
2021-06-07 00:41:59.523330,2021-06-07 01:41:59.523330,2021-06-07 08:41:59.523330,1,MOMENTUM,GREEN,UP,64.72353678276502,10.507510553008672,19.894914990089127,212.8446889197688,15004.273407895464,15089.956532450626,True,True,True,False,True,15457.466142610176,15457.466142610176,18437.291787486938,16306.621188767986,TSL,0.006,3941.6538663655947,92.74479685566105,0.15,0.6379171168320147,433.0690735404831,9.302303124622803,423.7667704158603,27968.12173387191,28391.88850428777,0.0,8
2021-06-09 14:41:59.523330,2021-06-09 15:41:59.523330,2021-06-09 18:41:59.523330,1,MOMENTUM,RED,UP,72.74295671426154,28.856573932474745,19.513939447418934,209.5215342473905,16940.82083024425,15957.748848396668,True,True,True,False,True,17875.176954662154,17589.17412338756,20808.47843412562,17589.17412338756,SL,0.005,3798.475102865708,89.37588477331077,0.15,0.0,-121.55120329170342,8.96440124276307,-130.5156045344665,28391.88850428777,28261.372899753303,0.45969328357553935,4
2021-06-10 03:41:59.523330,2021-06-10 04:41:59.523330,2021-06-10 08:41:59.523330,1,MOMENTUM,RED,UP,73.4619910405819,17.973409602458844,21.303271900900448,172.52243946231886,17229.840099520698,16159.285936620216,True,True,True,False,True,18116.89460684782,17827.024293138256,20532.208759320285,17827.024293138256,SL,0.005,3849.8401039551622,90.58447303423911,0.15,0.45969328357553935,-123.19488332656529,9.085622645334183,-132.28050597189946,28261.372899753303,28129.092393781404,0.92560278428354,5
2021-06-10 14:41:59.523330,2021-06-10 15:41:59.523330,2021-06-10 20:41:59.523330,1,REVERSAL,GREEN,UP,36.146098252534664,-94.58114737992427,31.032494064155504,157.3684873806826,17321.743890861333,16303.200100321905,True,True,True,True,True,17204.48526084905,17204.48526084905,19407.644084178606,17500.363114372034,TSL,0.005,3655.9531179304236,86.02242630424526,0.15,0.92560278428354,125.7480877472678,8.6280493583158,117.12003838895201,28129.092393781404,28246.212432170356,0.5130904627757115,6
2021-06-10 21:41:59.523330,2021-06-10 22:41:59.523330,2021-06-11 00:41:59.523330,1,MOMENTUM,GREEN,UP,58.18386418077773,3.6169135733985662,22.17985355076307,171.32218405950888,17340.17814054809,16398.314879697067,True,False,True,False,True,17612.003792842024,17330.211732156553,20010.514369675147,17330.211732156553,SL,0.005,3742.5508059789304,88.06001896421013,0.15,0.5130904627757115,-119.76162579132533,8.832419902110276,-128.59404569343562,28246.212432170356,28117.61838647692,0.9660157610489009,3
2021-06-11 03:41:59.523330,2021-06-11 04:41:59.523330,2021-06-11 16:41:59.523330,1,MOMENTUM,RED,UP,60.80105409562176,15.476255160697995,16.562779433930633,173.71223956205193,17371.36416779961,16447.48249880588,True,True,True,False,True,17631.710053490577,17631.710053490577,20063.681407359305,18466.432303330595,TSL,0.005,3746.7383863667474,88.15855026745288,0.15,0.9660157610489009,354.75695618200797,8.842302591825524,345.91465359018247,28117.61838647692,28463.5330400671,0.0,13
2021-06-12 20:41:59.523330,2021-06-12 21:41:59.523330,2021-06-13 03:41:59.523330,1,REVERSAL,GREEN,UP,33.32221035603678,-75.77749024592772,23.855552809517896,152.68573491881529,17736.892228560508,16932.532319002403,True,True,True,True,True,17317.69851547707,17317.69851547707,19455.298804340484,17460.55011569253,TSL,0.005,3680.0109345388773,86.58849257738535,0.15,0.0,60.71193009157096,8.684825805511752,52.02710428605921,28463.5330400671,28515.56014435316,0.0,7
2021-06-13 04:41:59.523330,2021-06-13 05:41:59.523330,2021-06-13 08:41:59.523330,1,REVERSAL,GREEN,UP,58.34310777318585,15.558765065958454,19.596353840923058,140.69937617817556,17649.360645034452,16965.729562024047,True,True,True,True,True,17571.53345004947,17290.388914848678,19541.324716543924,17290.388914848678,SL,0.005,3733.950858135512,87.85766725024735,0.15,0.0,-119.48642746033593,8.81212402519981,-128.29855148553574,28515.56014435316,28387.261592867624,0.4499247107055056,4
2021-06-13 22:41:59.523330,2021-06-13 23:41:59.523330,2021-06-14 00:41:59.523330,1,MOMENTUM,GREEN,UP,55.72314517919698,7.570696442182296,13.983618000696245,176.7476400480267,17486.432726221854,17023.858156478185,True,True,True,False,True,17289.487158352033,17012.8553638184,19763.954119024405,17012.8553638184,SL,0.005,3674.0160211498073,86.44743579176017,0.15,0.4499247107055056,-117.5685126767945,8.670677809913546,-126.23919048670804,28387.261592867624,28261.022402380917,0.89262753627741,2
2021-06-14 06:41:59.523330,2021-06-14 07:41:59.523330,2021-06-14 16:41:59.523330,1,MOMENTUM,GREEN,UP,56.9956405356431,7.814323969871197,17.13924642426941,179.76804906023133,17362.447356487028,17024.1855273837,True,True,True,False,True,17109.533964358263,16835.78142092853,19626.286651201503,16835.78142092853,SL,0.005,3635.775967426131,85.54766982179132,0.15,0.89262753627741,-116.3448309576358,8.58043128312567,-124.92526224076148,28261.022402380917,28136.097140140155,1.3307226030001327,10
2021-06-14 19:41:59.523330,2021-06-14 20:41:59.523330,2021-06-14 21:41:59.523330,-1,MOMENTUM,RED,DOWN,43.075619955647106,-0.6537196012350535,12.003996301131144,186.46242026317887,17217.733247820328,17021.288793339983,True,False,True,False,True,16838.676604000142,17108.095429664143,14228.202720315638,17108.095429664143,SL,0.005,3578.2187783500303,84.19338302000071,0.15,1.3307226030001327,-114.50300090720039,8.444596316906072,-122.94759722410646,28136.097140140155,28013.14954291605,1.7618822807399797,2
2021-06-16 02:41:59.523330,2021-06-16 03:41:59.523330,2021-06-16 05:41:59.523330,1,MOMENTUM,GREEN,UP,59.62935601318064,0.29735557981155125,17.422101328454808,158.79510591741243,17495.89197886284,17184.393979689004,True,False,True,False,True,17927.381849258036,17927.381849258036,20150.51333210181,18014.78363199503,TSL,0.005,3809.568642967333,89.63690924629019,0.15,1.7618822807399797,37.14575766322223,8.990581997402906,28.155175665819325,28013.14954291605,28041.30471858187,1.6631460976761003,3
2021-06-16 10:41:59.523330,2021-06-16 11:41:59.523330,2021-06-16 15:41:59.523330,1,MOMENTUM,GREEN,UP,63.682972097832966,1.3196167453958765,18.34490914357566,159.64277752018396,17639.98718091934,17247.52467580608,True,False,True,False,True,18161.878648777067,17871.288590396634,20396.87753405964,17871.288590396634,SL,0.005,3859.399212865127,90.80939324388534,0.15,1.6631460976761003,-123.50077481168373,9.1081821423617,-132.60895695404545,28041.30471858187,27908.695761627823,2.1281867852261414,5
2021-06-18 00:41:59.523330,2021-06-18 01:41:59.523330,2021-06-18 03:41:59.523330,1,MOMENTUM,GREEN,UP,71.95171316317234,14.420915742979588,19.436274443269582,176.1522146656412,18000.761336871572,17523.87063736598,True,True,True,False,True,18715.73535358389,18715.73535358389,21181.866358902866,18862.864459006363,TSL,0.005,3977.0937626365767,93.57867676791945,0.15,2.1281867852261414,62.529869804551794,9.38594127982232,53.143928524729475,27908.695761627823,27961.839690152552,1.9418186120052736,3
2021-06-19 11:41:59.523330,2021-06-19 12:41:59.523330,2021-06-19 20:41:59.523330,1,REVERSAL,GREEN,UP,52.64503850390663,-26.20440815994725,17.717497384205018,246.6416036387522,18496.80280042673,17848.309150909878,True,True,True,True,True,18624.375968753546,18326.385953253488,22077.358419696076,18326.385953253488,SL,0.005,3957.6798933601285,93.12187984376773,0.15,1.9418186120052736,-126.64575658752456,9.340124548329904,-135.98588113585447,27961.839690152552,27825.8538090167,2.4187016907435406,9
2021-06-19 21:41:59.523330,2021-06-19 22:41:59.523330,2021-06-20 01:41:59.523330,1,MOMENTUM,RED,UP,61.65923688888395,21.526222459212697,13.10641356000186,217.96730363050716,18509.89906627855,17938.36704399243,True,True,True,False,True,18870.010659845804,18870.010659845804,21921.552910672905,19157.73468187807,TSL,0.005,4009.8772652172333,94.35005329922902,0.15,2.4187016907435406,122.28270936371364,9.46331034591267,112.81939901780096,27825.8538090167,27938.6732080345,2.02306015872846,4
2021-06-20 16:41:59.523330,2021-06-20 17:41:59.523330,2021-06-20 21:41:59.523330,1,MOMENTUM,GREEN,UP,56.7227765386954,0.6868295388504433,13.36265560747514,189.91264908019141,18619.897616286336,18082.472544059907,True,False,True,False,True,18791.9091199932,18791.9091199932,21450.68620711588,19167.023872243946,TSL,0.005,3993.280687998555,93.959545599966,0.15,2.02306015872846,159.4237697065668,9.42414242367659,149.9996272828902,27938.6732080345,28088.67283531739,1.4970328721398278,5
2021-06-21 13:41:59.523330,2021-06-21 14:41:59.523330,2021-06-21 16:41:59.523330,1,MOMENTUM,RED,UP,60.05548447712436,0.5153045749612204,14.182414077299153,227.61093705127664,18980.64954850843,18328.542252544157,True,False,True,False,True,19568.497761209703,19255.401797030347,22755.050879927578,19255.401797030347,SL,0.005,4158.305774257062,97.84248880604852,0.15,1.4970328721398278,-133.06578477622634,9.813601627246667,-142.879386403473,28088.67283531739,27945.793448913915,1.998090490086597,3
2021-06-23 12:41:59.523330,2021-06-23 13:41:59.523330,2021-06-23 20:41:59.523330,1,MOMENTUM,RED,UP,68.92647325897482,7.565962008179611,25.129895026389768,225.89410359237385,19670.11159013431,18874.53993188508,True,True,True,False,True,20681.39964695746,20681.39964695746,23843.917097250694,21515.289672042873,TSL,0.004,3515.837939982768,82.72559858782984,0.15,1.998090490086597,283.52260852904044,8.297377538359333,275.2252309906811,27945.793448913915,28221.018679904595,1.0329148821117988,8
2021-06-24 05:41:59.523330,2021-06-24 06:41:59.523330,2021-06-24 08:41:59.523330,1,MOMENTUM,RED,UP,67.96508381079957,6.5356005544057325,28.63408867588819,214.23796775168438,20423.011912190457,19278.710388389798,True,True,True,False,True,21660.793108498296,21660.793108498296,24660.124657021875,21967.11543057636,TSL,0.004,3682.33482844471,86.64317243399319,0.15,1.0329148821117988,104.14958950654167,8.690310195129516,95.45927931141216,28221.018679904595,28316.47795921601,0.6981528124621976,3
2021-06-25 01:41:59.523330,2021-06-25 02:41:59.523330,2021-06-25 08:41:59.523330,1,MOMENTUM,RED,UP,78.66986537789917,4.888771548791794,26.020837092648858,205.03479277693933,21236.17678615622,19779.79942954736,True,False,True,False,True,22795.98663657999,22431.25085039471,25666.47373545714,22431.25085039471,SL,0.004,3875.3177282185984,91.18394654631996,0.15,0.6981528124621976,-124.01016730299511,9.145749838595892,-133.15591714159103,28316.47795921601,28183.32204207442,1.1651116113338327,7
2021-06-25 16:41:59.523330,2021-06-25 17:41:59.523330,2021-06-25 20:41:59.523330,1,REVERSAL,GREEN,UP,48.52748408397416,-102.8290820217099,27.766605739263085,233.90833845799534,21698.85769309267,20153.029975162124,True,True,True,True,True,22075.87424925352,22075.87424925352,25350.590987665455,22686.66697604347,TSL,0.004,3752.8986223730985,88.30349699701408,0.15,1.1651116113338327,207.66952710858314,8.856840748800513,198.81268635978265,28183.32204207442,28382.1347284342,0.4679038926239729,4
2021-06-26 08:41:59.523330,2021-06-26 09:41:59.523330,2021-06-26 12:41:59.523330,1,MOMENTUM,GREEN,UP,56.59009675120406,3.4030802399514073,13.435520590722149,194.94075040036074,22024.651494987673,20506.404716286706,True,False,True,False,True,22535.21170258243,22535.21170258243,25264.382208187482,23036.104486056884,TSL,0.004,3830.985989439013,90.14084681032972,0.15,0.4679038926239729,170.30354638131425,9.041126935076072,161.26241944623817,28382.1347284342,28543.397147880438,0.0,4
2021-06-26 18:41:59.523330,2021-06-26 19:41:59.523330,2021-06-26 23:41:59.523330,1,MOMENTUM,RED,UP,59.624801173349915,3.916314508440223,16.083810549930895,201.54157515282864,22259.71061350797,20679.57110216444,True,False,True,False,True,22900.51507486015,22900.51507486015,25722.097126999754,23252.67908734662,TSL,0.004,3893.0875627262258,91.60206029944061,0.15,0.0,119.73576424539912,9.187686648033894,110.54807759736524,28543.397147880438,28653.945225477804,0.0,5
2021-06-28 14:41:59.523330,2021-06-28 15:41:59.523330,2021-06-28 19:41:59.523330,1,MOMENTUM,RED,UP,52.1154739785941,7.902598842648331,15.490668569020857,186.1958079735369,22795.2014055733,21504.011988298706,True,True,True,False,True,22674.2086861716,22674.2086861716,25280.94999780112,22886.75637641282,TSL,0.004,3854.6154766491727,90.69683474468641,0.15,0.0,72.26621468201455,9.096892524892048,63.16932215712251,28653.945225477804,28717.114547634927,0.0,5
2021-06-29 21:41:59.523330,2021-06-29 22:41:59.523330,2021-06-30 06:41:59.523330,1,MOMENTUM,GREEN,UP,54.12510808534917,5.369032869725904,14.648475885450653,193.58471330804727,22937.42995664547,21922.68906277867,True,True,True,False,True,22970.787078197733,22970.787078197733,25680.973064510395,23271.46573744236,TSL,0.004,3905.0338032936147,91.88314831279094,0.15,0.0,102.23074414317286,9.215879775772931,93.01486436739994,28717.114547634927,28810.129412002327,0.0,9
2021-07-01 03:41:59.523330,2021-07-01 04:41:59.523330,2021-07-01 09:41:59.523330,-1,MOMENTUM,GREEN,DOWN,30.07151405385784,-7.378238955275037,30.28072743971548,222.21197884998938,22172.810554053358,21892.695714289057,True,True,True,False,True,20902.565459917176,20902.565459917176,17791.597756017323,20720.052407468167,TSL,0.004,3553.43612818592,83.61026183966871,0.15,0.0,62.054437832662956,8.386109262518772,53.66832857014418,28810.129412002327,28863.79774057247,0.0,6
2021-07-02 14:41:59.523330,2021-07-02 15:41:59.523330,2021-07-02 20:41:59.523330,-1,MOMENTUM,GREEN,DOWN,32.36789744170369,-6.886666621247201,17.957994907706578,180.39601354853406,20930.16404538191,21481.751319639,True,True,True,False,True,20168.21794269672,20168.21794269672,17642.673753017243,20009.450425274095,TSL,0.005,4285.746312823053,100.8410897134836,0.15,0.0,67.4761949046153,10.114361298262406,57.36183360635289,28863.79774057247,28921.159574178822,0.0,6
2021-07-03 10:41:59.523330,2021-07-03 11:41:59.523330,2021-07-03 17:41:59.523330,-1,MOMENTUM,RED,DOWN,37.17315879794681,-9.066085032992333,15.184323596485767,191.45474900679415,20523.59990798119,21239.311114416545,True,True,True,False,True,19768.457368964337,19768.457368964337,17088.09088286922,19582.201731083223,TSL,0.005,4200.797190904922,98.84228684482169,0.15,0.0,79.15864609947312,9.913881370535616,69.2447647289375,28921.159574178822,28990.40433890776,0.0,7
2021-07-04 04:41:59.523330,2021-07-04 05:41:59.523330,2021-07-04 14:41:59.523330,-1,REVERSAL,RED,DOWN,61.756915322483785,103.55646062497905,30.119582537386478,174.92403965220024,20289.541454423575,21035.06162096572,True,True,True,True,True,20391.323323095352,20391.323323095352,17942.38676796455,20144.213557393658,TSL,0.005,4333.156206157762,101.95661661547676,0.15,0.0,105.02165042322014,10.22624864653232,94.79540177668781,28990.40433890776,29085.199740684446,0.0,10
2021-07-05 10:41:59.523330,2021-07-05 11:41:59.523330,2021-07-05 18:41:59.523330,-1,REVERSAL,RED,DOWN,63.13298447380757,78.32873119600727,24.800880077781954,196.28918132343225,20356.609913638793,20873.45872871407,True,True,True,True,True,20897.148883850656,21231.503265992265,18149.100345322604,21231.503265992265,SL,0.004,3552.5153102546114,83.58859553540262,0.15,0.0,-113.6804899281473,8.383936132200883,-122.06442606034818,29085.199740684446,28963.135314624098,0.4196788302938955,8
2021-07-07 14:41:59.523330,2021-07-07 15:41:59.523330,2021-07-08 06:41:59.523330,1,MOMENTUM,RED,UP,60.817923636625025,20.37306091738475,20.530706592405394,218.11726538075078,21677.449730874727,21273.24185487713,True,True,True,False,True,22052.88827112841,22052.88827112841,25106.52998645892,22448.528561585503,TSL,0.004,3748.9910060918296,88.21155308451364,0.15,0.4196788302938955,134.5176987554117,8.847618774376718,125.67007998103497,28963.135314624098,29088.805394605133,0.0,16
2021-07-09 07:41:59.523330,2021-07-09 08:41:59.523330,2021-07-09 10:41:59.523330,1,MOMENTUM,RED,UP,56.051219161266545,4.352766227593065,28.296953594113162,189.2856006686533,21604.196894728713,21412.507499860203,True,False,True,False,True,21603.35703644444,21603.35703644444,24253.355445805584,21740.17572156139,TSL,0.004,3672.570696195555,86.41342814577776,0.15,0.0,46.518352939763716,8.66726684302151,37.85108609674221,29088.805394605133,29126.656480701877,0.0,3
2021-07-10 23:41:59.523330,2021-07-11 00:41:59.523330,2021-07-11 04:41:59.523330,1,MOMENTUM,RED,UP,72.49671128523802,21.419976891272256,27.202778288651523,247.10832666537823,22526.64952386183,21812.46193163392,True,True,True,False,True,23703.182112352515,23703.182112352515,27162.698685667812,24538.565058541204,TSL,0.004,4029.5409590999275,94.81272844941006,0.15,0.0,284.03020170415425,9.509716663475828,274.5204850406784,29126.656480701877,29401.176965742554,0.0,5
2021-07-11 22:41:59.523330,2021-07-11 23:41:59.523330,2021-07-12 03:41:59.523330,1,MOMENTUM,RED,UP,81.87152347547786,24.249460121466882,39.82111069764916,306.5615776664217,24097.853627599354,22557.852588479444,True,True,True,False,True,26341.46855272244,25920.00505587888,30633.330640052343,25920.00505587888,SL,0.003,3358.537240472111,79.02440565816732,0.15,0.0,-107.47319169510787,7.926147887514183,-115.39933958262206,29401.176965742554,29285.777626159932,0.392499047630243,5
2021-07-12 17:41:59.523330,2021-07-12 18:41:59.523330,2021-07-12 21:41:59.523330,1,REVERSAL,GREEN,UP,43.47713672432717,-150.70669814323065,26.933743197352698,198.54607219556345,25041.44773047003,23155.27915326251,True,True,True,True,True,25631.57586616698,25631.57586616698,28411.220876904867,25975.189364895377,TSL,0.004,4357.367897248387,102.52630346466792,0.15,0.392499047630243,116.82858956765551,10.283388237506193,106.54520133014933,29285.777626159932,29392.322827490083,0.030114910919339977,4
2021-07-14 19:41:59.523330,2021-07-14 20:41:59.523330,2021-07-14 23:41:59.523330,1,REVERSAL,GREEN,UP,48.49296884116366,-35.13686766366948,18.763246558112,339.50607137800296,26006.19466322146,24367.416663150812,True,True,True,True,True,25607.571681497782,25197.850534593817,30360.656680789823,25197.850534593817,SL,0.004,4353.287185854623,102.43028672599114,0.15,0.030114910919339977,-139.30518994734805,10.273757758616913,-149.57894770596496,29392.322827490083,29242.743879784117,0.5388664751177781,4
2021-07-15 07:41:59.523330,2021-07-15 08:41:59.523330,2021-07-15 13:41:59.523330,1,REVERSAL,GREEN,UP,39.47105388223137,-62.977088261583674,27.029145492497275,302.4854470866934,25558.895546533993,24411.346970395305,True,True,True,True,True,24673.344021188597,24673.344021188597,28908.140280402306,25115.945964484177,TSL,0.004,4194.4684836020615,98.69337608475439,0.15,0.5388664751177781,150.4846607204972,9.898945621300866,140.58571509919634,29242.743879784117,29383.329594883315,0.060702912948125964,6
2021-07-15 21:41:59.523330,2021-07-15 22:41:59.523330,2021-07-16 02:41:59.523330,-1,MOMENTUM,GREEN,DOWN,33.69555954369413,-7.960627665874824,18.737330508825238,241.62265156316147,25223.15560812019,24429.647943109045,True,True,True,False,True,24180.083018384965,24180.083018384965,20797.365896500705,23821.110602474502,TSL,0.004,4110.614113125444,96.72033207353986,0.15,0.060702912948125964,122.05062140955728,9.70104930697605,112.34957210258123,29383.329594883315,29495.679166985898,0.0,5
2021-07-16 08:41:59.523330,2021-07-16 09:41:59.523330,2021-07-16 11:41:59.523330,-1,MOMENTUM,RED,DOWN,32.33472919804852,-4.356143494203593,25.31298016428036,253.32907923542433,24750.187503204186,24351.973054650647,True,False,True,False,True,23412.44980915883,23412.44980915883,19865.84269986289,23208.880565968044,TSL,0.004,3980.1164675570008,93.64979923663532,0.15,0.0,69.21354268486677,9.393074863434522,59.820467821432246,29495.679166985898,29555.49963480733,0.0,3
2021-07-17 00:41:59.523330,2021-07-17 01:41:59.523330,2021-07-17 05:41:59.523330,-1,MOMENTUM,GREEN,DOWN,33.133437929542225,-2.6810453594889054,35.91178849954759,267.9548162855743,23865.101935021292,24107.682816055585,True,False,True,False,True,22393.266683903294,22393.266683903294,18641.899255905253,22007.6324788871,TSL,0.004,3806.8553362635603,89.57306673561318,0.15,0.0,131.11562970550622,8.984178593582001,122.13145111192424,29555.49963480733,29677.631085919253,0.0,5
2021-07-18 08:41:59.523330,2021-07-18 09:41:59.523330,2021-07-18 17:41:59.523330,-1,MOMENTUM,GREEN,DOWN,33.95295498846589,-1.3370851120812972,14.188156475041335,248.38089107036376,22727.972646125196,23594.431018977688,True,False,True,False,True,21865.28565467369,22215.13022514847,18387.9531796886,22215.13022514847,SL,0.004,3717.0985612945274,87.46114261869477,0.15,0.0,-118.94715396142492,8.772352604655087,-127.71950656608,29677.631085919253,29549.91157935317,0.4303561365673793,9
2021-07-18 20:41:59.523330,2021-07-18 21:41:59.523330,2021-07-18 23:41:59.523330,-1,MOMENTUM,GREEN,DOWN,39.584378927453926,-0.06692027399500944,12.905966774450363,243.89627835857664,22450.640141549768,23390.723098698112,True,False,True,False,True,21793.46952524,21793.46952524,18378.921628219927,21638.977028063862,TSL,0.004,3704.8898192908005,87.17387810096001,0.15,0.4303561365673793,52.527449039887365,8.743539973526289,43.783909066361076,29549.91157935317,29593.695488419533,0.28282445204847745,3
2021-07-19 02:41:59.523330,2021-07-19 03:41:59.523330,2021-07-19 05:41:59.523330,-1,MOMENTUM,GREEN,DOWN,38.89830387182341,-7.144715595879518,14.366396927447822,226.53767130505264,22300.53372283517,23328.770736555245,True,True,True,False,True,21801.19525573885,22150.01437983067,18629.667857468114,22150.01437983067,SL,0.004,3706.2031934756046,87.2047810229554,0.15,0.28282445204847745,-118.59850219121894,8.746639536602428,-127.34514172782137,29593.695488419533,29466.35034669171,0.7119191508778684,3
2021-07-19 12:41:59.523330,2021-07-19 13:41:59.523330,2021-07-20 00:41:59.523330,-1,REVERSAL,RED,DOWN,72.43599563434155,142.51791756381672,32.53899761004017,222.51379938518994,22386.196348148267,23253.630334397312,True,True,True,True,True,23121.96109256778,23121.96109256778,20006.76790117512,21275.758768972355,TSL,0.004,3930.7333857365225,92.48784437027112,0.15,0.7119191508778684,627.7087900224448,9.276530790338194,618.4322592321065,29466.35034669171,30084.782605923818,0.0,12
2021-07-20 14:41:59.523330,2021-07-20 15:41:59.523330,2021-07-20 18:41:59.523330,-1,REVERSAL,RED,DOWN,66.35562301751247,89.22344321804604,27.09218687733282,179.27372194167637,22070.9176836004,22933.747310859246,True,True,True,True,True,22026.822555258543,22379.25171614268,19516.990448075074,22379.25171614268,SL,0.004,3744.5598343939523,88.10729022103418,0.15,0.0,-119.8259147006068,8.837161209169729,-128.66307590977652,30084.782605923818,29956.119530014043,0.4276682919571469,4
2021-07-20 20:41:59.523330,2021-07-20 21:41:59.523330,2021-07-20 23:41:59.523330,-1,REVERSAL,RED,DOWN,67.81385032128583,72.04497716766747,29.02525444146349,156.53804512926135,22116.93768093462,22910.099326216936,True,True,True,True,True,22426.06434909895,22784.88137868453,20234.53171728929,22784.88137868453,SL,0.004,3812.4309393468216,89.7042573963958,0.15,0.4276682919571469,-121.99779005909777,8.9973370168585,-130.99512707595628,29956.119530014043,29825.124402938087,0.8630881811145383,3
2021-07-21 01:41:59.523330,2021-07-21 02:41:59.523330,2021-07-21 06:41:59.523330,-1,REVERSAL,RED,DOWN,76.12086847658422,73.96887719515263,40.60235940416994,151.6055668147798,22222.800832541903,22901.37372839536,True,True,True,True,True,22981.852793227463,22981.852793227463,20859.374857820545,22307.790974354775,TSL,0.004,3906.914974848669,91.92741117290986,0.15,0.8630881811145383,229.18101841671378,9.22031934064286,219.96069907607094,29825.124402938087,30045.085102014156,0.13195210492179146,5
2021-07-22 18:41:59.523330,2021-07-22 19:41:59.523330,2021-07-23 00:41:59.523330,1,MOMENTUM,RED,UP,65.45219807989129,40.103418133437515,27.354340441344416,241.79346348920112,22617.466995279126,22875.311399628492,True,True,True,False,True,22792.702252661813,22792.702252661813,26177.810741510628,23131.12068719523,TSL,0.004,3874.759382952508,91.17080901064725,0.15,0.13195210492179146,115.06226774136209,9.14443214376792,105.91783559759418,30045.085102014156,30151.00293761175,0.0,6
2021-07-23 05:41:59.523330,2021-07-23 06:41:59.523330,2021-07-23 08:41:59.523330,-1,REVERSAL,RED,DOWN,45.296300453264095,45.6994605737584,28.932617229515643,211.53678129325834,22763.58043948641,22903.752612632277,True,True,True,True,True,22725.864374545,23089.478204537718,19764.34943643938,23089.478204537718,SL,0.004,3863.39694367265,90.90345749818,0.15,0.0,-123.6287021975244,9.117616787067455,-132.74631898459185,30151.00293761175,30018.256618627158,0.4402716528510477,3
2021-07-23 12:41:59.523330,2021-07-23 13:41:59.523330,2021-07-23 17:41:59.523330,1,MOMENTUM,GREEN,UP,58.191742912451545,5.564738657829039,17.550521680146943,229.66296293311473,22828.853057553293,22911.591226206143,True,True,True,False,True,23232.05149312569,22860.33866923568,26447.332974189296,22860.33866923568,SL,0.004,3949.4487538313674,92.92820597250277,0.15,0.4402716528510477,-126.38236012260387,9.320699059042028,-135.70305918164587,30018.256618627158,29882.55355944551,0.8903497463142843,5
2021-07-24 00:41:59.523330,2021-07-24 01:41:59.523330,2021-07-24 05:41:59.523330,1,MOMENTUM,RED,UP,58.09163832540574,4.233389281705776,13.479855224079632,165.34130643958986,22892.59460050291,22940.381225553876,True,False,True,False,True,23254.690745012933,23254.690745012933,25569.46903516719,23410.896875523435,TSL,0.004,3953.2974266521987,93.01876298005173,0.15,0.8903497463142843,53.11008437357058,9.329781926899189,43.78030244667139,29882.55355944551,29926.33386189218,0.7451462765084533,5
2021-07-25 22:41:59.523330,2021-07-25 23:41:59.523330,2021-07-26 02:41:59.523330,-1,REVERSAL,RED,DOWN,44.574993513970504,42.075170798253176,16.807125534181996,224.22667334035316,22648.966301774355,22808.658909097423,True,True,True,True,True,22349.538675641077,22707.131294451334,19210.365248876133,22707.131294451334,SL,0.004,3799.421574858983,89.39815470256431,0.15,0.7451462765084533,-121.58149039548726,8.9666349166672,-130.54812531215447,29926.33386189218,29795.785736580026,1.1781273139296085,4
2021-07-26 03:41:59.523330,2021-07-26 04:41:59.523330,2021-07-26 07:41:59.523330,-1,MOMENTUM,RED,DOWN,43.43701204353781,-3.7570074554540085,15.563743102177309,237.63492127823045,22603.412781827334,22789.08335786189,True,False,True,False,True,22150.97735841994,22150.97735841994,18824.088460524712,21799.030802533718,TSL,0.004,3765.66615093139,88.60390943367976,0.15,1.1781273139296085,119.66182900131521,8.88697211619808,110.77485688511713,29795.785736580026,29906.560593465143,0.8107270748253532,4
2021-07-30 00:41:59.523330,2021-07-30 01:41:59.523330,2021-07-30 04:41:59.523330,1,MOMENTUM,RED,UP,62.407847832668054,15.686753269306415,16.453230976217768,202.1220906756492,24134.02922973749,23437.15925474855,True,True,True,False,True,24445.4794635594,24445.4794635594,27275.18873301849,25020.04970090235,TSL,0.004,4155.731508805098,97.7819178542376,0.15,0.8107270748253532,195.35388069660252,9.807526360780033,185.54635433582246,29906.560593465143,30092.106947800967,0.19533675192380673,4
2021-07-31 17:41:59.523330,2021-07-31 18:41:59.523330,2021-07-31 20:41:59.523330,-1,REVERSAL,RED,DOWN,42.734429953845186,32.33702064670911,14.995629759384538,303.53899474410895,23567.089761972464,23402.718863857946,True,True,True,True,True,23213.617327524946,23213.617327524946,18964.07140110742,22911.619560882802,TSL,0.004,3946.314945679241,92.85446931009979,0.15,0.19533675192380673,102.67924065832885,9.31330327180301,93.36593738652583,30092.106947800967,30185.472885187493,0.0,3
2021-08-02 03:41:59.523330,2021-08-02 04:41:59.523330,2021-08-02 13:41:59.523330,-1,MOMENTUM,GREEN,DOWN,38.6729318807602,-10.34315971889282,16.44250900638872,254.7336886960027,23203.86275006746,23287.204226729395,True,True,True,False,True,22984.614387153106,23352.368217347557,19418.342745409067,23352.368217347557,SL,0.004,3907.384445816028,91.93845754861242,0.15,0.0,-125.0363022661135,9.221427292125826,-134.25772955823933,30185.472885187493,30051.215155629256,0.4447759691189739,10
2021-08-05 12:41:59.523330,2021-08-05 13:41:59.523330,2021-08-05 18:41:59.523330,1,REVERSAL,GREEN,UP,38.844789357413575,-52.67354416755113,24.44458739145518,169.91335202115064,24101.218169310796,23749.53899884051,True,True,True,True,True,23747.50143945596,23367.54141642466,26126.288367752066,23367.54141642466,SL,0.004,4037.075244707513,94.99000575782384,0.15,0.4447759691189739,-129.18640783064103,9.527497577509731,-138.71390540815077,30051.215155629256,29912.501250221107,0.9043145886918951,6
2021-08-06 10:41:59.523330,2021-08-06 11:41:59.523330,2021-08-06 16:41:59.523330,-1,MOMENTUM,GREEN,DOWN,35.09424880705579,-10.83875239310862,21.825780752727717,206.86790748081484,23701.679063576554,23688.628713294558,True,True,True,False,True,23146.401944250378,23146.401944250378,20250.25123951897,22961.160256356165,TSL,0.004,3934.8883305225645,92.58560777700151,0.15,0.9043145886918951,62.982173884032456,9.286336460033253,53.6958374239992,29912.501250221107,29966.197087645105,0.7264282337945103,6
2021-08-07 03:41:59.523330,2021-08-07 04:41:59.523330,2021-08-07 11:41:59.523330,-1,MOMENTUM,RED,DOWN,32.14082403501283,-1.4649154564956177,16.231648759046934,190.73274304597692,23375.151215149457,23574.1295469058,True,False,True,False,True,22444.48726673769,22803.599063005495,19774.228864094013,22803.599063005495,SL,0.004,3815.5628353454076,89.77794906695077,0.15,0.7264282337945103,-122.09801073105322,9.004728291415162,-131.1027390224684,29966.197087645105,29835.094348622635,1.1607521866480175,8
2021-08-07 13:41:59.523330,2021-08-07 14:41:59.523330,2021-08-07 18:41:59.523330,-1,MOMENTUM,RED,DOWN,21.316695210840024,-46.423813241895175,26.132503990955733,285.75323043785124,23102.07916412997,23433.521728199503,True,True,True,False,True,21774.18321169201,21774.18321169201,17773.63798556209,21412.03962536199,TSL,0.004,3701.6111459876415,87.09673284676803,0.15,1.1607521866480175,123.12881935220598,8.735802304530834,114.39301704767514,29835.094348622635,29949.48736567031,0.781785067322851,5
2021-08-09 03:41:59.523330,2021-08-09 04:41:59.523330,2021-08-09 07:41:59.523330,-1,REVERSAL,RED,DOWN,45.34764598758369,38.598899513457745,15.567214910830469,263.73475139197734,22266.853381874935,22998.193311721618,True,True,True,True,True,22080.031871153213,22080.031871153213,18387.74535166553,21796.57389098805,TSL,0.004,3753.6054180960464,88.32012748461285,0.15,0.781785067322851,96.37571325615559,8.85850878670667,87.51720446944893,29949.48736567031,30037.004570139758,0.49185353369299595,4
2021-08-10 16:41:59.523330,2021-08-10 17:41:59.523330,2021-08-11 02:41:59.523330,-1,MOMENTUM,GREEN,DOWN,35.7352495456407,-11.119378394311582,21.585628144048773,213.01543844997005,21573.523367116948,22459.3608144594,True,True,True,False,True,20853.77317453019,20853.77317453019,17871.55703623061,20682.263790878544,TSL,0.005,4431.426799587665,104.26886587265095,0.15,0.49185353369299595,72.89148805194964,10.458167247026891,62.433320804922744,30037.004570139758,30099.43789094468,0.2850211907232817,10
2021-08-11 03:41:59.523330,2021-08-11 04:41:59.523330,2021-08-11 06:41:59.523330,-1,MOMENTUM,GREEN,DOWN,36.309511193990836,-1.273326723284839,16.23303293286378,171.1452774804655,21286.461610674567,22326.277847050816,True,False,True,False,True,20422.719464327023,20749.482975756255,18026.685579600507,20749.482975756255,SL,0.005,4339.827886169493,102.11359732163511,0.15,0.2850211907232817,-138.87449235742343,10.241993811360002,-149.1164861687834,30099.43789094468,29950.321404775896,0.7790220193203944,3
2021-08-11 10:41:59.523330,2021-08-11 11:41:59.523330,2021-08-11 20:41:59.523330,-1,REVERSAL,RED,DOWN,58.339201007506944,94.96646835417185,25.21563878728041,193.58584498824374,21229.347731982318,22239.00312605939,True,True,True,True,True,21212.745456618177,21212.745456618177,18502.543626782764,21045.502901766846,TSL,0.004,3606.16672762509,84.8509818264727,0.15,0.7790220193203944,56.862468649452566,8.510553477195213,48.35191517225735,29950.321404775896,29998.673319948153,0.618839287195682,10
2021-08-12 00:41:59.523330,2021-08-12 01:41:59.523330,2021-08-12 13:41:59.523330,-1,REVERSAL,RED,DOWN,57.783509581545566,43.81629448305168,25.356948099742816,206.312666418708,21270.55078949228,22123.163100331618,True,True,True,True,True,21315.99984486453,21315.99984486453,18427.62251500262,21089.71178610529,TSL,0.004,3623.7199736269704,85.26399937945813,0.15,0.618839287195682,76.93793997814188,8.551979137759652,68.38596084038224,29998.673319948153,30067.059280788537,0.3922867296111303,13
2021-08-13 04:41:59.523330,2021-08-13 05:41:59.523330,2021-08-13 06:41:59.523330,-1,REVERSAL,RED,DOWN,51.232201801676695,32.98762456854608,18.99729671922328,207.56876077060343,21400.500408093492,22010.676469544596,True,True,True,True,True,21719.067187480057,22066.572262479738,18813.104536691608,22066.572262479738,SL,0.004,3692.24142187161,86.87626874992023,0.15,0.3922867296111303,-118.15172549989147,8.713689755616999,-126.86541525550847,30067.059280788537,29940.193865533027,0.8125730565408137,2
2021-08-14 03:41:59.523330,2021-08-14 04:41:59.523330,2021-08-14 06:41:59.523330,1,REVERSAL,GREEN,UP,47.98071656253607,-108.72832140753894,20.821526646904093,187.91666657357248,22391.01410315227,22222.346618393567,True,True,True,True,True,23132.24272258045,22762.12683901916,25763.076054610465,22762.12683901916,SL,0.004,3932.4812628386767,92.5289708903218,0.15,0.8125730565408137,-125.83940041083784,9.280655780299277,-135.12005619113714,29940.193865533027,29805.07380934189,1.2602057860497198,3
2021-08-14 07:41:59.523330,2021-08-14 08:41:59.523330,2021-08-14 13:41:59.523330,1,REVERSAL,GREEN,UP,46.728452994782316,-98.86840685499692,15.826982247661737,191.23414127732724,22468.006450618857,22248.693685105398,True,True,True,True,True,22689.690090977834,22689.690090977834,25366.968068860417,22999.413135766343,TSL,0.004,3857.2473154662316,90.75876036391134,0.15,1.2602057860497198,105.3058352280929,9.103103664500306,96.2027315635926,29805.07380934189,29901.276540905485,0.9415003878288374,6
2021-08-14 18:41:59.523330,2021-08-14 19:41:59.523330,2021-08-14 21:41:59.523330,1,MOMENTUM,GREEN,UP,68.58583919780779,14.141165834668165,20.782514121089612,300.46811499627114,22586.237617917497,22316.876922030377,True,True,True,False,True,23396.46884618979,23022.125344650754,27603.022456137587,23022.125344650754,SL,0.004,3977.3997038522643,93.58587538475916,0.15,0.9415003878288374,-127.27679052327193,9.386663301091344,-136.66345382436327,29901.276540905485,29764.61308708112,1.3942461650580766,3
2021-08-15 15:41:59.523330,2021-08-15 16:41:59.523330,2021-08-15 21:41:59.523330,1,MOMENTUM,GREEN,UP,58.66583500651673,4.550932206278169,12.107287614005035,236.368125723471,22630.31991132211,22378.75976059202,True,False,True,False,True,22940.511113569093,22573.462935751988,26249.664873697686,22573.462935751988,SL,0.004,3899.886889306746,91.76204445427638,0.15,1.3942461650580766,-124.79638045781577,9.203733058763921,-134.0001135165797,29764.61308708112,29630.61297356454,1.8381686903942172,6
2021-08-15 23:41:59.523330,2021-08-16 00:41:59.523330,2021-08-16 02:41:59.523330,1,MOMENTUM,RED,UP,56.91527191820346,10.248778044637337,13.303241053327254,192.91991453390418,22674.506230159637,22417.216050241834,True,True,True,False,True,23018.39234350889,23018.39234350889,25719.27114698355,23303.768880829524,TSL,0.004,3913.126698396512,92.07356937403557,0.15,1.8381686903942172,97.02802268901533,9.234979008215769,87.79304368079957,29630.61297356454,29718.40601724534,1.5473233423199129,3
2021-08-17 05:41:59.523330,2021-08-17 06:41:59.523330,2021-08-17 13:41:59.523330,-1,MOMENTUM,RED,DOWN,36.95158561111997,-4.82532200956652,21.517304091056808,196.56000177094006,22321.51121952527,22365.472076362174,True,False,True,False,True,21634.80648735387,21980.963391151534,18882.96646256071,21980.963391151534,SL,0.004,3677.917102850158,86.53922594941548,0.15,1.5473233423199129,-117.69334729120521,8.679884362726373,-126.37323165393158,29718.40601724534,29592.032785591407,1.9659791378895268,8
2021-08-19 23:41:59.523330,2021-08-20 00:41:59.523330,2021-08-20 02:41:59.523330,1,MOMENTUM,RED,UP,50.81963640348649,9.31245162086617,18.787216371055308,194.845243691936,22681.348213913643,22529.3190943079,True,True,True,False,True,22527.737794199056,22167.29398949187,25255.57120588616,22167.29398949187,SL,0.004,3829.715425013839,90.11095117679622,0.15,1.9659791378895268,-122.55089360044302,9.038128403032662,-131.5890220034757,29592.032785591407,29460.443763587933,2.4019140742212586,3
2021-08-20 12:41:59.523330,2021-08-20 13:41:59.523330,2021-08-20 14:41:59.523330,-1,MOMENTUM,GREEN,DOWN,43.42723507713754,-0.06778083391274947,14.814704408710138,245.93105691048373,22543.786098577966,22524.67925100514,True,False,True,False,True,22197.38060634084,22552.538696042295,18754.34580959407,22552.538696042295,SL,0.004,3773.5547030779435,88.78952242536337,0.15,2.4019140742212586,-120.75375049849427,8.905589099263947,-129.65933959775822,29460.443763587933,29330.784423990175,2.831456258605536,2
2021-08-21 10:41:59.523330,2021-08-21 11:41:59.523330,2021-08-21 18:41:59.523330,-1,MOMENTUM,GREEN,DOWN,36.72282203905706,-16.7863062561062,15.307105236885606,251.78921714769606,22337.67519609653,22438.77791467609,True,True,True,False,True,21558.62325033822,21903.561222343633,18033.574210270475,21903.561222343633,SL,0.004,3664.9659525574975,86.23449300135289,0.15,2.831456258605536,-117.27891048184043,8.649319648035695,-125.92823012987611,29330.784423990175,29204.856193860298,3.2486378300483745,8
2021-08-22 06:41:59.523330,2021-08-22 07:41:59.523330,2021-08-22 13:41:59.523330,-1,REVERSAL,RED,DOWN,48.19891792343986,46.32605058600983,15.417242702129299,235.72349481545592,22110.335125147525,22349.779128384893,True,True,True,True,True,21884.48937982564,21884.48937982564,18584.36045240926,21264.994787023974,TSL,0.004,3720.363194570359,87.53795751930257,0.15,3.2486378300483745,210.62816155256704,8.780057139186047,201.84810441338098,29204.856193860298,29406.70429827368,2.5799449618560373,7
2021-08-24 09:41:59.523330,2021-08-24 10:41:59.523330,2021-08-24 13:41:59.523330,-1,REVERSAL,RED,DOWN,57.34169472528051,124.66268313913184,25.555595939110585,170.4730274353923,19562.860169849733,21126.593269455923,True,True,True,True,True,18912.32451021602,19214.921702379477,16525.70212612053,19214.921702379477,SL,0.005,4018.8689584209046,94.5616225510801,0.15,2.5799449618560373,-128.60380666946858,9.484530741873334,-138.08833741134194,29406.70429827368,29268.615960862335,3.037411167327033,4
2021-08-24 15:41:59.523330,2021-08-24 16:41:59.523330,2021-08-24 18:41:59.523330,-1,REVERSAL,RED,DOWN,59.95611456105771,125.82905758455621,29.124652104645595,193.85102257700999,19481.862779661227,21053.70343842645,True,True,True,True,True,19265.29484836927,19573.539565943178,16551.380532291132,19573.539565943178,SL,0.005,4093.87515527847,96.32647424184636,0.15,3.037411167327033,-131.00400496891052,9.66154536645719,-140.6655503353677,29268.615960862335,29127.950410526966,3.503415297427628,3
2021-08-25 01:41:59.523330,2021-08-25 02:41:59.523330,2021-08-25 08:41:59.523330,-1,REVERSAL,RED,DOWN,61.088803204144384,76.01138010944987,31.776020376947656,234.49663884007794,19551.682254330954,20902.44311289329,True,True,True,True,True,19858.119693839235,20175.84960894066,16575.166750078144,20175.84960894066,SL,0.005,4219.850434940838,99.29059846919618,0.15,3.503415297427628,-135.03521391810636,9.958847026460377,-144.99406094456674,29127.950410526966,28982.9563495824,3.98375914195198,7
2021-08-26 01:41:59.523330,2021-08-26 02:41:59.523330,2021-08-26 05:41:59.523330,-1,REVERSAL,RED,DOWN,42.008701922643674,-58.48672295769893,37.25628150591392,178.65953003969489,20340.620889011825,20890.99954955914,True,True,True,True,True,20581.211772922063,20581.211772922063,18079.978352366335,20293.061559679965,TSL,0.004,3498.806001396751,82.32484709168826,0.15,3.98375914195198,97.9710725023131,8.257182163296333,89.71389033901677,28982.9563495824,29072.670239921415,3.686550313452762,4
2021-08-27 22:41:59.523330,2021-08-27 23:41:59.523330,2021-08-28 03:41:59.523330,-1,MOMENTUM,RED,DOWN,42.56593903793647,-7.017834036620226,15.846533796246485,154.8102921358886,20314.17400114861,20723.60569751448,True,True,True,False,True,20181.066521596826,20503.963585942376,18013.722431694387,20503.963585942376,SL,0.005,4288.476635839325,100.90533260798414,0.15,3.686550313452762,-137.23125234685895,10.12080486058081,-147.35205720743974,29072.670239921415,28925.318182713974,4.174705850283027,5
2021-08-29 17:41:59.523330,2021-08-29 18:41:59.523330,2021-08-30 16:41:59.523330,1,MOMENTUM,GREEN,UP,65.0015334770219,13.802705339075578,33.86128180287035,277.340239906993,21023.337008413557,20884.994288729995,True,True,True,False,True,21551.26559580456,21551.26559580456,25434.028954502464,22446.299078026397,TSL,0.004,3663.7151512867754,86.20506238321825,0.15,4.174705850283027,304.3113839554241,8.64636775703679,295.66501619838726,28925.318182713974,29220.983198912363,3.195211451361496,23
2021-09-01 19:41:59.523330,2021-09-01 20:41:59.523330,2021-09-02 01:41:59.523330,1,MOMENTUM,GREEN,UP,58.00397965675555,15.019220064291943,14.88558337980243,194.50296955264864,21933.997505301926,21498.96634047856,True,True,True,False,True,22139.915109606096,22139.915109606096,24862.956683343178,22708.549601540442,TSL,0.004,3763.7855686330363,88.55966043842439,0.15,3.195211451361496,193.3357272576778,8.882533941973968,184.45319331570383,29220.983198912363,29405.436392228068,2.5841453467578503,6
2021-09-03 01:41:59.523330,2021-09-03 02:41:59.523330,2021-09-03 07:41:59.523330,1,MOMENTUM,GREEN,UP,60.479654339059074,1.7552783227794038,12.906900997772912,206.26104754883704,22320.177325742643,21781.15577980524,True,False,True,False,True,22505.517590314063,22505.517590314063,25393.172255997782,22849.232720476164,TSL,0.004,3825.937990353391,90.02207036125625,0.15,2.5841453467578503,116.86314425511453,9.029213657234003,107.83393059788052,29405.436392228068,29513.27032282595,2.2269075091793753,6
2021-09-03 13:41:59.523330,2021-09-03 14:41:59.523330,2021-09-03 19:41:59.523330,1,MOMENTUM,RED,UP,69.31403558664024,13.956659360322831,21.4322319584725,184.86938435035108,22483.849351053344,21910.864581623286,True,True,True,False,True,23024.61404998856,23024.61404998856,25612.785430893473,23351.77166127017,TSL,0.004,3914.1843884980553,92.09845619995424,0.15,2.2269075091793753,111.23358783574776,9.237475156855412,101.99611267889233,29513.27032282595,29615.26643550484,1.8890094975535832,6
2021-09-04 15:41:59.523330,2021-09-04 16:41:59.523330,2021-09-04 18:41:59.523330,1,REVERSAL,GREEN,UP,43.369810339133814,-59.56090513996453,17.112298043429302,162.38634306524662,22957.07767002706,22189.33394629565,True,True,True,True,True,23038.6053270809,23038.6053270809,25312.01412999435,23217.053715411825,TSL,0.004,3916.562905603753,92.15442130832359,0.15,1.8890094975535832,60.67245203251477,9.243088457224857,51.42936357528991,29615.26643550484,29666.69579908013,1.71863163476208,3
2021-09-05 04:41:59.523330,2021-09-05 05:41:59.523330,2021-09-05 07:41:59.523330,1,MOMENTUM,GREEN,UP,63.43311562900551,15.494640061749019,15.19777873900505,243.69495526886476,23000.834661979523,22321.75784674425,True,True,True,False,True,23348.020604605023,23348.020604605023,26759.74997836913,23691.039208203976,TSL,0.004,3969.163502782854,93.39208241842009,0.15,1.71863163476208,116.62632522364424,9.367225866567535,107.2590993570767,29666.69579908013,29773.95489843721,1.3632981279290257,3
2021-09-05 17:41:59.523330,2021-09-05 18:41:59.523330,2021-09-05 22:41:59.523330,1,MOMENTUM,GREEN,UP,62.332703066350696,17.118158588940368,18.66495904766091,235.1917234476786,23032.706235908852,22405.599270476025,True,True,True,False,True,23424.044069467254,23049.259364355778,26716.728197734756,23049.259364355778,SL,0.004,3982.0874918094332,93.69617627786901,0.15,1.3632981279290257,-127.42679973790212,9.397726480670263,-136.82452621857237,29773.95489843721,29637.130372218635,1.8165775141390585,5
2021-09-06 01:41:59.523330,2021-09-06 02:41:59.523330,2021-09-06 05:41:59.523330,1,MOMENTUM,RED,UP,60.25573265137664,4.455120823551653,17.443910079516392,256.9884455906248,23050.079477590694,22467.873871244352,True,False,True,False,True,23415.297791652283,23415.297791652283,27013.13602992103,23669.032494619478,TSL,0.004,3980.600624580888,93.66119116660913,0.15,1.8165775141390585,86.26979900884618,9.394217474010896,76.87558153483528,29637.130372218635,29714.00595375347,1.5619001008441415,4
2021-09-07 01:41:59.523330,2021-09-07 02:41:59.523330,2021-09-07 08:41:59.523330,1,MOMENTUM,RED,UP,68.60200543802563,40.22079064508188,30.527327642170153,247.79408324519076,23085.306755081176,22613.66731195873,True,True,True,False,True,23508.206243920664,23132.07494401793,26977.323409353336,23132.07494401793,SL,0.004,3996.3950614665127,94.03282497568266,0.15,1.5619001008441415,-127.88464196692898,9.43149234506097,-137.31613431198994,29714.00595375347,29576.68981944148,2.016808111840959,7
2021-09-07 21:41:59.523330,2021-09-07 22:41:59.523330,2021-09-08 03:41:59.523330,-1,MOMENTUM,GREEN,DOWN,38.84557332922626,-13.530043086796312,18.806899977507477,271.1587196543893,22947.531241588244,22634.270425830255,True,True,True,False,True,22348.27075668176,22348.27075668176,18552.048681520308,22149.67430630664,TSL,0.004,3799.206028635899,89.39308302672704,0.15,2.016808111840959,67.52279312754087,8.966126227580723,58.556666899960135,29576.68981944148,29635.24648634144,1.822818548971812,6
2021-09-08 05:41:59.523330,2021-09-08 06:41:59.523330,2021-09-08 10:41:59.523330,1,MOMENTUM,RED,UP,58.58537471756211,12.311933363180856,19.282294796922173,228.9705721355839,22792.337634079846,22617.484771490705,True,True,True,False,True,22567.58487088934,22206.50351295511,25773.17288078751,22206.50351295511,SL,0.004,3836.489428051188,90.27033948355736,0.15,1.822818548971812,-122.76766169763768,9.054115050200805,-131.82177674783847,29635.24648634144,29503.4247095936,2.25952456729139,5
2021-09-10 03:41:59.523330,2021-09-10 04:41:59.523330,2021-09-10 08:41:59.523330,-1,MOMENTUM,RED,DOWN,41.31369011262248,-0.8805775952413768,17.442793578103256,201.12455481457997,21378.473216943006,22087.411352330157,True,False,True,False,True,20734.66543043906,20734.66543043906,17918.92166303494,20541.85775355049,TSL,0.005,4406.116403968301,103.67332715219531,0.15,2.25952456729139,81.94326267764355,10.398434713365189,71.54482796427835,29503.4247095936,29574.969537557878,2.022507150879189,5
2021-09-10 10:41:59.523330,2021-09-10 11:41:59.523330,2021-09-10 13:41:59.523330,-1,MOMENTUM,RED,DOWN,39.36997838800646,-1.029316827046756,18.504760165336265,259.85935662828354,21223.356622711915,21958.698354503245,True,False,True,False,True,20361.356837839787,20361.356837839787,16723.325845043815,20162.056964492313,TSL,0.005,4326.788328040955,101.80678418919894,0.15,2.022507150879189,84.70244617267655,10.211220454176653,74.4912257184999,29574.969537557878,29649.460763276376,1.7757287551858993,3
2021-09-11 09:41:59.523330,2021-09-11 10:41:59.523330,2021-09-11 15:41:59.523330,-1,MOMENTUM,RED,DOWN,38.6856436463329,-14.141231579084884,25.663620019253717,190.22310133717318,20840.084658628435,21678.135243323057,True,True,True,False,True,20423.624039345355,20750.402023974882,17760.50062062493,20750.402023974882,SL,0.005,4340.020108360888,102.11812019672678,0.15,1.7757287551858993,-138.880643467549,10.242447455731696,-149.12309092328067,29649.460763276376,29500.337672353096,2.2697514643562333,6
2021-09-13 18:41:59.523330,2021-09-13 19:41:59.523330,2021-09-13 22:41:59.523330,-1,REVERSAL,RED,DOWN,48.28879374049391,21.73768750910126,15.459504955433705,251.49763243703973,21386.726338820034,21599.263360251345,True,True,True,True,True,21520.84544647865,21865.178973622307,17999.87859236009,21865.178973622307,SL,0.004,3658.54372590137,86.0833817859146,0.15,2.2697514643562333,-117.07339922884407,8.634163193127234,-125.70756242197129,29500.337672353096,29374.630109931124,2.6862019963724446,4
2021-09-14 05:41:59.523330,2021-09-14 06:41:59.523330,2021-09-14 10:41:59.523330,-1,MOMENTUM,GREEN,DOWN,33.347659418638884,-22.557944756059413,19.60573128081886,215.62792132069086,21510.561071543685,21611.493486642175,True,True,True,False,True,21141.935748536434,21480.20672051302,18123.144850046763,21480.20672051302,SL,0.004,3594.1290772511943,84.56774299414575,0.15,2.6862019963724446,-115.01213047203869,8.482144622312818,-123.49427509435152,29374.630109931124,29251.135834836772,3.095320235348096,5
2021-09-18 12:41:59.523330,2021-09-18 13:41:59.523330,2021-09-18 18:41:59.523330,-1,REVERSAL,RED,DOWN,69.14496479996939,203.23633862767008,46.86008106775981,247.91274218137417,19036.427373222905,20311.870643889582,True,True,True,True,True,19839.325373102285,19839.325373102285,16368.546982563046,19233.2662110656,TSL,0.005,4215.856641784236,99.19662686551143,0.15,3.095320235348096,257.5751438655919,9.949421674610797,247.6257221909811,29251.135834836772,29498.761557027752,2.2749729009437574,6
2021-09-20 09:41:59.523330,2021-09-20 10:41:59.523330,2021-09-20 14:41:59.523330,-1,MOMENTUM,RED,DOWN,35.326561612039896,-9.896388695787955,16.371092818212418,163.1429299140833,19355.897507188336,19980.43200605262,True,True,True,False,True,19216.741930323005,19216.741930323005,16932.740911525838,18898.35773891678,TSL,0.005,4083.5576601936386,96.08370965161502,0.15,2.2749729009437574,135.3132813476456,9.637196078056986,125.67608526958863,29498.761557027752,29624.43764229734,1.8586266480703786,5
2021-09-21 18:41:59.523330,2021-09-21 19:41:59.523330,2021-09-21 21:41:59.523330,-1,MOMENTUM,RED,DOWN,28.969362789549052,-4.793345772561281,22.40813580019276,145.22609458153318,18731.212061210448,19576.184048517123,True,False,True,False,True,17964.068245762726,17964.068245762726,15930.902921621262,17861.30575604884,TSL,0.005,3817.364502224579,89.82034122881363,0.15,1.8586266480703786,43.674058128401064,9.008980225250008,34.66507790315105,29624.43764229734,29659.10272020049,1.7437863802534637,3
2021-09-22 21:41:59.523330,2021-09-22 22:41:59.523330,2021-09-23 00:41:59.523330,-1,MOMENTUM,RED,DOWN,34.396800672841124,-18.652731639387696,23.353767138751863,181.36517685226727,18222.25064925642,19166.853977603874,True,True,True,False,True,17760.817409167546,18044.99048771423,15221.704933235804,18044.99048771423,SL,0.005,3774.1736994481034,88.80408704583773,0.15,1.7437863802534637,-120.77355838234008,8.907049930697525,-129.68060831303762,29659.10272020049,29529.422111887456,2.1733990247407142,3
2021-09-23 13:41:59.523330,2021-09-23 14:41:59.523330,2021-09-23 18:41:59.523330,-1,MOMENTUM,RED,DOWN,33.733345892025184,-16.954513206396747,17.943575169587156,155.10096416544553,18152.8020702882,18990.293837960133,True,True,True,False,True,17728.162758862825,17728.162758862825,15556.749260546589,17286.393421075176,TSL,0.005,3767.23458625835,88.64081379431413,0.15,2.1733990247407142,187.75196855975102,8.890673623569707,178.86129493618134,29529.422111887456,29708.283406823637,1.5808580510859613,5
2021-09-24 20:41:59.523330,2021-09-24 21:41:59.523330,2021-09-24 22:41:59.523330,-1,MOMENTUM,RED,DOWN,23.862988854727206,-3.0823692312498565,37.233851969292445,140.24380220478974,17006.768039071223,18305.015698448988,True,False,True,False,True,15869.598043689894,16123.511612388931,13906.184812822838,16123.511612388931,SL,0.006,4046.747501140923,95.21758826213936,0.15,1.5808580510859613,-129.49592003650918,9.550324102692578,-139.04624413920175,29708.283406823637,29569.237162684436,2.0414976596422787,2
2021-09-25 21:41:59.523330,2021-09-25 22:41:59.523330,2021-09-26 01:41:59.523330,-1,REVERSAL,RED,DOWN,61.344287164372666,107.1705122589726,24.931777324594652,159.54099921816993,16246.036275402324,17757.431603308174,True,True,True,True,True,16072.011602784763,16072.011602784763,13838.437613730384,15772.910039904616,TSL,0.006,4098.362958710115,96.43206961670859,0.15,2.0414976596422787,152.54179706887496,9.672136582555872,142.86966048631908,29569.237162684436,29712.106823170754,1.5681916391279322,4
2021-09-27 13:41:59.523330,2021-09-27 14:41:59.523330,2021-09-27 17:41:59.523330,-1,REVERSAL,RED,DOWN,47.814114400859026,31.046468592289727,30.754872311193235,133.28870003561366,15826.0027378586,17067.196656325603,True,True,True,True,True,15949.222728561686,16204.410292218674,14083.180928063095,16204.410292218674,SL,0.006,4067.05179578323,95.69533637137012,0.15,1.5681916391279322,-130.14565746506364,9.598242238048423,-139.74389970311208,29712.106823170754,29572.36292346764,2.0311424772169646,4
2021-09-27 19:41:59.523330,2021-09-27 20:41:59.523330,2021-09-27 22:41:59.523330,-1,REVERSAL,RED,DOWN,51.65505129898746,8.10078207656241,24.685794596992235,137.08592913733352,15894.131858302302,17028.889019220453,True,True,True,True,True,16101.28818622323,16358.908797202801,14182.08517830056,16358.908797202801,SL,0.006,4105.828487486923,96.60772911733937,0.15,2.0311424772169646,-131.38651159958133,9.689755230469139,-141.07626683005046,29572.36292346764,29431.28665663759,2.4985072502210035,3
2021-09-29 03:41:59.523330,2021-09-29 04:41:59.523330,2021-09-29 08:41:59.523330,-1,MOMENTUM,GREEN,DOWN,41.70768166327471,-10.536764206380283,12.551162105686206,160.0686307378725,16285.556523213054,16868.364583540824,True,True,True,False,True,16478.176833623314,16478.176833623314,14237.216003293099,16214.241934537344,TSL,0.006,4201.935092573945,98.8690610017399,0.15,2.4985072502210035,134.60679853384508,9.91656681847451,124.69023171537057,29431.28665663759,29555.976888352958,2.0854269841286457,5
2021-09-29 22:41:59.523330,2021-09-29 23:41:59.523330,2021-09-30 06:41:59.523330,-1,REVERSAL,RED,DOWN,60.064943116137556,72.07485677602435,26.860269989596393,194.6533187657805,16289.7750296047,16757.761922851023,True,True,True,True,True,16688.56696710152,16688.56696710152,13963.420504380592,16403.9472185464,TSL,0.006,4255.584576610888,100.13140180260912,0.15,2.0854269841286457,145.1560717631113,10.043179600801695,135.1128921623096,29555.976888352958,29691.089780515267,1.637817987985963,8
2021-09-30 19:41:59.523330,2021-09-30 20:41:59.523330,2021-10-01 02:41:59.523330,-1,MOMENTUM,GREEN,DOWN,35.64731495432527,-17.694364049795666,18.947531343870107,181.34001470593714,16323.10306915067,16679.700808630056,True,True,True,False,True,16013.224060666582,16013.224060666582,13474.463854783462,15573.240835198729,TSL,0.006,4083.3721354699787,96.0793443639995,0.15,1.637817987985963,224.39144498860512,9.636758239709149,214.75468674889598,29691.089780515267,29905.844467264164,0.926367524494036,7
2021-10-03 02:41:59.523330,2021-10-03 03:41:59.523330,2021-10-03 16:41:59.523330,-1,REVERSAL,RED,DOWN,55.83468800173215,75.34910036043726,35.582470863133345,149.26585473693734,16121.068633735274,16434.617005596247,True,True,True,True,True,16201.67006020817,16201.67006020817,14111.948093891046,15639.83851578697,TSL,0.006,4131.425865353083,97.21002036124902,0.15,0.926367524494036,286.53408765481123,9.750165042233277,276.78392261257795,29905.844467264164,30182.628389876743,0.009423391581670078,14
2021-10-04 19:41:59.523330,2021-10-04 20:41:59.523330,2021-10-05 04:41:59.523330,-1,REVERSAL,RED,DOWN,61.165768989957314,80.34368194971985,23.027379884467162,192.46991796044324,15929.390506976782,16269.120049875486,True,True,True,True,True,16193.43157473271,16452.526479928434,13498.852723286504,16452.526479928434,SL,0.006,4129.325051556841,97.16058944839625,0.15,0.009423391581670078,-132.13840164981977,9.745207121674145,-141.8836087714939,30182.628389876743,30040.744781105248,0.47946276883827077,9
2021-10-05 07:41:59.523330,2021-10-05 08:41:59.523330,2021-10-05 15:41:59.523330,-1,MOMENTUM,RED,DOWN,36.1545171194984,-3.6722896787531454,26.52378299651414,177.7949875363949,16069.745700436273,16257.099155448519,True,False,True,True,True,15825.79554185524,16079.008270524922,13336.665716345711,16079.008270524922,SL,0.006,4035.5778631730864,94.95477325113144,0.15,0.47946276883827077,-129.13849162153844,9.523963757088485,-138.66245537862693,30040.744781105248,29902.08232572662,0.938830942085183,8
2021-10-08 00:41:59.523330,2021-10-08 01:41:59.523330,2021-10-08 04:41:59.523330,1,MOMENTUM,GREEN,UP,69.20173405585416,9.099550935600604,20.76788367322104,118.7414525162284,16510.43167537551,16349.783240232968,True,True,True,False,True,17012.05114014546,17012.05114014546,18674.431475372658,17174.252078622565,TSL,0.006,4338.073040737093,102.07230684087277,0.15,0.938830942085183,82.7224786233233,10.23785237613954,72.48462624718377,29902.08232572662,29974.566951973804,0.6987001131832008,4
2021-10-08 20:41:59.523330,2021-10-08 21:41:59.523330,2021-10-09 02:41:59.523330,1,REVERSAL,GREEN,UP,41.617314120493,-92.84939049552055,42.13324876542541,152.4951358085814,16704.929329847142,16430.80653601673,True,True,True,True,True,16615.061004328705,16615.061004328705,18749.992905648844,17412.93716355034,TSL,0.006,4236.84055610382,99.69036602597224,0.15,0.6987001131832008,406.9168412030344,9.998943712405016,396.9178974906294,29974.566951973804,30371.484849464432,0.0,6
2021-10-09 20:41:59.523330,2021-10-09 21:41:59.523330,2021-10-10 01:41:59.523330,1,REVERSAL,GREEN,UP,50.163720030898276,-77.07698601537845,29.750475696649534,198.19165267889983,17325.07940572616,16740.436645499034,True,True,True,True,True,17922.047659108568,17922.047659108568,20696.730796613167,18539.66102931687,TSL,0.005,3808.435127560571,89.61023829554284,0.15,0.0,262.4856823385286,8.987906901042948,253.49777543748564,30371.484849464432,30624.982624901917,0.0,5
2021-10-11 12:41:59.523330,2021-10-11 13:41:59.523330,2021-10-11 16:41:59.523330,-1,REVERSAL,RED,DOWN,56.2437534312546,116.33136781569488,36.38452434747477,138.52021115117475,16769.073817709526,16717.629904913756,True,True,True,True,True,16534.276266666766,16798.824686933433,14594.993310550319,16798.824686933433,SL,0.006,4216.240448000025,99.20565760000059,0.15,0.0,-134.919694336,9.950327457280059,-144.87002179328007,30624.982624901917,30480.11260310864,0.47304523750319116,4
2021-10-13 12:41:59.523330,2021-10-13 13:41:59.523330,2021-10-13 18:41:59.523330,1,REVERSAL,GREEN,UP,39.10827442808215,-125.99014416228385,25.55257989644105,187.62689180063694,17608.227305029504,17082.977262752232,True,True,True,True,True,17774.378651167488,17489.988592748807,20401.155136376405,17489.988592748807,SL,0.006,4532.46655604771,106.64627190700493,0.15,0.47304523750319116,-145.03892979352747,10.696621072272595,-155.73555086580006,30480.11260310864,30324.37705224284,0.9815697737397205,6
2021-10-14 02:41:59.523330,2021-10-14 03:41:59.523330,2021-10-14 04:41:59.523330,1,REVERSAL,GREEN,UP,43.34084396993367,-22.038822094161226,18.64049983100655,152.8235164194171,17598.341636082336,17136.283697455616,True,True,True,True,True,17597.830681365216,17316.265390463373,19737.359911237058,17316.265390463373,SL,0.006,4487.446823748131,105.5869840881913,0.15,0.9815697737397205,-143.59829835993978,10.590374504045588,-154.18867286398537,30324.37705224284,30170.188379378855,1.485043276900533,2
2021-10-15 13:41:59.523330,2021-10-15 14:41:59.523330,2021-10-16 00:41:59.523330,-1,MOMENTUM,RED,DOWN,16.47357474065899,-24.311872139815392,28.412933679358975,176.92444522168358,16761.932532117055,16914.125283988033,True,True,True,False,True,15586.43989782819,15586.43989782819,13109.497664724619,14935.947456163092,TSL,0.006,3974.5421739461885,93.51863938696914,0.15,1.485043276900533,331.7511452491997,9.379919530513005,322.3712257186867,30170.188379378855,30492.55960509754,0.4324019426437179,11
2021-10-17 05:41:59.523330,2021-10-17 06:41:59.523330,2021-10-17 15:41:59.523330,-1,REVERSAL,RED,DOWN,59.65575720649283,84.78134797314111,22.849950888214245,169.83552422603222,15357.665973484616,16291.650954165356,True,True,True,True,True,15242.386700007864,15486.26488720799,12864.689360843413,15486.26488720799,SL,0.007,4534.61004325234,106.69670690005505,0.15,0.4324019426437179,-145.10752138407466,10.701679702075522,-155.80920108615018,30492.55960509754,30336.75040401139,0.941166969532121,10
2021-10-17 19:41:59.523330,2021-10-17 20:41:59.523330,2021-10-18 04:41:59.523330,-1,MOMENTUM,RED,DOWN,43.812232484506886,-2.0358487477769387,19.258561506074713,136.58506798643296,15334.825018152173,16181.103342381875,True,False,True,False,True,15273.282667375524,15273.282667375524,13361.091715565462,14459.849215541079,TSL,0.007,4543.801593544219,106.91297867162868,0.15,0.941166969532121,483.99290384149526,10.723371760764357,473.26953208073087,30336.75040401139,30810.01993609212,0.0,9
2021-10-19 04:41:59.523330,2021-10-19 05:41:59.523330,2021-10-19 06:41:59.523330,-1,REVERSAL,RED,DOWN,59.860699922622736,84.0023599923901,47.30809664247469,153.5106876121138,15239.704294721236,15885.74407051605,True,True,True,True,True,15625.789353554246,15875.801983211115,13476.639726984653,15875.801983211115,SL,0.006,3984.5762851563327,93.75473612132548,0.15,0.0,-127.50644112500305,9.403600032968946,-136.910041157972,30810.01993609212,30673.10989493415,0.4443685575081018,2
2021-10-22 04:41:59.523330,2021-10-22 05:41:59.523330,2021-10-22 08:41:59.523330,1,MOMENTUM,GREEN,UP,72.6391740215793,12.659304019517478,22.173892415802587,116.82223393912622,16636.776089000345,16233.15783670337,True,True,True,False,True,17194.49490923843,16919.382990690614,18830.0061843862,16919.382990690614,SL,0.006,4384.5962018558,103.16696945543059,0.15,0.4443685575081018,-140.3070784593864,10.347647036379689,-150.65472549576606,30673.10989493415,30522.455169438384,0.9333482005211943,4
2021-10-22 12:41:59.523330,2021-10-22 13:41:59.523330,2021-10-22 17:41:59.523330,1,MOMENTUM,GREEN,UP,65.10292345055299,0.022144874453630337,21.422555388369005,184.13697101641947,16735.44952477282,16303.516791878279,True,False,True,False,True,17395.294273702897,17395.294273702897,19973.21186793277,17572.787099240584,TSL,0.006,4435.800039794239,104.37176564221738,0.15,0.9333482005211943,90.52134102422045,10.468488093914404,80.05285293030605,30522.455169438384,30602.50802236869,0.6735208680613166,5
2021-10-23 06:41:59.523330,2021-10-23 07:41:59.523330,2021-10-23 18:41:59.523330,1,REVERSAL,GREEN,UP,54.18352903718656,-65.38520558972527,30.210685704139898,204.7425606653441,16870.328117928097,16398.340076853277,True,True,True,True,True,17024.155884200627,17024.155884200627,19890.551733515444,17264.4732960456,TSL,0.006,4341.15975047116,102.14493530520376,0.15,0.6735208680613166,122.56188004093546,10.245137011111938,112.31674302982351,30602.50802236869,30714.824765398513,0.30897471306759294,12
2021-10-24 21:41:59.523330,2021-10-24 22:41:59.523330,2021-10-25 01:41:59.523330,1,MOMENTUM,RED,UP,79.31712492851786,17.519298559645904,42.5297386544751,203.60547468186556,17986.583774654115,17002.335063263392,True,True,True,False,True,19407.872133427205,19407.872133427205,22258.348778973323,19693.318206746586,TSL,0.005,4124.172828353281,97.03936066713602,0.15,0.30897471306759294,121.3145811607369,9.733047874913742,111.58153328582316,30714.824765398513,30826.406298684335,0.0,4
2021-10-25 04:41:59.523330,2021-10-25 05:41:59.523330,2021-10-25 16:41:59.523330,1,MOMENTUM,GREEN,UP,68.1082466962578,1.0405131872325342,37.265956173846945,237.61324219997732,18349.800442319807,17196.358246419277,True,False,True,False,True,19749.845371020536,19433.84784508421,23076.43076182022,19433.84784508421,SL,0.005,4196.842141341864,98.74922685510268,0.15,0.0,-134.2989485229391,9.9045474535668,-144.2034959765059,30826.406298684335,30682.20280270783,0.46779210842575175,12
2021-10-26 05:41:59.523330,2021-10-26 06:41:59.523330,2021-10-26 10:41:59.523330,1,REVERSAL,GREEN,UP,38.92437844615027,-120.63838553534637,35.92596025424535,220.2375244279154,18661.67753124875,17531.484956159195,True,True,True,True,True,18246.113663489494,18246.113663489494,21329.439005480308,18713.853855549285,TSL,0.005,3877.2991534915172,91.23056831744746,0.15,0.46779210842575175,198.7895816254113,9.15042600223998,189.63915562317135,30682.20280270783,30871.841958331002,0.0,5
2021-10-27 02:41:59.523330,2021-10-27 03:41:59.523330,2021-10-27 14:41:59.523330,1,REVERSAL,GREEN,UP,47.664105143178816,-21.195132085963976,16.221056263424387,228.15639331185037,18513.982321245992,17694.296302316514,True,True,True,True,True,18448.896295556555,18448.896295556555,21643.08580192246,19413.572998793516,TSL,0.005,3920.3904628057676,92.24448147778277,0.15,0.0,409.98759887570833,9.252121492221612,400.73547738348674,30871.841958331002,31272.577435714487,0.0,12
2021-10-27 23:41:59.523330,2021-10-28 00:41:59.523330,2021-10-28 03:41:59.523330,1,REVERSAL,GREEN,UP,50.33211201261334,-36.70646344866603,18.06284234515786,201.66317810545644,18780.308765270176,17946.845019770928,True,True,True,True,True,18905.76335582656,18905.76335582656,21729.047849302948,19167.716948114434,TSL,0.005,4017.474713113144,94.5288167791328,0.15,0.0,111.33027672234685,9.48124032294702,101.84903639939982,31272.577435714487,31374.426472113886,0.0,4
2021-10-28 20:41:59.523330,2021-10-28 21:41:59.523330,2021-10-28 22:41:59.523330,1,MOMENTUM,GREEN,UP,68.68296255216435,2.290751388326953,21.308539754823848,132.06909580693895,19191.30795645288,18277.4851558623,True,False,True,False,True,19911.54534317363,19592.960617682853,21760.512684470777,19592.960617682853,SL,0.005,4231.203385424396,99.55772671586816,0.15,0.0,-135.39850833358085,9.985639989601577,-145.38414832318242,31374.426472113886,31229.042323790705,0.4633842421068659,2
2021-10-29 02:41:59.523330,2021-10-29 03:41:59.523330,2021-10-29 13:41:59.523330,1,REVERSAL,GREEN,UP,51.273865345979345,-63.67603702374463,23.290575029138186,207.0406863260988,19233.05866450861,18317.753565227777,True,True,True,True,True,19297.78225192085,19297.78225192085,22196.351860486233,20009.747432073134,TSL,0.005,4100.778728533181,96.48891125960425,0.15,0.4633842421068659,302.5852015647211,9.677837799338306,292.9073637653828,31229.042323790705,31521.949687556087,0.0,11
2021-10-29 23:41:59.523330,2021-10-30 00:41:59.523330,2021-10-30 02:41:59.523330,1,REVERSAL,GREEN,UP,40.25699805632007,-75.75169943349755,24.357614319429544,177.06175539834135,19420.819446520105,18547.985615538408,True,True,True,True,True,19433.27692220144,19433.27692220144,21912.14149777822,19602.133384430344,TSL,0.005,4129.571345967806,97.1663846110072,0.15,0.0,71.76399644728463,9.745788376484022,62.0182080708006,31521.949687556087,31583.967895626887,0.0,3
2021-10-31 17:41:59.523330,2021-10-31 18:41:59.523330,2021-10-31 23:41:59.523330,1,MOMENTUM,RED,UP,55.542947163453796,9.405897040044323,18.723278393813644,184.91303216139795,18847.41743378941,18627.434522246178,True,True,True,False,True,18823.06356396109,18823.06356396109,21411.84601422066,19198.732199913673,TSL,0.005,3999.901007341731,94.11531781980544,0.15,0.0,159.65917027984852,9.439766377326487,150.21940390252206,31583.967895626887,31734.18729952941,0.0,6
2021-11-01 21:41:59.523330,2021-11-01 22:41:59.523330,2021-11-02 02:41:59.523330,1,MOMENTUM,GREEN,UP,58.117080390018025,4.2022484708738155,17.75295919120957,170.0088603577934,19015.025689042744,18749.02877011636,True,False,True,False,True,19124.392399736946,19124.392399736946,21504.516444746052,19266.62189426435,TSL,0.005,4063.933384944101,95.62196199868472,0.15,0.0,60.447535174146836,9.590882788468079,50.85665238567876,31734.18729952941,31785.04395191509,0.0,5
2021-11-02 03:41:59.523330,2021-11-02 04:41:59.523330,2021-11-02 07:41:59.523330,-1,MOMENTUM,GREEN,DOWN,31.8853876214432,-28.790340758564266,17.371399815776016,210.83013442260872,19023.384503999703,18744.58129327538,True,True,True,False,True,18625.2859388133,18923.290513834312,15673.664056896778,18923.290513834312,SL,0.006,4749.447914397392,111.75171563287981,0.15,0.0,-151.98233326071613,11.208697077977845,-163.19103033869396,31785.04395191509,31621.852921576396,0.5134208106981759,4
2021-11-02 18:41:59.523330,2021-11-02 19:41:59.523330,2021-11-02 22:41:59.523330,1,MOMENTUM,GREEN,UP,59.493841924515536,5.86219470409047,19.130083311828468,171.3679161788652,18869.20359406174,18743.36005525222,True,True,True,False,True,18886.759354213456,18584.571204546042,21285.91018071757,18584.571204546042,SL,0.005,4013.436362770359,94.43379677106728,0.15,0.5134208106981759,-128.42996360865098,9.471709816138048,-137.90167342478904,31621.852921576396,31483.951248151607,0.9472779217136857,4
2021-11-03 06:41:59.523330,2021-11-03 07:41:59.523330,2021-11-03 16:41:59.523330,-1,MOMENTUM,RED,DOWN,34.09544059010345,-6.299181937966097,16.709356239851324,179.4963947579903,18745.365184674087,18707.038071380062,True,True,True,False,True,18170.67350714208,18170.67350714208,15657.723980530216,18035.52252760492,TSL,0.006,4633.5217443212305,109.02404104285249,0.15,0.9472779217136857,68.92699956395177,10.935111316598103,57.99188824735367,31483.951248151607,31541.94313639896,0.76482768400099,10
2021-11-03 20:41:59.523330,2021-11-03 21:41:59.523330,2021-11-03 22:41:59.523330,-1,MOMENTUM,RED,DOWN,28.63548230664574,-0.0041265433119406225,21.91803633501681,103.33794611901327,18463.2955210023,18612.848343570346,True,False,True,False,True,17931.731049215283,18218.63874600273,16484.999803549097,18218.63874600273,SL,0.006,4572.591417549897,107.5903862952917,0.15,0.76482768400099,-146.32292536159756,10.791315745417757,-157.11424110701532,31541.94313639896,31384.828895291947,1.259130102914423,2
2021-11-04 05:41:59.523330,2021-11-04 06:41:59.523330,2021-11-04 12:41:59.523330,-1,MOMENTUM,GREEN,DOWN,26.12318181096221,-13.591468775746677,24.250289828805748,147.55161967515815,18300.939370633092,18556.635832931875,True,True,True,False,True,17749.668546978955,17749.668546978955,15683.945871526741,17139.814709688802,TSL,0.006,4526.165479479633,106.49801128187373,0.15,1.259130102914423,311.02545701797806,10.681750531571936,300.3437064864062,31384.828895291947,31685.17260177835,0.3142086268240663,7
2021-11-05 18:41:59.523330,2021-11-05 19:41:59.523330,2021-11-05 22:41:59.523330,-1,REVERSAL,RED,DOWN,64.43312232954183,71.95831530353362,21.690171126539443,152.0701809135536,17526.753057936818,18162.984744479116,True,True,True,True,True,17791.48847997721,17791.48847997721,15662.505947187461,17635.901450639434,TSL,0.006,4536.8295623941885,106.74893087986327,0.15,0.3142086268240663,79.34938496226653,10.706917767250285,68.64246719501625,31685.17260177835,31753.815068973367,0.09825024306704287,4
2021-11-06 10:41:59.523330,2021-11-06 11:41:59.523330,2021-11-06 15:41:59.523330,-1,MOMENTUM,GREEN,DOWN,41.5226906056715,-26.53233529640005,33.38441450674243,255.07116962732016,17912.28918729438,18190.747843521283,True,True,True,False,True,18030.20620475026,18030.20620475026,14459.209829967776,17322.60609757463,TSL,0.006,4597.702582211316,108.18123722850156,0.15,0.09825024306704287,360.8760546595708,10.850578094018708,350.0254765655521,31753.815068973367,32103.84054553892,0.0,5
2021-11-08 02:41:59.523330,2021-11-08 03:41:59.523330,2021-11-08 08:41:59.523330,-1,REVERSAL,RED,DOWN,54.77174063983921,124.72802210392621,28.465218948792668,216.26030941725318,16833.508145868782,17694.126889765106,True,True,True,True,True,16398.102885020882,16398.102885020882,13370.458553179338,16166.235655929924,TSL,0.006,4181.516235680325,98.3886173101253,0.15,0.0,118.2522868363886,9.868378316205568,108.38390852018304,32103.84054553892,32212.224454059102,0.0,6
2021-11-08 14:41:59.523330,2021-11-08 15:41:59.523330,2021-11-09 09:41:59.523330,-1,MOMENTUM,GREEN,DOWN,36.38237376869553,-3.7906874851821897,19.59712522428562,146.68243339907127,16568.76133460168,17514.223869846755,True,False,True,False,True,15853.92778657946,16107.59063116473,13800.373718992461,16107.59063116473,SL,0.007,4716.5435165073895,110.97749450605622,0.15,0.0,-150.92939252823635,11.13104269895744,-162.0604352271938,32212.224454059102,32050.164018831907,0.5031022786343878,19
2021-11-09 22:41:59.523330,2021-11-09 23:41:59.523330,2021-11-10 01:41:59.523330,-1,REVERSAL,RED,DOWN,57.39782937743258,27.353114380645067,21.319633735972452,158.05678283268998,16397.645184602716,17176.071359562193,True,True,True,True,True,16681.172493492806,16681.172493492806,14468.377533835146,16293.976020394024,TSL,0.006,4253.698985840666,100.08703496095684,0.15,0.5031022786343878,197.47020128037883,10.03872960658397,187.43147167379487,32050.164018831907,32237.5954905057,0.0,3
2021-11-11 09:41:59.523330,2021-11-11 10:41:59.523330,2021-11-11 13:41:59.523330,1,MOMENTUM,GREEN,UP,75.59216840778073,4.170575613438416,22.254068327287875,140.51677070714098,17091.280878224963,17235.077224726512,True,False,True,False,True,18054.86614544245,17765.98828711537,20022.100935342423,17765.98828711537,SL,0.006,4603.990867087825,108.3291968726547,0.15,0.0,-147.3277077468106,10.865418446327267,-158.19312619313789,32237.5954905057,32079.402364312562,0.4907100662632487,4
2021-11-12 18:41:59.523330,2021-11-12 19:41:59.523330,2021-11-13 00:41:59.523330,1,REVERSAL,GREEN,UP,51.36938293061494,-57.91994401041569,19.46048935339055,175.27265294755645,18116.414771321055,17587.92551281669,True,True,True,True,True,18697.812702398733,18697.812702398733,21151.629843664523,18807.171842552492,TSL,0.006,4767.942239111677,112.1868762143924,0.15,0.4907100662632487,55.77316147841742,11.252343684303558,44.52081779411387,32079.402364312562,32123.923182106675,0.35260789978118295,6
2021-11-13 02:41:59.523330,2021-11-13 03:41:59.523330,2021-11-13 05:41:59.523330,1,MOMENTUM,GREEN,UP,67.85892584315954,10.321695920877431,19.970586317455556,154.26821520479356,18294.95581232396,17689.15953560034,True,True,True,False,True,18916.549528296044,18916.549528296044,21076.304541163154,19007.190314618616,TSL,0.005,4019.7667747629093,94.58274764148022,0.15,0.35260789978118295,38.5223341870932,9.486649588440468,29.03568459865273,32123.923182106675,32152.95886670533,0.26254012593866805,3
2021-11-13 19:41:59.523330,2021-11-13 20:41:59.523330,2021-11-13 23:41:59.523330,1,MOMENTUM,RED,UP,72.77036467347575,10.870788941887497,19.274927754354984,162.32409992463926,18731.06239534246,17926.456376297065,True,True,True,False,True,19455.32660186591,19455.32660186591,21727.86400081086,19844.358306462957,TSL,0.005,4134.256902896505,97.27663300932954,0.15,0.26254012593866805,165.3384744537453,9.756846290835753,155.58162816290954,32152.95886670533,32308.540494868237,0.0,4
2021-11-14 14:41:59.523330,2021-11-14 15:41:59.523330,2021-11-14 17:41:59.523330,1,MOMENTUM,GREEN,UP,72.19355725750621,19.52903773365577,25.311307639954816,181.4127741471187,19274.872164355245,18263.609042811102,True,True,True,False,True,20177.877649156257,19855.031606769757,22717.656487215918,19855.031606769757,SL,0.005,4287.799000445705,100.88938824578129,0.15,0.0,-137.20956801426246,10.119205641051863,-147.3287736553143,32308.540494868237,32161.211721212923,0.4560056610378763,3
2021-11-15 23:41:59.523330,2021-11-16 00:41:59.523330,2021-11-16 06:41:59.523330,1,REVERSAL,GREEN,UP,23.76059399472838,-153.53144192167312,39.41637715081889,201.99499652943666,19493.16228552101,18612.284262309993,True,True,True,True,True,18825.53625172184,18825.53625172184,21653.46620313395,19056.216419004304,TSL,0.006,4800.511744189069,112.95321751033103,0.15,0.4560056610378763,117.64688531405758,11.329207716286202,106.3176775977714,32161.211721212923,32267.529398810693,0.1269357743475226,7
2021-11-17 18:41:59.523330,2021-11-17 19:41:59.523330,2021-11-17 21:41:59.523330,1,MOMENTUM,RED,UP,69.11997001640628,10.717851386369631,20.51577320798556,159.81689445694488,19571.14759973496,18918.983265070085,True,True,True,False,True,20016.745231497847,20016.745231497847,22254.181753895075,20214.405553414217,TSL,0.005,4253.558361693293,100.08372615748924,0.15,0.1269357743475226,84.00563681445719,10.038397733596172,73.967239080861,32267.529398810693,32341.496637891556,0.0,3
2021-11-18 09:41:59.523330,2021-11-18 10:41:59.523330,2021-11-18 18:41:59.523330,1,MOMENTUM,GREEN,UP,63.970164002773366,8.33891280599157,18.680022609381044,195.99882212340256,19818.20091343656,19103.72314566541,True,True,True,False,True,20334.77534669632,20334.77534669632,23078.758856423956,21389.82851814844,TSL,0.005,4321.139761172968,101.67387673348159,0.15,0.0,448.3975978671511,10.197889836368203,438.1997080307829,32341.496637891556,32779.69634592234,0.0,9
2021-11-20 03:41:59.523330,2021-11-20 04:41:59.523330,2021-11-20 10:41:59.523330,1,REVERSAL,GREEN,UP,54.18921716033075,-26.54079351788596,24.536314255037205,226.0018253440092,20709.227619139892,19743.821529583907,True,True,True,True,True,20645.25644533072,20645.25644533072,23809.28200014685,21025.638503033504,TSL,0.005,4387.116994632778,103.22628222665361,0.15,0.0,161.66237452368304,10.353596107333358,151.30877841634967,32779.69634592234,32931.00512433869,0.0,7
2021-11-22 07:41:59.523330,2021-11-22 08:41:59.523330,2021-11-22 09:41:59.523330,1,REVERSAL,GREEN,UP,37.91188509832325,-156.44211802474783,30.33485792887022,187.54774221449858,21837.8717975432,20571.272721369016,True,True,True,True,True,22118.75041438149,21764.850407751386,24744.41880538447,21764.850407751386,SL,0.005,4700.234463056067,110.59375207190746,0.15,0.0,-150.40750281779464,11.092553332812319,-161.50005615060695,32931.00512433869,32769.50506818808,0.4904194558921852,2
2021-11-22 12:41:59.523330,2021-11-22 13:41:59.523330,2021-11-23 00:41:59.523330,1,REVERSAL,GREEN,UP,31.01294601940633,-164.87019704940744,34.8359593360815,216.28588647650142,21781.086018889386,20634.35195477856,True,True,True,True,True,21528.753672481274,21184.293613721573,24556.756083152293,21184.293613721573,SL,0.005,4574.860155402271,107.64376836240638,0.15,0.4904194558921852,-146.39552497287315,10.796669966749361,-157.19219493962248,32769.50506818808,32612.31287324846,0.9677574367588728,12
2021-11-24 04:41:59.523330,2021-11-24 05:41:59.523330,2021-11-24 08:41:59.523330,-1,MOMENTUM,RED,DOWN,31.804398354272365,-4.218217312665736,18.393869956990088,179.2283731588707,21150.162353947908,20749.89461019935,True,False,True,False,True,20785.79535865082,21118.368084389233,18276.59813442663,21118.368084389233,SL,0.005,4416.981513713299,103.9289767932541,0.15,0.9677574367588728,-141.34340843882563,10.424076372363386,-151.76748481118904,32612.31287324846,32460.54538843727,1.4286224611884513,4
2021-11-25 13:41:59.523330,2021-11-25 14:41:59.523330,2021-11-25 19:41:59.523330,1,REVERSAL,GREEN,UP,43.26845191995328,-74.47440532131598,18.359978460495334,252.96542118058827,21179.584549952797,20864.410689945544,True,True,True,True,True,20794.710952986286,20794.710952986286,24336.22684951452,21259.18855706955,TSL,0.005,4418.876077509586,103.97355476493144,0.15,1.4286224611884513,197.4029817353864,10.428547542922624,186.97443419246378,32460.54538843727,32647.519822629733,0.8608461862569762,6
2021-11-26 01:41:59.523330,2021-11-26 02:41:59.523330,2021-11-26 09:41:59.523330,-1,MOMENTUM,RED,DOWN,32.017153281675505,-31.079264508762673,17.95129712029575,211.45760596408877,21159.57765218297,20887.837129613592,True,True,True,False,True,20817.098759589226,20817.098759589226,17856.692276091984,20494.73903560251,TSL,0.005,4423.63348641271,104.08549379794613,0.15,0.8608461862569762,137.00288269435424,10.439775027933997,126.56310766642025,32647.519822629733,32774.08293029615,0.47651808212365526,8
2021-11-26 14:41:59.523330,2021-11-26 15:41:59.523330,2021-11-27 00:41:59.523330,-1,MOMENTUM,GREEN,DOWN,41.535940562181516,-3.310587632958331,24.520804145470645,182.2765924851692,20964.87273775919,20857.779527278646,True,False,True,False,True,20582.155716055837,20582.155716055837,18030.28342126347,20188.157996880378,TSL,0.005,4373.708089661865,102.91077858027919,0.15,0.47651808212365526,167.44903064956998,10.321951091602003,157.127079557968,32774.08293029615,32931.21000985412,0.0,10
2021-11-28 10:41:59.523330,2021-11-28 11:41:59.523330,2021-11-28 14:41:59.523330,-1,REVERSAL,RED,DOWN,49.05154310703183,60.663314768046675,29.4334240638929,202.79822768637354,20517.70132166424,20689.255068015827,True,True,True,True,True,20514.323883138004,20514.323883138004,17675.148695528776,20386.820878435105,TSL,0.005,4359.293825166826,102.57161941569002,0.15,0.0,54.18877699873228,10.28793342739371,43.90084357133857,32931.21000985412,32975.11085342546,0.0,4
2021-11-28 20:41:59.523330,2021-11-28 21:41:59.523330,2021-11-29 00:41:59.523330,1,MOMENTUM,RED,UP,65.60523815346127,9.054297806976209,19.724414874985534,183.82073648685991,20518.688995738925,20679.226591103008,True,True,True,False,True,20932.1926207544,20597.277538822327,23505.682931570438,20597.277538822327,SL,0.005,4448.090931910309,104.66096310377199,0.15,0.0,-142.33890982113027,10.49749459930833,-152.83640442043858,32975.11085342546,32822.274449005025,0.46349019143497056,4
2021-11-29 01:41:59.523330,2021-11-29 02:41:59.523330,2021-11-29 04:41:59.523330,-1,MOMENTUM,GREEN,DOWN,43.39536751439116,-8.74011298856938,21.221361729744793,176.31193829590472,20562.06710355731,20676.47682928846,True,True,True,False,True,20435.468936478614,20762.43643946227,17967.10180033595,20762.43643946227,SL,0.005,4342.537149001705,102.17734468239307,0.15,0.46349019143497056,-138.96118876805468,10.248387671644025,-149.2095764396987,32822.274449005025,32673.064872565326,0.9159816996604789,3
2021-11-30 21:41:59.523330,2021-11-30 22:41:59.523330,2021-12-01 08:41:59.523330,-1,MOMENTUM,RED,DOWN,41.13480782051033,-12.964756099069284,14.136487353439346,179.97841353115223,20315.572280116154,20491.87612211322,True,True,True,False,True,19921.528250394367,19921.528250394367,17401.830460958237,19249.586047701716,TSL,0.005,4233.3247532088035,99.60764125197184,0.15,0.9159816996604789,285.5754361443768,9.990646417572776,275.58478972680405,32673.064872565326,32948.64966229213,0.0802459505017191,11
2021-12-01 14:41:59.523330,2021-12-01 15:41:59.523330,2021-12-02 01:41:59.523330,-1,MOMENTUM,RED,DOWN,31.91108311721935,-6.342541196822964,29.118060230054184,182.38088667096832,19866.0520319003,20309.139923295363,True,True,True,False,True,19104.729008244296,19104.729008244296,16551.39659485074,18220.211169916365,TSL,0.006,4871.705897102295,114.62837404946578,0.15,0.0802459505017191,451.10409754724475,11.497225917161419,439.6068716300833,32948.64966229213,33388.25653392221,0.0,11
2021-12-03 12:41:59.523330,2021-12-03 13:41:59.523330,2021-12-03 18:41:59.523330,-1,REVERSAL,RED,DOWN,76.83310127042603,147.5160365734677,37.563000458564034,197.94121058634965,18229.67213604994,19409.79950357143,True,True,True,True,True,18613.376974962892,18911.191006562298,15842.200026753997,18911.191006562298,SL,0.006,4746.411128615538,111.68026184977735,0.15,0.0,-151.88515611569707,11.20153026353267,-163.08668637922975,33388.25653392221,33225.16984754298,0.4884552333948247,6
2021-12-03 19:41:59.523330,2021-12-03 20:41:59.523330,2021-12-04 02:41:59.523330,-1,REVERSAL,RED,DOWN,53.83172851163594,55.62617842930533,41.52158402009448,193.5641677458464,18349.88586987546,19377.893068431382,True,True,True,True,True,18741.10196070917,19040.959592080515,16031.20361226732,19040.959592080515,SL,0.006,4778.9809999808385,112.44661176425502,0.15,0.4884552333948247,-152.9273919993863,11.27839515995478,-164.20578715934104,33225.16984754298,33060.96406038364,0.9802622464160365,7
2021-12-04 11:41:59.523330,2021-12-04 12:41:59.523330,2021-12-04 17:41:59.523330,-1,REVERSAL,RED,DOWN,36.907144372729064,-37.42098940156541,37.36447946268665,193.16927334987403,18791.357611707328,19352.77906971506,True,True,True,True,True,19095.087064005893,19095.087064005893,16390.717237107656,18838.153536279002,TSL,0.006,4869.247201321503,114.57052238403536,0.15,0.9802622464160365,131.03609914071444,11.491423395118748,119.5446757455957,33060.96406038364,33180.50873612923,0.6222181669830857,6
2021-12-05 00:41:59.523330,2021-12-05 01:41:59.523330,2021-12-05 03:41:59.523330,1,MOMENTUM,RED,UP,69.54949127099749,2.616396383648464,25.3249519625828,177.68796079160518,18929.434355646394,19335.110745174617,True,False,True,False,True,19664.16901769039,19349.542313407343,22151.80046877286,19349.542313407343,SL,0.005,4178.635916259208,98.32084508845196,0.15,0.6222181669830857,-133.71634932029528,9.861580762371732,-143.577930082667,33180.50873612923,33036.93080604656,1.0522434063566806,3
2021-12-05 05:41:59.523330,2021-12-05 06:41:59.523330,2021-12-05 08:41:59.523330,-1,MOMENTUM,RED,DOWN,47.010800621163035,-8.81163170809738,21.001857569559196,153.3667772839144,19019.734551784924,19342.409356181342,True,True,True,False,True,19419.52890133153,19730.241363752833,17272.39401935673,19730.241363752833,SL,0.006,4951.979869839541,116.51717340798919,0.15,1.0522434063566806,-158.4633558348645,11.686672492821316,-170.15002832768585,33036.93080604656,32866.78077771888,1.561853808309872,3
2021-12-06 16:41:59.523330,2021-12-06 17:41:59.523330,2021-12-06 22:41:59.523330,1,REVERSAL,GREEN,UP,46.13476983260938,-100.99725849851244,25.533189024291563,154.94849199735543,20157.647794697652,19724.712388179043,True,True,True,True,True,20531.32726939972,20531.32726939972,22700.606157362698,20910.04831182439,TSL,0.005,4362.9070447474405,102.65663634699861,0.15,1.561853808309872,160.95644303048456,10.296460625603961,150.6599824048806,32866.78077771888,33017.44076012376,1.1106173615915078,6
2021-12-07 03:41:59.523330,2021-12-07 04:41:59.523330,2021-12-07 13:41:59.523330,1,REVERSAL,GREEN,UP,48.256241290886976,-41.952029146939516,21.565963686511886,226.15293417134845,20312.01510911656,19781.7751205149,True,True,True,True,True,20489.89464879592,20489.89464879592,23656.035727194798,20685.73092095551,TSL,0.005,4354.102612869133,102.4494732439796,0.15,1.1106173615915078,83.2304156678263,10.275682166371155,72.95473350145515,33017.44076012376,33090.39549362522,0.8921131895412656,10
2021-12-07 20:41:59.523330,2021-12-07 21:41:59.523330,2021-12-08 08:41:59.523330,1,REVERSAL,GREEN,UP,50.36160274088336,-25.137459666985876,15.985129220657123,186.53372851208175,20333.036188929087,19899.12236568001,True,True,True,True,True,20205.658723678865,20205.658723678865,22817.13092284801,21080.00490045547,TSL,0.005,4293.702478781759,101.02829361839433,0.15,0.8921131895412656,371.5971251300574,10.133137849924953,361.4639872801324,33090.39549362522,33451.859480905354,0.0,12
2021-12-09 00:41:59.523330,2021-12-09 01:41:59.523330,2021-12-09 04:41:59.523330,1,REVERSAL,GREEN,UP,54.74985412065065,-21.6055508748545,16.65242350848864,235.03300035051691,20656.406550675907,20113.227331766204,True,True,True,True,True,20922.084680477063,20587.331325589428,24212.5466853843,20587.331325589428,SL,0.005,4445.942994601376,104.61042340238532,0.15,0.0,-142.27017582724466,10.492425467259249,-152.7626012945039,33451.859480905354,33299.09687961085,0.456664005125641,4
2021-12-09 05:41:59.523330,2021-12-09 06:41:59.523330,2021-12-09 14:41:59.523330,1,REVERSAL,GREEN,UP,58.07676284696307,-14.531353574986888,13.976647576960808,234.42321687059427,20677.404073457576,20143.341249980098,True,True,True,True,True,21151.10286385405,21151.10286385405,24433.02790004237,21824.489229513234,TSL,0.005,4494.609358568986,105.75551431927025,0.15,0.456664005125641,286.1892054051539,10.607278086222806,275.58192731893115,33299.09687961085,33574.67880692978,0.0,9
2021-12-10 07:41:59.523330,2021-12-10 08:41:59.523330,2021-12-10 19:41:59.523330,1,MOMENTUM,RED,UP,59.72704129153516,4.735551788754307,17.978151747898686,186.7327719966506,21183.0767557637,20437.54861903359,True,False,True,False,True,21751.2339877151,21751.2339877151,24365.492795668208,22562.595569751084,TSL,0.005,4622.137222389459,108.7561699385755,0.15,0.0,344.82867236529347,10.908243844839124,333.9204285204543,33574.67880692978,33908.59923545024,0.0,12
2021-12-11 04:41:59.523330,2021-12-11 05:41:59.523330,2021-12-11 06:41:59.523330,1,REVERSAL,GREEN,UP,49.03811907695063,-74.66928154015304,20.382483951902604,206.49967989592596,21721.67472693098,20772.130974841573,True,True,True,True,True,22148.20646049059,21793.83515712274,25039.201979033554,21793.83515712274,SL,0.005,4706.49387285425,110.74103230245295,0.15,0.0,-150.60780393133646,11.107325539936031,-161.7151294712725,33908.59923545024,33746.88410597896,0.4769148036708264,2
2021-12-12 10:41:59.523330,2021-12-12 11:41:59.523330,2021-12-12 13:41:59.523330,1,MOMENTUM,GREEN,UP,53.89331805049732,1.6547717867735638,17.30139492868602,186.53529973280547,22114.23169131949,21172.4352155788,True,False,True,False,True,22310.853855397745,22310.853855397745,24922.34805165702,22429.301574791785,TSL,0.005,4741.0564442720215,111.55426927698873,0.15,0.4769148036708264,50.34028074246707,11.18889320848197,39.1513875339851,33746.88410597896,33786.03549351295,0.36145327350812806,3
2021-12-13 17:41:59.523330,2021-12-13 18:41:59.523330,2021-12-13 19:41:59.523330,1,MOMENTUM,GREEN,UP,69.10760410493309,26.122851629932804,18.51829228137855,243.2259109832387,22398.862231481664,21542.543854156374,True,True,True,False,True,22786.015217780638,22421.438974296147,26191.177971545978,22421.438974296147,SL,0.005,4842.028233778386,113.93007608890319,0.15,0.36145327350812806,-154.94490348090866,11.42718663171699,-166.37209011262567,33786.03549351295,33619.66340340032,0.8521019404064434,2
2021-12-13 22:41:59.523330,2021-12-13 23:41:59.523330,2021-12-14 02:41:59.523330,1,MOMENTUM,GREEN,UP,58.9129014535283,15.01372647528659,16.139988453498056,288.73579526006887,22407.965442621993,21583.309403532774,True,True,True,False,True,22533.289310422915,22172.756681456147,26575.59044406388,22172.756681456147,SL,0.005,4788.3239784648695,112.66644655211458,0.15,0.8521019404064434,-153.2263673108765,11.300444589177092,-164.52681190005362,33619.66340340032,33455.13659150027,1.3373086891654629,4
2021-12-14 07:41:59.523330,2021-12-14 08:41:59.523330,2021-12-14 22:41:59.523330,1,REVERSAL,GREEN,UP,47.67688727159535,-46.718737542996735,17.100886935597526,252.50305948104642,22312.669798629617,21618.58011054256,True,True,True,True,True,21936.64019806496,21585.653954895923,25471.68303079961,21585.653954895923,SL,0.005,4661.536042088805,109.6832009903248,0.15,1.3373086891654629,-149.16915334684117,11.00122505932958,-160.17037840617073,33455.13659150027,33294.9662130941,1.8096678606369754,15
2021-12-15 16:41:59.523330,2021-12-15 17:41:59.523330,2021-12-16 07:41:59.523330,-1,MOMENTUM,GREEN,DOWN,27.323336773239973,-6.367804738613017,29.317031239103684,180.47118301878004,21513.419325321076,21498.749419680837,True,True,True,False,True,20497.0097594104,20497.0097594104,17970.41319714748,19928.272971150676,TSL,0.005,4355.61457387471,102.485048797052,0.15,1.8096678606369754,241.71313501038296,10.279250394344317,231.43388461603863,33294.9662130941,33526.40009771014,1.1271451677677191,15
2021-12-16 16:41:59.523330,2021-12-16 17:41:59.523330,2021-12-16 20:41:59.523330,-1,REVERSAL,RED,DOWN,65.00125039961212,122.85168118573381,26.384733668266815,182.87024050265754,20858.831624478604,21258.50442940916,True,True,True,True,True,20646.600295610668,20646.600295610668,18086.41692857346,20267.73350088007,TSL,0.005,4387.402562817267,103.23300147805334,0.15,1.1271451677677191,161.01838776050437,10.35427004824875,150.66411771225563,33526.40009771014,33677.0642154224,0.6828209517595736,4
2021-12-16 22:41:59.523330,2021-12-16 23:41:59.523330,2021-12-17 02:41:59.523330,-1,MOMENTUM,GREEN,DOWN,24.564179439563986,-39.951653380305686,25.79370819724239,228.02527849616325,20723.974585150234,21200.083449554848,True,True,True,False,True,19780.91184049974,20097.406429947736,16588.557941553452,20097.406429947736,SL,0.006,5044.132519327433,118.68547104299843,0.15,0.6828209517595736,-161.41224061847845,11.904152745612743,-173.3163933640912,33677.0642154224,33503.74782205831,1.1939490940949071,4
2021-12-18 06:41:59.523330,2021-12-18 07:41:59.523330,2021-12-18 09:41:59.523330,-1,REVERSAL,RED,DOWN,54.07553129413053,76.6233609368182,17.157192713110277,258.00710226999246,20008.66811164139,20796.134482298432,True,True,True,True,True,19882.84933212938,20200.97492144345,16270.749900349485,20200.97492144345,SL,0.005,4225.105483077493,99.4142466606469,0.15,1.1939490940949071,-135.2033754584796,9.971248940062884,-145.17462439854248,33503.74782205831,33358.57319765977,1.6220842210887847,3
2021-12-18 15:41:59.523330,2021-12-18 16:41:59.523330,2021-12-19 01:41:59.523330,-1,REVERSAL,RED,DOWN,53.80270680723646,42.18215630452681,15.56172154194161,261.1239188016093,20083.982125033093,20756.238280188212,True,True,True,True,True,20228.14990851859,20551.800307054888,16572.41504529606,20551.800307054888,SL,0.005,4298.4818555602005,101.14074954259296,0.15,1.6220842210887847,-137.5514193779266,10.144417179122074,-147.69583655704866,33358.57319765977,33210.87736110272,2.057654666011899,10
2021-12-19 07:41:59.523330,2021-12-19 08:41:59.523330,2021-12-19 11:41:59.523330,-1,MOMENTUM,RED,DOWN,43.553152266379314,-0.5141756963492128,20.810374804867404,209.70912717346627,20263.638976248665,20710.07538443941,True,False,True,False,True,20325.97503391643,20325.97503391643,17390.047253487905,20325.97503391643,SL,0.005,4319.269694707242,101.62987516958216,0.15,2.057654666011899,-0.0,10.19347647950909,-10.19347647950909,33210.87736110272,33200.68388462321,2.087716292588472,4
2021-12-21 10:41:59.523330,2021-12-21 11:41:59.523330,2021-12-21 13:41:59.523330,-1,REVERSAL,RED,DOWN,62.383256813108964,111.4077899654555,28.380300477903504,148.23286009541434,19125.024685990506,20033.311988899768,True,True,True,True,True,19162.205176274143,19468.800459094527,17086.94513493834,19468.800459094527,SL,0.006,4886.362319949907,114.97323105764487,0.15,2.087716292588472,-156.36359423839608,11.53181507508178,-167.89540931347787,33200.68388462321,33032.78847530974,2.582857386880405,3
2021-12-24 18:41:59.523330,2021-12-24 19:41:59.523330,2021-12-24 22:41:59.523330,1,REVERSAL,GREEN,UP,40.72661640507332,-167.51604309061742,31.494827988047778,247.33940751441844,23529.005148012882,21753.6652076456,True,True,True,True,True,23810.73987700689,23810.73987700689,27273.49158220875,24388.337475907323,TSL,0.004,4047.8257790911716,95.24295950802757,0.15,2.582857386880405,196.38318362614717,9.552868838655165,186.830314787492,33032.78847530974,33219.61879009723,2.031875279096472,4
2021-12-24 23:41:59.523330,2021-12-25 00:41:59.523330,2021-12-25 01:41:59.523330,1,MOMENTUM,RED,UP,68.81152354919308,47.544802330477026,27.160047895376852,296.48187220913246,23662.313403991735,21871.389638453104,True,True,True,False,True,24797.854974576767,24401.08929498354,28948.601185504624,24401.08929498354,SL,0.004,4215.635345678051,99.19141989830707,0.15,2.031875279096472,-134.90033106169722,9.9488994158002,-144.84923047749743,33219.61879009723,33074.76955961973,2.4590507854384276,2
2021-12-25 12:41:59.523330,2021-12-25 13:41:59.523330,2021-12-25 19:41:59.523330,1,REVERSAL,GREEN,UP,40.11687691320204,-92.67193106883695,23.693556739509017,267.98666872203313,23798.736742107612,22187.325303212285,True,True,True,True,True,23656.432313283807,23656.432313283807,27408.24567539227,24038.927703200363,TSL,0.004,4021.5934932582472,94.62572925313523,0.15,2.4590507854384276,130.04843257162895,9.490960644089464,120.5574719275395,33074.76955961973,33195.32703154727,2.103514211690785,7
2021-12-27 07:41:59.523330,2021-12-27 08:41:59.523330,2021-12-27 13:41:59.523330,1,MOMENTUM,RED,UP,53.01369933863926,5.616410199871705,13.215775047507943,300.6567087620769,24137.718336237358,22826.323176844202,True,True,True,False,True,24478.219133616647,24478.219133616647,28687.413056285724,25283.921023669594,TSL,0.004,4161.29725271483,97.91287653446659,0.15,2.103514211690785,273.9386426180021,9.820661516407,264.11798110159515,33195.32703154727,33459.44501264887,1.3246027052978246,6
2021-12-28 13:41:59.523330,2021-12-28 14:41:59.523330,2021-12-29 00:41:59.523330,1,MOMENTUM,GREEN,UP,58.87667777659244,3.4444549838492264,18.98803674546541,272.85075907043483,24841.272679431622,23481.973970264324,True,False,True,False,True,25422.89325306509,25422.89325306509,29242.80388005118,26671.815520258206,TSL,0.004,4321.891853021066,101.69157301226036,0.15,1.3246027052978246,424.6335708456596,10.199664773129715,414.4339060725299,33459.44501264887,33873.8789187214,0.10239383965038606,11
2021-12-29 08:41:59.523330,2021-12-29 09:41:59.523330,2021-12-29 14:41:59.523330,1,MOMENTUM,GREEN,UP,69.29543896597215,18.808280782598956,27.391810103629982,278.95629043052816,25670.113909876793,24070.736955798966,True,True,True,False,True,27291.62685016623,27291.62685016623,31197.014916193624,28453.769543982922,TSL,0.004,4639.576564528259,109.16650740066493,0.15,0.10239383965038606,395.1285158976751,10.949400692286693,384.1791152053884,33873.8789187214,34258.05803392679,0.0,6
2021-12-29 21:41:59.523330,2021-12-29 22:41:59.523330,2021-12-29 23:41:59.523330,1,MOMENTUM,GREEN,UP,73.65942768729585,19.021709730927796,32.21764202513203,325.30677223708267,26634.253295900293,24526.910918177262,True,True,True,False,True,28988.02946842617,28524.22099693135,33542.32427974533,28524.22099693135,SL,0.004,4927.965009632449,115.9521178737047,0.15,0.0,-157.6948803082388,11.629997422732583,-169.32487773097137,34258.05803392679,34088.73315619582,0.4942629192912318,2
2021-12-30 22:41:59.523330,2021-12-30 23:41:59.523330,2021-12-31 05:41:59.523330,1,MOMENTUM,GREEN,UP,63.45164059234908,13.00483900738659,19.528128591729676,246.77850688107821,27360.346365620044,25235.35256083592,True,True,True,False,True,28183.06653798033,28183.06653798033,31637.965634315424,28741.48986238486,TSL,0.004,4791.121311456656,112.73226615192132,0.15,0.4942629192912318,189.8639302975408,11.30704629503771,178.5568840025031,34088.73315619582,34267.29004019832,0.0,7
2022-01-01 00:41:59.523330,2022-01-01 01:41:59.523330,2022-01-01 03:41:59.523330,1,REVERSAL,GREEN,UP,26.299036394478193,-125.15055646539679,31.551686814551637,178.8472429064169,28111.582896114654,26035.832585434608,True,True,True,True,True,28220.26126544082,28220.26126544082,30724.122666130657,28358.173179118454,TSL,0.004,4797.444415124939,112.88104506176327,0.15,0.0,46.890050650396006,11.321968819694856,35.568081830701146,34267.29004019832,34302.85812202902,0.0,3
2022-01-01 06:41:59.523330,2022-01-01 07:41:59.523330,2022-01-01 13:41:59.523330,1,MOMENTUM,RED,UP,73.6375246805209,41.00317339571451,25.220828220098234,255.80498058606705,28208.100130334675,26162.621288291597,True,True,True,False,True,29270.225804199068,29270.225804199068,32851.495532404006,30655.649147532942,TSL,0.004,4975.938386713841,117.08090321679627,0.15,0.0,471.04393673351717,11.743214592644668,459.3007221408725,34302.85812202902,34762.15884416989,0.0,7
2022-01-02 08:41:59.523330,2022-01-02 09:41:59.523330,2022-01-02 12:41:59.523330,1,MOMENTUM,RED,UP,66.17269970787115,20.61401826224595,22.03526160799541,323.66156307641245,29040.838211279846,27012.412228346606,True,True,True,False,True,29790.65868776336,29314.008148759145,34321.920570833136,29314.008148759145,SL,0.004,5064.411976919771,119.16263475105345,0.15,0.0,-162.06118326143303,11.95201226553066,-174.01319552696367,34762.15884416989,34588.14564864293,0.5005822460768867,4
2022-01-02 13:41:59.523330,2022-01-02 14:41:59.523330,2022-01-02 17:41:59.523330,1,MOMENTUM,GREEN,UP,54.52595787980774,6.592139144825197,16.707815627508232,304.93412905979244,29130.692623663654,27120.47029463109,True,True,True,False,True,29564.9061819296,29564.9061819296,33833.9839887667,30137.008291555063,TSL,0.004,5026.034050928032,118.2596247277184,0.15,0.5005822460768867,194.5147172726573,11.861440360190157,182.65327691246713,34588.14564864293,34770.7989255554,0.0,4
2022-01-03 00:41:59.523330,2022-01-03 01:41:59.523330,2022-01-03 04:41:59.523330,1,MOMENTUM,GREEN,UP,66.29501068516464,34.59916674750693,15.534413520464746,346.55356726051286,29399.44701679564,27477.255646486472,True,True,True,False,True,30704.59769958305,30704.59769958305,35556.347641230226,31075.613139442936,TSL,0.003,3914.8362066968393,92.11379309874916,0.15,0.0,94.60893716427096,9.239013447804542,85.3699237164664,34770.7989255554,34856.16884927187,0.0,4
2022-01-03 12:41:59.523330,2022-01-03 13:41:59.523330,2022-01-03 15:41:59.523330,1,REVERSAL,GREEN,UP,38.38482437637558,-143.08565731761533,28.936255511182814,245.07544976054984,29696.08385563759,27700.001812846967,True,True,True,True,True,29717.177452880813,29241.70261363472,33148.23374952851,29241.70261363472,SL,0.004,5051.920166989738,118.86870981152326,0.15,0.0,-161.66144534367174,11.922531594095783,-173.58397693776755,34856.16884927187,34682.5848723341,0.49800073464297806,3
2022-01-03 20:41:59.523330,2022-01-03 21:41:59.523330,2022-01-04 01:41:59.523330,1,REVERSAL,GREEN,UP,46.27629773209016,-115.18222188449047,33.8317786130596,275.01263810588,29497.127143245125,27802.572897019872,True,True,True,True,True,29399.63678792789,28929.242599321045,33249.81372141021,28929.242599321045,SL,0.004,4997.938253947742,117.59854715171157,0.15,0.49800073464297806,-159.93402412632764,11.79513427931667,-171.72915840564434,34682.5848723341,34510.85571392845,0.9906801198853732,5
2022-01-04 02:41:59.523330,2022-01-04 03:41:59.523330,2022-01-04 05:41:59.523330,1,REVERSAL,GREEN,UP,41.28574497183922,-33.12857223693098,23.709464479916996,278.8067918152564,29395.96460923773,27841.00245865407,True,True,True,True,True,28752.771614941765,28292.727269102696,32656.066700355354,28292.727269102696,SL,0.004,4887.9711745401,115.01108645976706,0.15,0.9906801198853732,-156.4150775852835,11.535611971914637,-167.95068955719816,34510.85571392845,34342.905024371255,1.4725193325752843,3
2022-01-04 08:41:59.523330,2022-01-04 09:41:59.523330,2022-01-04 10:41:59.523330,1,REVERSAL,GREEN,UP,38.61844146271702,-69.83165443731298,32.448965255300564,260.2560740748821,29152.569852632303,27832.769440440243,True,True,True,True,True,28193.84317177149,27742.741681023144,31837.428208819838,27742.741681023144,SL,0.004,4792.9533392011535,112.77537268708596,0.15,1.4725193325752843,-153.374506854437,11.311369880514722,-164.68587673495173,34342.905024371255,34178.2191476363,1.9449920172444002,2
2022-01-06 09:41:59.523330,2022-01-06 10:41:59.523330,2022-01-06 11:41:59.523330,1,MOMENTUM,GREEN,UP,57.17065166477442,20.081946814801967,17.52185562807686,238.17638249149707,28339.711176882498,27980.713988247702,True,True,True,False,True,28530.11652162763,28073.63465728159,31864.58587650859,28073.63465728159,SL,0.004,4850.119808676698,114.12046608651053,0.15,1.9449920172444002,-155.20383387765432,11.446282748477007,-166.65011662613134,34178.2191476363,34011.56903101017,2.4230999738209613,2
2022-01-06 13:41:59.523330,2022-01-06 14:41:59.523330,2022-01-06 16:41:59.523330,-1,MOMENTUM,GREEN,DOWN,40.55154518996143,-8.849021066506879,17.55959832432085,287.15117945550094,28287.853886421304,27965.553356204466,True,True,True,False,True,27874.2481154876,27874.2481154876,23854.13160311059,27668.257866613378,TSL,0.004,4738.622179632892,111.4969924619504,0.15,2.4230999738209613,70.03668461723574,11.183148343933626,58.85353627330211,34011.56903101017,34070.42256728347,2.254253143500046,3
2022-01-06 20:41:59.523330,2022-01-06 21:41:59.523330,2022-01-07 01:41:59.523330,1,MOMENTUM,GREEN,UP,55.78833556334338,1.4021927808294663,16.52841740316044,238.9273428997067,28138.257591156835,27929.638852417454,True,False,True,False,True,27718.922718838177,27275.419955336765,31063.905519434073,27275.419955336765,SL,0.004,4712.21686220249,110.87569087535272,0.15,2.254253143500046,-150.79093959048012,11.120831794797878,-161.911771385278,34070.42256728347,33908.5107958982,2.7187671068258172,5
2022-01-07 07:41:59.523330,2022-01-07 08:41:59.523330,2022-01-07 11:41:59.523330,-1,MOMENTUM,GREEN,DOWN,33.82246104115298,-16.457338637489812,17.822932149517587,333.194611715936,27858.616373842753,27870.08717763725,True,True,True,False,True,26994.131702589137,27426.037809830563,22329.40713856603,27426.037809830563,SL,0.004,4589.002389440153,107.97652681035655,0.15,2.7187671068258172,-146.84807646208486,10.830045639078762,-157.67812210116364,33908.5107958982,33750.832673797035,3.171135015596882,4
2022-01-08 13:41:59.523330,2022-01-08 14:41:59.523330,2022-01-08 18:41:59.523330,1,MOMENTUM,RED,UP,66.70896983561889,0.06719674248103047,16.79741988499813,234.16239320855104,28261.560034883518,28040.71385937413,True,False,True,False,True,28910.79732363344,28910.79732363344,32189.070828553155,29427.71839384743,TSL,0.004,4914.835545017685,115.64318929453377,0.15,3.171135015596882,175.75316387275657,11.599011886241739,164.15415198651485,33750.832673797035,33914.98682578355,2.7001878134061794,5
2022-01-09 05:41:59.523330,2022-01-09 06:41:59.523330,2022-01-09 12:41:59.523330,1,MOMENTUM,RED,UP,63.24495675691694,5.750783532677318,20.465271681819086,307.58309458681674,28451.382950965857,28133.695837140247,True,True,True,False,True,29226.50224659741,29226.50224659741,33532.665570812846,29420.249262440087,TSL,0.004,4968.50538192156,116.90600898638965,0.15,2.7001878134061794,65.8739853865101,11.725672701334881,54.14831268517521,33914.98682578355,33969.13513846872,2.544839952545947,7
2022-01-10 00:41:59.523330,2022-01-10 01:41:59.523330,2022-01-10 07:41:59.523330,1,MOMENTUM,RED,UP,62.55489483179803,2.6286357566727645,18.83348149300223,198.91356412566597,28907.429569574662,28377.124556763058,True,False,True,False,True,29793.410960003606,29793.410960003606,32578.20085776293,30762.63456751209,TSL,0.004,5064.879863200613,119.17364384001442,0.15,2.544839952545947,329.53602655288455,11.953116477153447,317.5829100757311,33969.13513846872,34286.718048544455,1.633715980634252,7
2022-01-11 04:41:59.523330,2022-01-11 05:41:59.523330,2022-01-11 11:41:59.523330,1,MOMENTUM,RED,UP,64.02010375894184,2.3828928430499445,15.98235158411064,331.4877745087163,29928.43120350787,28927.094633133973,True,False,True,False,True,31174.609719561755,31174.609719561755,35815.43856268378,32713.05109587106,TSL,0.003,3974.7627392441236,93.52382915868526,0.15,1.633715980634252,392.30255095887236,9.380440064616133,382.92211089425626,34286.718048544455,34669.64015943871,0.5351382437919615,7
2022-01-12 17:41:59.523330,2022-01-12 18:41:59.523330,2022-01-12 20:41:59.523330,1,REVERSAL,GREEN,UP,33.92326245104961,-194.04981093944036,28.4220500915117,292.91607733677114,31720.1912345228,29887.877895096484,True,True,True,True,True,31366.44592355188,30864.58278877505,35467.271006266674,30864.58278877505,SL,0.003,3999.2218552528648,94.09933777065564,0.15,0.5351382437919615,-127.97509936809202,9.438163578396761,-137.41326294648877,34669.64015943871,34532.226896492226,0.9293676369897684,3
2022-01-15 04:41:59.523330,2022-01-15 05:41:59.523330,2022-01-15 08:41:59.523330,1,MOMENTUM,GREEN,UP,63.162135361435965,0.9259285051814743,15.802192570797647,328.9302398537705,30457.61793396225,30034.808506185807,True,False,True,False,True,30965.00977507278,30965.00977507278,35570.033133025565,31491.37067222056,TSL,0.003,3948.03874632178,92.89502932521835,0.15,0.9293676369897684,134.22202877268407,9.3173714413194,124.90465733136467,34532.226896492226,34657.131553823594,0.5710245905365227,4
2022-01-17 18:41:59.523330,2022-01-17 19:41:59.523330,2022-01-17 22:41:59.523330,1,MOMENTUM,RED,UP,82.9180138847866,28.87628106333341,48.70900421547043,368.1183366896303,32444.03991077436,30881.62455827726,True,True,True,False,True,35375.36784307852,35375.36784307852,40529.02455673335,36334.04111576487,TSL,0.003,4510.3593999925115,106.12610352923556,0.15,0.5710245905365227,244.46168453501886,10.644448183982327,233.81723635103654,34657.131553823594,34890.94879017463,0.0,4
2022-01-18 16:41:59.523330,2022-01-18 17:41:59.523330,2022-01-18 22:41:59.523330,1,REVERSAL,GREEN,UP,42.868581210242674,-250.6121808254053,20.631018022896203,375.916739645561,34580.95722843896,31981.196136505212,True,True,True,True,True,35293.40576426553,34728.71127203728,40556.24011930339,34728.71127203728,SL,0.003,4499.909234943855,105.8802172927966,0.15,0.0,-143.99709551820354,10.619785794467498,-154.616881312671,34890.94879017463,34736.33190886196,0.44314324108094166,6
2022-01-19 03:41:59.523330,2022-01-19 04:41:59.523330,2022-01-19 07:41:59.523330,1,REVERSAL,GREEN,UP,44.30002089709914,-137.62613754025978,21.78644051669831,394.6751053448197,34641.525306398355,32181.350237529987,True,True,True,True,True,34407.0913227877,34407.0913227877,39932.54279761518,34973.74809475189,TSL,0.003,4386.904143655432,103.2212739683631,0.15,0.44314324108094166,144.4974768508684,10.35309377902682,134.14438307184156,34736.33190886196,34870.4762919338,0.058675670770508934,4
2022-01-19 08:41:59.523330,2022-01-19 09:41:59.523330,2022-01-19 16:41:59.523330,1,MOMENTUM,RED,UP,55.81884619627084,14.29291441223927,17.104349322041074,419.1447472243415,34667.101675635124,32415.24035833136,True,True,True,False,True,35304.3964410028,35304.3964410028,41172.422902143575,36255.68649920011,TSL,0.003,4501.310546227857,105.9131893230084,0.15,0.058675670770508934,242.57896484031355,10.623092889097743,231.9558719512158,34870.4762919338,35102.432163885016,0.0,8
2022-01-20 07:41:59.523330,2022-01-20 08:41:59.523330,2022-01-20 21:41:59.523330,1,REVERSAL,GREEN,UP,46.04258929399915,-217.49646214364586,28.18160858683334,463.1136146279005,35334.99459318254,33065.62474480424,True,True,True,True,True,35528.23109607225,35528.23109607225,42011.82170086286,35986.77276431044,TSL,0.003,4529.8494647492125,106.58469328821677,0.15,0.0,116.92812540073686,10.690444736808143,106.23768066392873,35102.432163885016,35208.669844548946,0.0,14
2022-01-21 08:41:59.523330,2022-01-21 09:41:59.523330,2022-01-21 13:41:59.523330,1,REVERSAL,GREEN,UP,28.57008805334594,-179.40995677219598,34.27034741743277,312.7908027246329,35111.49607340842,33495.53298312252,True,True,True,True,True,33826.71130789123,33285.48392696497,38205.78254603609,33285.48392696497,SL,0.003,4312.905691756132,101.48013392367369,0.15,0.0,-138.0129821361969,10.178457432544471,-148.19143956874137,35208.669844548946,35060.478404980204,0.4208947404801916,5
2022-01-21 15:41:59.523330,2022-01-21 16:41:59.523330,2022-01-21 21:41:59.523330,1,REVERSAL,GREEN,UP,51.417029105778404,-55.337025345898326,40.29574731476045,318.2428737528651,34721.8654232988,33514.0626603779,True,True,True,True,True,33676.08070223631,33137.263411000524,38131.48093477642,33137.263411000524,SL,0.003,4293.70028953513,101.02824210670893,0.15,0.4208947404801916,-137.39840926512494,10.133132683302906,-147.53154194842784,35060.478404980204,34912.94686303178,0.8399152334434213,6
2022-01-21 22:41:59.523330,2022-01-21 23:41:59.523330,2022-01-22 02:41:59.523330,-1,MOMENTUM,RED,DOWN,30.17529149209821,-16.087111961876076,28.181599712395247,356.94416645501906,34393.67633849318,33491.06463852747,True,True,True,False,True,33060.257629157364,33060.257629157364,28063.0392987871,32791.48092675877,TSL,0.003,4215.182847717564,99.18077288747209,0.15,0.8399152334434213,68.53805911164156,9.947831520613452,58.59022759102811,34912.94686303178,34971.537090622805,0.6735067100606568,4
2022-01-25 05:41:59.523330,2022-01-25 06:41:59.523330,2022-01-25 09:41:59.523330,1,MOMENTUM,RED,UP,80.97547825344571,40.45163763503376,41.7405067928998,391.65375220518456,37830.71318439009,35388.87522148001,True,True,True,False,True,40953.498333184325,40953.498333184325,46436.65086405691,41461.76941199235,TSL,0.003,5221.571037481001,122.86049499955298,0.15,0.6735067100606568,129.60912509604566,12.322907648455164,117.2862174475905,34971.537090622805,35088.823308070394,0.3403892762995316,4
2022-01-27 00:41:59.523330,2022-01-27 01:41:59.523330,2022-01-27 04:41:59.523330,1,REVERSAL,GREEN,UP,32.543184370032975,-282.1203371496191,39.26667372406263,398.22807795277606,40273.70453961843,37343.05459697826,True,True,True,True,True,39174.70255289682,39174.70255289682,44749.89564423569,40259.7087930648,TSL,0.003,4994.774575494345,117.52410765869047,0.15,0.3403892762995316,276.6765912428337,11.787667998166656,264.88892324466707,35088.823308070394,35353.71223131506,0.0,4
2022-01-27 10:41:59.523330,2022-01-27 11:41:59.523330,2022-01-27 16:41:59.523330,1,REVERSAL,GREEN,UP,44.95315265071906,-127.30848152719699,31.371846826411875,536.033270482506,39878.133452745235,37457.45159713184,True,True,True,True,True,39281.55922213641,39281.55922213641,46786.0250088915,40794.88538231578,TSL,0.003,5008.398800822392,117.84467766640924,0.15,0.0,385.8981708457378,11.819821169940846,374.07834967579697,35353.71223131506,35727.790580990855,0.0,6
2022-01-30 03:41:59.523330,2022-01-30 04:41:59.523330,2022-01-30 07:41:59.523330,1,MOMENTUM,GREEN,UP,70.00723506478357,7.737573447343266,20.538930913347603,286.1407867610406,40874.49555209734,38887.57461795035,True,True,True,False,True,42011.13259516903,42011.13259516903,46017.1036098236,42540.881047581264,TSL,0.003,5356.419405884051,126.03339778550709,0.15,0.0,135.0858553651196,12.641149797886362,122.44470556723324,35727.790580990855,35850.23528655809,0.0,4
2022-01-30 14:41:59.523330,2022-01-30 15:41:59.523330,2022-01-31 00:41:59.523330,1,REVERSAL,GREEN,UP,33.4670974860684,-260.6563912827649,33.1863604875555,401.3952095912326,41005.16834777233,39155.80598081343,True,True,True,True,True,40774.037536780335,40774.037536780335,46393.57047105759,42658.033738945196,TSL,0.003,5198.689785939493,122.32211261034101,0.15,0.0,480.4190315520395,12.268907894817202,468.1501236572223,35850.23528655809,36318.38541021531,0.0,10
2022-02-01 01:41:59.523330,2022-02-01 02:41:59.523330,2022-02-01 04:41:59.523330,1,MOMENTUM,GREEN,UP,65.07887335775311,26.154005311018544,15.858498891541128,467.4727387312457,41682.173975805774,40032.28137428082,True,True,True,False,True,42973.43352590512,42973.43352590512,49518.05186814256,43300.436198516065,TSL,0.002,3652.7418497019353,85.94686705181024,0.15,0.0,55.59045434386026,8.620470765296567,46.969983578563685,36318.38541021531,36365.35539379388,0.0,3
2022-02-02 03:41:59.523330,2022-02-02 04:41:59.523330,2022-02-02 06:41:59.523330,1,REVERSAL,GREEN,UP,51.33175507905798,-128.679721188516,34.373596665295665,398.558266423447,41870.935278383055,40465.44165821253,True,True,True,True,True,41372.5972097121,41372.5972097121,46952.41293964036,42066.74511400294,TSL,0.003,5275.006144238292,124.11779162913629,0.15,0.0,177.00771559416407,12.44901450040237,164.5587010937617,36365.35539379388,36529.91409488764,0.0,3
2022-02-02 21:41:59.523330,2022-02-02 22:41:59.523330,2022-02-03 06:41:59.523330,1,REVERSAL,GREEN,UP,54.36509482770516,-54.52743568576341,26.204011542720853,428.27144637141055,41502.62432304571,40572.309312378275,True,True,True,True,True,40842.91982671683,40842.91982671683,46838.72007591658,41574.49823622781,TSL,0.003,5207.472277906396,122.5287594801505,0.15,0.0,186.55249442529927,12.289634575859095,174.26285984944016,36529.91409488764,36704.17695473708,0.0,9
2022-02-03 12:41:59.523330,2022-02-03 13:41:59.523330,2022-02-03 19:41:59.523330,-1,MOMENTUM,RED,DOWN,38.4227963576135,-11.448290384350017,14.977469029750917,390.3607617318914,41312.82447862092,40581.759283716834,True,True,True,False,True,40587.61664875243,40587.61664875243,35122.56598450595,39505.623468266276,TSL,0.003,5174.921122715935,121.76284994625729,0.15,0.0,275.90826102396966,12.212813849609608,263.6954471743601,36704.17695473708,36967.87240191144,0.0,7
2022-02-04 13:41:59.523330,2022-02-04 14:41:59.523330,2022-02-04 16:41:59.523330,-1,MOMENTUM,RED,DOWN,28.44443504833417,-57.09399065648151,23.46736437566709,492.8029950996719,40422.300050726844,40399.1581285939,True,True,True,False,True,38822.31874118946,39443.475841048494,31923.076809794056,39443.475841048494,SL,0.003,4949.8456395016565,116.46695622356839,0.15,0.0,-158.39506046405324,11.68163570922391,-170.07669617327713,36967.87240191144,36797.79570573816,0.4600662281134869,3
2022-02-05 15:41:59.523330,2022-02-05 16:41:59.523330,2022-02-05 22:41:59.523330,-1,MOMENTUM,RED,DOWN,36.14108793123476,-17.174699580425795,15.591521764398236,365.7432640420359,39090.348773819605,39975.16871666408,True,True,True,False,True,37301.20712735847,37301.20712735847,32180.80143076997,36243.85705692886,TSL,0.003,4755.903908738206,111.90362138207543,0.15,0.4600662281134869,269.62426795955224,11.223933224622165,258.40033473493,36797.79570573816,37056.196040473085,0.0,7
2022-02-06 12:41:59.523330,2022-02-06 13:41:59.523330,2022-02-06 20:41:59.523330,-1,REVERSAL,RED,DOWN,70.62877462502323,265.2082160997578,31.983264488306574,379.61438927969044,38408.275978212776,39605.456281799066,True,True,True,True,True,39313.59279651668,39942.610281260946,33998.99134660101,39942.610281260946,SL,0.003,5012.483081555876,117.94077838955003,0.15,0.0,-160.3994586097885,11.829460072471868,-172.22891868226037,37056.196040473085,36883.967121790825,0.4647776541719234,8
2022-02-08 15:41:59.523330,2022-02-08 16:41:59.523330,2022-02-09 03:41:59.523330,1,MOMENTUM,GREEN,UP,64.24778259913586,34.69580540751255,22.840215903264806,390.9998559459001,39609.37653115289,39755.79376080728,True,True,True,False,True,40015.04714068277,40015.04714068277,45489.045123925374,42036.679425654285,TSL,0.003,5101.918510437054,120.04514142204832,0.15,0.4647776541719234,515.5162326677362,12.040527684631448,503.4757049831047,36883.967121790825,37387.44282677393,0.0,12
2022-02-10 05:41:59.523330,2022-02-10 06:41:59.523330,2022-02-10 10:41:59.523330,1,MOMENTUM,RED,UP,82.80754952437657,62.744826343736236,38.672227280451416,473.36876278092797,42400.3896862688,40831.98103689024,True,True,True,False,True,45576.24916947493,45576.24916947493,52203.41184840792,46284.115362483164,TSL,0.002,3873.9811794053694,91.15249833894987,0.15,0.0,120.33725281139922,9.142595583396673,111.19465722800254,37387.44282677393,37498.63748400193,0.0,5
2022-02-12 01:41:59.523330,2022-02-12 02:41:59.523330,2022-02-12 08:41:59.523330,1,REVERSAL,GREEN,UP,33.32858752782556,-226.29343793284545,20.57400854599861,387.44664600646934,46819.560944919496,43294.56556299473,True,True,True,True,True,46961.83311470377,46961.83311470377,52386.08615879434,48298.20634820036,TSL,0.002,3991.7558147498207,93.92366622940754,0.15,0.0,227.1834496944203,9.420543722809576,217.76290597161073,37498.63748400193,37716.40038997354,0.0,7
2022-02-13 13:41:59.523330,2022-02-13 14:41:59.523330,2022-02-13 16:41:59.523330,1,REVERSAL,GREEN,UP,38.80748347322578,-145.83611563424762,17.601704083009235,561.7093399269754,46826.14805779055,44322.159661437065,True,True,True,True,True,45603.47579321231,44873.82018052091,53467.40655218997,44873.82018052091,SL,0.002,3876.2954424230466,91.20695158642462,0.15,0.0,-124.04145415753804,9.14805724411839,-133.18951140165643,37716.40038997354,37583.21087857188,0.35313420693525593,3
2022-02-13 19:41:59.523330,2022-02-13 20:41:59.523330,2022-02-14 03:41:59.523330,1,REVERSAL,GREEN,UP,33.55953163660109,-180.2393222864634,24.22562613892397,476.1327765066596,46404.02196756076,44336.30154324492,True,True,True,True,True,44417.51461490807,44417.51461490807,51083.37348600131,46009.74588990489,TSL,0.002,3775.488742267186,88.83502922981614,0.15,0.35313420693525593,270.6793167494592,8.91015343175056,261.7691633177086,37583.21087857188,37844.98004188959,0.0,8
2022-02-14 09:41:59.523330,2022-02-14 10:41:59.523330,2022-02-14 13:41:59.523330,1,REVERSAL,GREEN,UP,49.217173212011225,26.20625880938826,18.473864562056974,492.84569232825464,45846.278590623275,44488.35936086144,True,True,True,True,True,45465.73859484421,45465.73859484421,52365.57828743978,45903.4932219366,TSL,0.002,3864.587780561758,90.93147718968842,0.15,0.0,74.41828660570667,9.120427162125749,65.29785944358093,37844.98004188959,37910.277901333175,0.0,4
2022-02-15 09:41:59.523330,2022-02-15 10:41:59.523330,2022-02-15 16:41:59.523330,1,MOMENTUM,GREEN,UP,64.66837429667065,67.3971215045358,20.013723471983905,560.7443615104665,45723.01262363284,44774.743252740926,True,True,True,False,True,46818.78360014913,46818.78360014913,54669.20466129566,47866.65949365818,TSL,0.002,3979.596606012676,93.63756720029826,0.15,0.0,178.13890189653878,9.391847990189916,168.74705390634887,37910.277901333175,38079.024955239525,0.0,7
2022-02-16 20:41:59.523330,2022-02-16 21:41:59.523330,2022-02-17 00:41:59.523330,1,REVERSAL,GREEN,UP,51.30623971007239,-108.96170871869754,15.517330181573199,445.10454257974266,47984.85188103443,45979.05303791113,True,True,True,True,True,49021.25721155283,48236.917096167985,55252.720807669226,48236.917096167985,SL,0.002,4166.806862981991,98.04251442310566,0.15,0.0,-133.33781961542385,9.833664196637498,-143.17148381206133,38079.024955239525,37935.853471427465,0.3759851623836308,4
2022-02-19 05:41:59.523330,2022-02-19 06:41:59.523330,2022-02-19 07:41:59.523330,1,MOMENTUM,GREEN,UP,65.28596151042336,52.88648587395892,14.188730604117932,530.3893456398865,47735.261296650984,46613.568780099515,True,True,True,False,True,48947.45004998765,48164.29084918785,56372.90088894607,48164.29084918785,SL,0.002,4160.5332542489505,97.8949000999753,0.15,0.3759851623836308,-133.13706413596674,9.818858480027522,-142.95592261599427,37935.853471427465,37792.897548811474,0.7514042357029456,2
2022-02-21 03:41:59.523330,2022-02-21 04:41:59.523330,2022-02-21 09:41:59.523330,-1,MOMENTUM,RED,DOWN,31.15883365008382,-51.91131236882066,27.945293682631473,371.69714257602897,46644.04105490888,46533.27943621456,True,True,True,False,True,45581.49182179131,46310.795690939965,40377.7318257269,46310.795690939965,SL,0.002,3874.4268048522613,91.16298364358262,0.15,0.7514042357029456,-123.9816577552719,9.143647259451338,-133.1253050147232,37792.897548811474,37659.77224379675,1.1010069505077613,6
2022-02-21 10:41:59.523330,2022-02-21 11:41:59.523330,2022-02-21 20:41:59.523330,1,MOMENTUM,GREEN,UP,65.4091178933693,24.079982992313433,26.08408074061546,391.33996944496437,46502.87172707499,46543.73350775491,True,True,True,False,True,47330.0538981656,47330.0538981656,52808.8134703951,50113.805473707755,TSL,0.002,4023.0545813440763,94.6601077963312,0.15,1.1010069505077613,473.2377678421664,9.49440881197202,463.7433590301944,37659.77224379675,38123.51560282695,0.0,10
2022-02-24 14:41:59.523330,2022-02-24 15:41:59.523330,2022-02-24 18:41:59.523330,-1,MOMENTUM,RED,DOWN,20.37446945930988,-45.372770282545616,46.11714027365527,508.56470207691154,45705.71179598245,46717.793766638984,True,True,True,False,True,42030.45745515589,42030.45745515589,34910.55162607913,41755.75468193743,TSL,0.003,5358.883325532376,126.09137236546768,0.15,0.0,70.04920717070677,12.646964648256409,57.40224252245035,38123.51560282695,38180.9178453494,0.0,4
2022-02-26 19:41:59.523330,2022-02-26 20:41:59.523330,2022-02-26 22:41:59.523330,1,MOMENTUM,GREEN,UP,68.74415991292484,9.691319558195687,18.94512150398284,626.4841354444018,47078.76984107288,46677.41267824034,True,True,True,False,True,49494.55757472204,49494.55757472204,58265.33547094367,50036.09206856879,TSL,0.002,4207.037393851374,98.98911514944409,0.15,0.0,92.06086395394682,9.928608249489242,82.13225570445759,38180.9178453494,38263.05010105386,0.0,3
2022-02-27 12:41:59.523330,2022-02-27 13:41:59.523330,2022-02-27 15:41:59.523330,1,MOMENTUM,RED,UP,58.786857143264065,4.9786166556946085,15.112415025202193,500.96894569334387,47486.7919367622,46944.53491111986,True,False,True,False,True,48210.03873300209,48210.03873300209,55223.6039727089,49341.60164603859,TSL,0.002,4097.853292305178,96.42007746600419,0.15,0.0,192.3656952162046,9.67093376984022,182.69476144636437,38263.05010105386,38445.74486250022,0.0,3
2022-02-28 06:41:59.523330,2022-02-28 07:41:59.523330,2022-02-28 18:41:59.523330,1,MOMENTUM,RED,UP,65.48690191516732,34.79720909202297,12.470357360477106,508.371254815113,48255.37266146336,47251.1097298338,True,True,True,False,True,49504.63182525677,49504.63182525677,56621.829392668355,49922.67978733429,TSL,0.002,4207.893705146826,99.00926365051355,0.15,0.0,71.06815355317755,9.93062914414651,61.137524409031045,38445.74486250022,38506.88238690925,0.0,12
2022-03-01 00:41:59.523330,2022-03-01 01:41:59.523330,2022-03-01 03:41:59.523330,1,REVERSAL,GREEN,UP,41.67265617110364,-154.25645084347283,13.302086707622495,462.1501162936777,48788.76016802368,47570.65742073151,True,True,True,True,True,48744.4480723019,48744.4480723019,55214.54970041339,48744.4480723019,SL,0.002,4143.278086145661,97.4888961446038,0.15,0.0,0.0,9.77813628330376,-9.77813628330376,38506.88238690925,38497.10425062595,0.02539321720480009,3
2022-03-02 00:41:59.523330,2022-03-02 01:41:59.523330,2022-03-02 05:41:59.523330,1,MOMENTUM,GREEN,UP,60.80604171569389,11.146429044472654,16.65752660144843,596.1651634216026,49433.37885794072,48118.05334051049,True,True,True,False,True,50629.89278090889,50629.89278090889,58976.20506881133,51278.45096323395,TSL,0.002,4303.540886377256,101.2597855618178,0.15,0.02539321720480009,110.2548909952592,10.156356491850325,100.09853450340889,38497.10425062595,38597.20278512935,0.0,5
2022-03-02 16:41:59.523330,2022-03-02 17:41:59.523330,2022-03-02 22:41:59.523330,1,REVERSAL,GREEN,UP,47.58192361497396,-172.20073523094695,23.706567295696665,489.07294098699623,49726.032819658656,48385.93135949978,True,True,True,True,True,50081.77346944862,50081.77346944862,56928.79464326657,50755.88760474641,TSL,0.002,4256.9507449031325,100.16354693889724,0.15,0.0,114.59940300062371,10.046403757971394,104.5529992426523,38597.20278512935,38701.755784372006,0.0,6
2022-03-03 07:41:59.523330,2022-03-03 08:41:59.523330,2022-03-03 13:41:59.523330,1,MOMENTUM,RED,UP,56.72989653282231,3.2317146304588817,13.059814001552851,454.3911956891187,49781.92672572102,48553.46552186243,True,False,True,False,True,49861.767363281855,49063.97908546934,56223.244102929515,49063.97908546934,SL,0.002,4238.250225878958,99.72353472656371,0.15,0.0,-135.62400722812723,10.002270533074341,-145.62627776120158,38701.755784372006,38556.12950661081,0.37627821996645405,6
2022-03-03 15:41:59.523330,2022-03-03 16:41:59.523330,2022-03-03 19:41:59.523330,1,REVERSAL,GREEN,UP,45.844423253834506,-117.11056639111007,20.624740613914714,546.7153014514504,49564.534076399046,48589.252127198364,True,True,True,True,True,49160.28241323645,49160.28241323645,56814.296633556754,50062.91526129076,TSL,0.002,4178.624005125099,98.3205648264729,0.15,0.37627821996645405,153.4475841692325,9.861552652095233,143.5860315171373,38556.12950661081,38699.715538127944,0.0052717149460320524,4
2022-03-03 21:41:59.523330,2022-03-03 22:41:59.523330,2022-03-04 03:41:59.523330,-1,MOMENTUM,RED,DOWN,40.22160559369565,-27.482776867863436,18.627676880513047,581.0744389645128,49469.98666912632,48637.22240785274,True,True,True,False,True,48871.19579585304,49653.13492858669,40736.153650349865,49653.13492858669,SL,0.002,4154.051642647509,97.74239159170608,0.15,0.0052717149460320524,-132.9296525647203,9.80356187664812,-142.73321444136843,38699.715538127944,38556.98232368658,0.3740746582455793,6
2022-03-07 23:41:59.523330,2022-03-08 00:41:59.523330,2022-03-08 06:41:59.523330,1,MOMENTUM,RED,UP,75.09711941940361,82.71882079456198,30.476629093955452,448.87205665843027,49929.22920824225,49296.54746171228,True,True,True,False,True,51736.39104212728,51736.39104212728,58020.5998353453,53072.16592671675,TSL,0.002,4397.593238580819,103.47278208425456,0.15,0.3740746582455793,227.08173038020948,10.378320043050733,216.70341033715874,38556.98232368658,38773.68573402373,0.0,7
2022-03-09 03:41:59.523330,2022-03-09 04:41:59.523330,2022-03-09 10:41:59.523330,1,REVERSAL,GREEN,UP,46.20564033884239,-311.7625571119552,33.52850934570489,528.3317786011403,52640.46552621898,50447.22168325544,True,True,True,True,True,53331.430719281496,52478.127827772994,60728.07561969746,52478.127827772994,SL,0.002,4533.171611138928,106.662861438563,0.15,0.0,-145.06149155644525,10.698285002287868,-155.75977655873314,38773.68573402373,38617.925957465,0.40171516741328467,7
2022-03-09 12:41:59.523330,2022-03-09 13:41:59.523330,2022-03-09 16:41:59.523330,1,REVERSAL,GREEN,UP,37.01558940519409,-291.77367197991333,37.9480509793695,464.43170957178756,52623.34544396525,50692.81642915824,True,True,True,True,True,52447.2966930806,52447.2966930806,58949.34062708563,53446.84620463969,TSL,0.002,4458.020218911851,104.8945933861612,0.15,0.40171516741328467,169.9234169650452,10.52092771663197,159.40248924841325,38617.925957465,38777.328446713414,0.0,4
2022-03-09 19:41:59.523330,2022-03-09 20:41:59.523330,2022-03-09 22:41:59.523330,1,MOMENTUM,RED,UP,58.52560874299069,18.61165138870669,22.63023065332868,724.0081757472054,52708.032216347325,50808.7837838507,True,True,True,False,True,53542.321029675695,53542.321029675695,63678.43549013657,53944.63460342429,TSL,0.002,4551.097287522434,107.0846420593514,0.15,0.0,68.39330753726091,10.740589598552944,57.652717938707966,38777.328446713414,38834.98116465212,0.0,3
2022-03-11 04:41:59.523330,2022-03-11 05:41:59.523330,2022-03-11 12:41:59.523330,1,REVERSAL,GREEN,UP,54.019338112390635,-111.1266917552951,19.367559879572934,483.7890825320581,53898.90002829129,51841.24596415552,True,True,True,True,True,54494.72828455702,54494.72828455702,61267.77544000583,56157.170417072506,TSL,0.002,4632.051904187348,108.98945656911405,0.15,0.0,282.6151625276322,10.931642493882139,271.6835200337501,38834.98116465212,39106.66468468587,0.0,8
2022-03-12 02:41:59.523330,2022-03-12 03:41:59.523330,2022-03-12 06:41:59.523330,1,MOMENTUM,GREEN,UP,83.91084135273036,61.575366779676756,25.014741741795383,434.4253122495094,55173.31719648439,52713.00655460421,True,True,True,False,True,58050.64422186825,58050.64422186825,64132.598593361385,58506.132509842944,TSL,0.002,4934.3047588588015,116.10128844373651,0.15,0.0,77.4330089556981,11.644959230906771,65.78804972479132,39106.66468468587,39172.45273441066,0.0,4
2022-03-13 22:41:59.523330,2022-03-13 23:41:59.523330,2022-03-14 03:41:59.523330,1,REVERSAL,GREEN,UP,53.36494394397907,-213.78937999101868,19.329276796758233,530.5401304112847,59487.0629000876,55388.82351001005,True,True,True,True,True,61588.29646947053,61588.29646947053,69015.85829522852,63355.64815051749,TSL,0.002,5235.005199904995,123.17659293894106,0.15,0.0,300.44978577798304,12.354612271775787,288.0951735062073,39172.45273441066,39460.547907916865,0.0,5
2022-03-15 08:41:59.523330,2022-03-15 09:41:59.523330,2022-03-15 15:41:59.523330,1,REVERSAL,GREEN,UP,22.248458756621815,-422.39116386510915,38.15770013366744,577.3282816325598,61209.895242723425,57330.45552964933,True,True,True,True,True,59029.11946632101,59029.11946632101,67111.71540917685,60325.46543278786,TSL,0.002,5017.475154637286,118.05823893264203,0.15,0.0,220.37881429936417,11.841241364943997,208.53757293442018,39460.547907916865,39669.08548085129,0.0,7
2022-03-18 08:41:59.523330,2022-03-18 09:41:59.523330,2022-03-18 10:41:59.523330,-1,MOMENTUM,GREEN,DOWN,37.027633138360585,-11.389302209702183,19.074182008364826,448.0500403536748,57649.50828440946,57560.250029368355,True,True,True,False,True,56067.899929395775,56964.98632826611,49795.19936444433,56964.98632826611,SL,0.002,4765.771493998641,112.13579985879156,0.15,0.0,-152.50468780795697,11.247220725836794,-163.75190853379374,39669.08548085129,39505.3335723175,0.41279476587086084,2
2022-03-18 14:41:59.523330,2022-03-18 15:41:59.523330,2022-03-18 21:41:59.523330,1,MOMENTUM,RED,UP,58.59840544827149,26.747516201115367,14.378601577482709,532.0855617505918,57526.88805391955,57562.21503581092,True,True,True,False,True,57724.744902775725,56801.14898433131,65173.94276728401,56801.14898433131,SL,0.002,4906.6033167359365,115.44948980555145,0.15,0.41279476587086084,-157.01130613555048,11.579583827496812,-168.59088996304732,39505.3335723175,39336.74268235445,0.8377879007502257,7
2022-03-21 00:41:59.523330,2022-03-21 01:41:59.523330,2022-03-21 05:41:59.523330,-1,REVERSAL,RED,DOWN,45.563902584333896,237.93627931582358,20.424296957420047,630.2884644876001,54891.656313185726,56414.5898616002,True,True,True,True,True,53605.77872113366,53605.77872113366,44781.74021830726,52891.66392868803,TSL,0.002,4556.491191296361,107.21155744226732,0.15,0.8377879007502257,121.39951471575726,10.753319211459411,110.64619550429786,39336.74268235445,39447.38887785875,0.5588649203913567,5
2022-03-21 10:41:59.523330,2022-03-21 11:41:59.523330,2022-03-21 17:41:59.523330,-1,MOMENTUM,RED,DOWN,29.84120056932008,-23.135364621494887,19.044980253270325,553.1257130689255,54353.356262887246,56157.04840873559,True,True,True,False,True,52312.6535838426,53149.656041184084,44568.89360087764,53149.656041184084,SL,0.002,4446.575554626621,104.6253071676852,0.15,0.5588649203913567,-142.29041774805242,10.493918308918825,-152.78433605697123,39447.38887785875,39294.60454180178,0.9440120297965343,7
2022-03-21 21:41:59.523330,2022-03-21 22:41:59.523330,2022-03-22 01:41:59.523330,-1,REVERSAL,RED,DOWN,61.549653183186216,271.93035730082136,29.363059472197595,580.596446420863,54035.808639983254,55925.2825671196,True,True,True,True,True,54699.42403485643,55574.61481941413,46571.07378496435,55574.61481941413,SL,0.002,4649.451042962796,109.39884806971286,0.15,0.9440120297965343,-148.78243337480913,10.9727044613922,-159.75513783620133,39294.60454180178,39134.84940396558,1.3467315175279055,4
2022-03-23 10:41:59.523330,2022-03-23 11:41:59.523330,2022-03-23 16:41:59.523330,1,MOMENTUM,RED,UP,82.50116796732985,92.02653725261507,33.911161835687004,643.9726174933315,58331.11366491291,57128.37768493728,True,True,True,False,True,62921.43298440577,62921.43298440577,71937.04962931242,64569.83462066336,TSL,0.002,5348.321803674491,125.84286596881155,0.15,1.3467315175279055,280.2282781637896,12.6220394566718,267.60623870711777,39134.84940396558,39402.45564267269,0.6721350768403814,6
2022-03-24 14:41:59.523330,2022-03-24 15:41:59.523330,2022-03-24 22:41:59.523330,1,MOMENTUM,GREEN,UP,73.44449006210965,81.39647904795822,22.73664507383286,719.8128216776796,62032.55488437473,58818.18256160433,True,True,True,False,True,66452.11015254755,65388.876390106794,76529.48965603506,65388.876390106794,SL,0.002,5648.429362966543,132.90422030509512,0.15,0.6721350768403814,-180.74973961492907,13.33029329660104,-194.0800329115301,39402.45564267269,39208.37560976116,1.1613826371483058,8
2022-03-25 03:41:59.523330,2022-03-25 04:41:59.523330,2022-03-25 07:41:59.523330,1,REVERSAL,GREEN,UP,34.99107201938757,-442.87578645380756,34.771931434572565,646.7803747541783,63133.39244974413,59444.67792918613,True,True,True,True,True,62535.87665465549,62535.87665465549,71590.80190121398,63263.44772383642,TSL,0.002,5315.549515645716,125.07175330931098,0.15,1.1613826371483058,123.68708176075793,12.54469685692389,111.14238490383406,39208.37560976116,39319.517994664995,0.8812088354167722,4
2022-03-25 13:41:59.523330,2022-03-25 14:41:59.523330,2022-03-25 17:41:59.523330,1,MOMENTUM,RED,UP,55.251627057128545,41.016669003911346,25.216643143646742,705.395828881439,63114.64089747415,59916.911461911295,True,True,True,False,True,64367.309998896446,63337.4330389141,74242.85160323659,63337.4330389141,SL,0.002,5471.221349906198,128.7346199977929,0.15,0.8812088354167722,-175.07908319699825,12.912082385778627,-187.99116558277686,39319.517994664995,39131.52682908222,1.355107245990215,4
2022-03-26 01:41:59.523330,2022-03-26 02:41:59.523330,2022-03-26 07:41:59.523330,1,REVERSAL,GREEN,UP,34.27989413055009,-325.32000913224306,36.81455379910243,717.5321680404272,62556.03680132038,59994.170077149625,True,True,True,True,True,60223.28142142293,59259.70891868016,70268.73177398891,59259.70891868016,SL,0.002,5118.9789208209495,120.44656284284586,0.15,1.355107245990215,-163.8073254662707,12.08079025313744,-175.88811571940812,39131.52682908222,38955.638713362816,1.7984956266079322,6
2022-03-27 00:41:59.523330,2022-03-27 01:41:59.523330,2022-03-27 04:41:59.523330,-1,REVERSAL,RED,DOWN,57.05177054716,357.86542831061627,27.422608003086527,536.5035686051758,60241.411704507525,59683.19166053562,True,True,True,True,True,59126.67456115683,59126.67456115683,51615.62460068437,58335.14199894452,TSL,0.002,5025.767337698331,118.25334912231367,0.15,1.7984956266079322,134.56053557609317,11.860810916968061,122.69972465912512,38955.638713362816,39078.33843802194,1.4891874508034868,4
2022-03-27 09:41:59.523330,2022-03-27 10:41:59.523330,2022-03-27 12:41:59.523330,-1,MOMENTUM,GREEN,DOWN,31.32372195884635,-25.096954577747397,20.045683978054463,701.3316041237155,59607.164952547544,59473.723074812515,True,True,True,False,True,56172.93242480307,56172.93242480307,46354.289967071054,55443.436035114384,TSL,0.002,4774.699256108262,112.34586484960614,0.15,1.4891874508034868,124.01438624707626,11.268290244415496,112.74609600266078,39078.33843802194,39191.0845340246,1.2049709264344486,3
2022-03-28 02:41:59.523330,2022-03-28 03:41:59.523330,2022-03-28 14:41:59.523330,-1,MOMENTUM,RED,DOWN,30.31772758725309,-10.639379369141011,25.96968349478919,593.0863971954232,57786.85406524765,58926.08221697064,True,True,True,False,True,54543.31870029249,54543.31870029249,46240.10913955657,52103.521222919255,TSL,0.002,4636.182089524861,109.08663740058498,0.15,1.2049709264344486,414.7655711534499,10.941389731278672,403.8241814221712,39191.0845340246,39594.90871544677,0.18698884661791332,12
2022-03-30 16:41:59.523330,2022-03-30 17:41:59.523330,2022-03-30 23:41:59.523330,-1,REVERSAL,RED,DOWN,69.23848194833532,140.82848478795984,28.737485493876896,364.75695474492335,52807.913019708096,55791.75052482625,True,True,True,True,True,53185.25107704668,53185.25107704668,48078.65371061776,52992.822889278876,TSL,0.002,4520.746341548968,106.37050215409337,0.15,0.18698884661791332,32.71279192052731,10.668961366055566,22.04383055447174,39594.90871544677,39616.952546001245,0.13141955308046896,7
2022-03-31 11:41:59.523330,2022-03-31 12:41:59.523330,2022-03-31 16:41:59.523330,-1,REVERSAL,RED,DOWN,50.35231362216652,-12.580772176315207,18.31920129897176,425.75203518194644,53135.37957423685,55435.08399096278,True,True,True,True,True,53546.24439000121,53546.24439000121,47585.715897453956,52650.582678441424,TSL,0.002,4551.430773150102,107.09248878000241,0.15,0.13141955308046896,152.26249096516324,10.741376624634242,141.52111434052898,39616.952546001245,39758.47366034178,0.0,5
2022-04-02 18:41:59.523330,2022-04-02 19:41:59.523330,2022-04-03 00:41:59.523330,1,REVERSAL,GREEN,UP,54.463001413778485,-250.2134721503122,22.579658667843027,686.4635499294563,57683.7862319239,56371.676955456285,True,True,True,True,True,59309.05841926264,58360.11348455444,68919.54811827504,58360.11348455444,SL,0.002,5041.269965637324,118.61811683852528,0.15,0.0,-161.32063890039475,11.897397118904086,-173.21803601929886,39758.47366034178,39585.255624322475,0.4356757693947461,6
2022-04-03 03:41:59.523330,2022-04-03 04:41:59.523330,2022-04-03 11:41:59.523330,1,REVERSAL,GREEN,UP,53.51784244328963,-168.2565136237464,19.398886039793382,662.6792116510757,57927.40301377542,56560.55867011613,True,True,True,True,True,58857.00197331607,58857.00197331607,68134.51093643114,61802.64865955009,TSL,0.002,5002.845167731866,117.71400394663215,0.15,0.4356757693947461,500.75993665978285,11.806714595847204,488.95322206393564,39585.255624322475,40074.20884638641,0.0,8
2022-04-07 01:41:59.523330,2022-04-07 02:41:59.523330,2022-04-07 06:41:59.523330,-1,MOMENTUM,GREEN,DOWN,24.69424291450713,-14.47707241285093,24.223326079386396,561.1642272412635,55818.15447645063,57350.300070718506,True,True,True,False,True,51966.1597649379,52797.6183211769,44109.86058356021,52797.6183211769,SL,0.002,4417.123580019721,103.9323195298758,0.15,0.0,-141.34795456063097,10.424411648846544,-151.77236620947752,40074.20884638641,39922.43648017693,0.3787282907848727,5
2022-04-07 20:41:59.523330,2022-04-07 21:41:59.523330,2022-04-08 04:41:59.523330,-1,REVERSAL,RED,DOWN,52.09325380666536,222.58727872095199,23.135068095471947,514.1868138073195,54271.062456498774,56615.21403243158,True,True,True,True,True,52993.518842488345,53841.41514396816,45794.90344918588,53841.41514396816,SL,0.002,4504.44910161151,105.9870376849767,0.15,0.3787282907848727,-144.14237125156833,10.630499879803162,-154.7728711313715,39922.43648017693,39767.663609045565,0.7649439531442923,8
2022-04-08 08:41:59.523330,2022-04-08 09:41:59.523330,2022-04-08 12:41:59.523330,-1,REVERSAL,RED,DOWN,66.33657009191953,270.3207908451798,30.84176098918399,544.3531661189148,54267.31073814827,56412.33319993885,True,True,True,True,True,55184.10924600507,56067.05499394115,47563.16492034026,56067.05499394115,SL,0.002,4690.649285910431,110.36821849201014,0.15,0.7649439531442923,-150.10077714913345,11.069932314748618,-161.17070946388205,39767.663609045565,39606.49289958168,1.167124592771361,4
2022-04-08 15:41:59.523330,2022-04-08 16:41:59.523330,2022-04-08 22:41:59.523330,-1,REVERSAL,RED,DOWN,54.375881189640644,147.88964931888768,36.11507400048708,567.2170749597481,54656.97458068687,56381.272154660335,True,True,True,True,True,55940.24512139714,55940.24512139714,47999.20607196067,54982.560377835034,TSL,0.002,4754.920835318758,111.8804902427943,0.15,1.167124592771361,162.8064064055586,11.221613171352267,151.58479323420633,39606.49289958168,39758.07769281589,0.7888643660622905,7
2022-04-10 13:41:59.523330,2022-04-10 14:41:59.523330,2022-04-10 20:41:59.523330,-1,MOMENTUM,RED,DOWN,34.258747062919895,-19.570055240570014,20.48152770608938,601.3529878621993,54363.126236896336,55582.545157393,True,True,True,False,True,52813.56886698586,52813.56886698586,44394.627036915066,51420.329166770796,TSL,0.002,4489.153353693799,105.62713773397172,0.15,0.7888643660622905,236.85074903656036,10.594401914717364,226.256347121843,39758.07769281589,39984.334039937734,0.22427094392103825,7
2022-04-11 04:41:59.523330,2022-04-11 05:41:59.523330,2022-04-11 08:41:59.523330,-1,REVERSAL,RED,DOWN,58.31272628422595,220.62105906034634,27.427790659250668,442.1603301288992,53691.16319143115,55213.525172095695,True,True,True,True,True,54092.27437259656,54092.27437259656,47902.029750791975,53362.54462671156,TSL,0.002,4597.843321670708,108.18454874519313,0.15,0.22427094392103825,124.05405680045013,10.850910239142872,113.20314656130725,39984.334039937734,40097.537186499045,0.0,4
2022-04-11 14:41:59.523330,2022-04-11 15:41:59.523330,2022-04-11 20:41:59.523330,-1,MOMENTUM,RED,DOWN,42.25183215310071,-18.158818720688046,15.472622987635356,446.63330551291415,53555.78436026781,55052.45511923883,True,True,True,False,True,52991.40981213566,52991.40981213566,46738.543534954864,52457.05101219978,TSL,0.002,4504.269834031531,105.98281962427131,0.15,0.0,90.84099598909938,10.630076808314413,80.21091918078497,40097.537186499045,40177.74810567983,0.0,6
2022-04-12 09:41:59.523330,2022-04-12 10:41:59.523330,2022-04-12 12:41:59.523330,-1,MOMENTUM,RED,DOWN,39.04876239890057,-13.337594916931437,16.773574640351676,478.3409418492254,52749.00371996105,54507.18689749053,True,True,True,False,True,51583.52530244504,52408.861707284166,44886.75211655589,52408.861707284166,SL,0.002,4384.599650707829,103.1670506048901,0.15,0.0,-140.30718882265094,10.347655175670477,-150.6548439983214,40177.74810567983,40027.093261681504,0.3749708510343958,3
2022-04-12 18:41:59.523330,2022-04-12 19:41:59.523330,2022-04-12 23:41:59.523330,-1,MOMENTUM,GREEN,DOWN,36.76780618198961,-11.149908827705644,13.77578274489663,602.7714252306799,52466.22812268289,54250.408792648974,True,True,True,False,True,50600.99823017588,50600.99823017588,42162.19827694636,48374.64204177373,TSL,0.002,4301.08484956495,101.20199646035176,0.15,0.3749708510343958,378.480552028365,10.150560244973281,368.3299917833918,40027.093261681504,40395.4232534649,0.0,5
2022-04-13 07:41:59.523330,2022-04-13 08:41:59.523330,2022-04-13 13:41:59.523330,-1,MOMENTUM,GREEN,DOWN,31.26298992605078,-8.658658792062624,24.575366467108516,620.1367853754742,51248.64904741795,53666.096962628166,True,True,True,False,True,48504.72445447133,49280.80004574287,39822.809459214695,49280.80004574287,SL,0.002,4122.901578630063,97.00944890894267,0.15,0.0,-131.93285051616172,9.730047725566951,-141.6628982417287,40395.4232534649,40253.76035522317,0.35069046647402163,6
2022-04-14 12:41:59.523330,2022-04-14 13:41:59.523330,2022-04-14 16:41:59.523330,-1,REVERSAL,RED,DOWN,61.881365815737354,90.8607612579001,43.046243357352544,389.30072694691717,51601.67069036764,53104.588690567696,True,True,True,True,True,52565.9720168917,52565.9720168917,47115.761839634855,51937.16565989607,TSL,0.002,4468.1076214357945,105.1319440337834,0.15,0.35069046647402163,106.89708068925684,10.544733986588476,96.35234670266836,40253.76035522317,40350.112701925835,0.11216753753205684,4
2022-04-16 12:41:59.523330,2022-04-16 13:41:59.523330,2022-04-16 17:41:59.523330,-1,REVERSAL,RED,DOWN,50.576895282990364,161.17672085154868,18.529833919237085,584.4967262850812,50069.11056532375,51978.64711506847,True,True,True,True,True,49583.989339364496,50377.33316879433,41401.03517137336,50377.33316879433,SL,0.002,4214.639093845983,99.167978678729,0.15,0.11216753753205684,-134.86845100307147,9.946548261476519,-144.81499926454796,40350.112701925835,40205.297702661286,0.47066111824265655,5
2022-04-17 04:41:59.523330,2022-04-17 05:41:59.523330,2022-04-17 08:41:59.523330,-1,REVERSAL,RED,DOWN,50.66939830012125,86.37866895024675,13.234111907033254,518.8884263013165,50164.08333473562,51798.62247094925,True,True,True,True,True,50013.72851000003,50813.94816616003,42749.2905417816,50813.94816616003,SL,0.002,4251.166923350002,100.02745702000006,0.15,0.47066111824265655,-136.0373415471999,10.032753939106007,-146.0700954863059,40205.297702661286,40059.22760717498,0.8322617247514071,4
2022-04-17 12:41:59.523330,2022-04-17 13:41:59.523330,2022-04-17 14:41:59.523330,-1,REVERSAL,RED,DOWN,56.880397882962754,125.93852473621854,24.16766346534165,498.0145010188353,50501.85545967452,51888.91889043935,True,True,True,True,True,51089.75043434727,51907.18644129683,44117.547420083574,51907.18644129683,SL,0.002,4342.628786919518,102.17950086869453,0.15,0.8322617247514071,-138.96412118142513,10.248603937130062,-149.21272511855517,40059.22760717498,39910.01488205643,1.2016419988044915,2
2022-04-19 06:41:59.523330,2022-04-19 07:41:59.523330,2022-04-19 16:41:59.523330,1,REVERSAL,GREEN,UP,46.42993933475239,-256.4254837656834,16.325885749025325,489.5300923823068,55733.20320330626,53540.948852708476,True,True,True,True,True,56367.40286746071,56367.40286746071,63220.824160813005,60360.82540254335,TSL,0.002,4791.22924373416,112.73480573492142,0.15,1.2016419988044915,678.8818309640485,11.30730101521262,667.5745299488358,39910.01488205643,40577.58941200526,0.0,10
2022-04-21 00:41:59.523330,2022-04-21 01:41:59.523330,2022-04-21 05:41:59.523330,1,MOMENTUM,RED,UP,59.38836877469864,45.88726458370644,24.756516275271647,533.2630590509532,58260.905045657404,55512.122152268545,True,True,True,False,True,58623.21790190564,57685.24641547515,66088.90072861899,57685.24641547515,SL,0.002,4982.973521661979,117.24643580381128,0.15,0.0,-159.45515269318355,11.759817511122272,-171.2149702043058,40577.58941200526,40406.37444180096,0.42194465636158995,5
2022-04-21 08:41:59.523330,2022-04-21 09:41:59.523330,2022-04-21 11:41:59.523330,1,REVERSAL,GREEN,UP,41.042831064445195,-97.18927355720447,22.72337457064264,442.64710094139116,58162.91225759196,55672.26365174765,True,True,True,True,True,58008.879814844935,58008.879814844935,64205.939228024414,58526.25285649833,TSL,0.002,4930.75478426182,116.01775962968988,0.15,0.42194465636158995,87.95341708107706,11.636581290857896,76.31683579021917,40406.37444180096,40482.69127759118,0.23386833912319166,3
2022-04-21 16:41:59.523330,2022-04-21 17:41:59.523330,2022-04-21 20:41:59.523330,1,REVERSAL,GREEN,UP,45.00916773686238,-65.44341272111592,17.69647846296007,520.5328420235829,58036.599615837236,55825.93297023236,True,True,True,True,True,57218.020424615854,57218.020424615854,64505.480212946015,58328.791753792706,TSL,0.002,4863.531736092348,114.43604084923172,0.15,0.23386833912319166,188.8311259600649,11.477934897177942,177.35319106288696,40482.69127759118,40660.044468654065,0.0,4
2022-04-23 18:41:59.523330,2022-04-23 19:41:59.523330,2022-04-24 00:41:59.523330,1,REVERSAL,GREEN,UP,39.59220946510089,-322.79384490806865,21.769381242582533,621.7405555902766,61313.86871994156,57935.749697893494,True,True,True,True,True,61806.22502264933,61806.22502264933,70510.5928009132,62318.728966323026,TSL,0.002,5253.529126925193,123.61245004529866,0.15,0.0,87.12567042452879,12.398328739543457,74.72734168498535,40660.044468654065,40734.77181033905,0.0,6
2022-04-24 02:41:59.523330,2022-04-24 03:41:59.523330,2022-04-24 09:41:59.523330,1,MOMENTUM,RED,UP,65.7268301492912,32.95234392707823,17.66683904022929,490.39161834666163,61553.334068906726,58330.41587891118,True,True,True,False,True,63623.16083882834,63623.16083882834,70488.64349568161,64036.44456482792,TSL,0.002,5407.968671300409,127.24632167765668,0.15,0.0,70.25823341992852,12.762806064268965,57.495427355659544,40734.77181033905,40792.26723769471,0.0,7
2022-04-25 00:41:59.523330,2022-04-25 01:41:59.523330,2022-04-25 04:41:59.523330,1,MOMENTUM,RED,UP,74.785902571089,86.66513635035642,27.405159578352976,758.9057116168013,63437.35372591925,59747.489696900426,True,True,True,False,True,67695.27343472367,66612.1490597681,78319.95339735888,66612.1490597681,SL,0.002,5754.098241951512,135.39054686944735,0.15,0.0,-184.1311437424473,13.579671851005571,-197.71081559345288,40792.26723769471,40594.556422101254,0.48467719247229557,4
2022-04-26 09:41:59.523330,2022-04-26 10:41:59.523330,2022-04-26 18:41:59.523330,1,REVERSAL,GREEN,UP,37.242240672930656,-346.2952681572362,23.207900173821493,633.8992667773866,66757.70284534982,61959.55351083227,True,True,True,True,True,66512.58891149398,66512.58891149398,75387.17864637739,67936.1655603507,TSL,0.002,5653.570057476988,133.02517782298796,0.15,0.48467719247229557,242.00803030564188,13.342425335645693,228.66560496999617,40594.556422101254,40823.22202707125,0.0,9
2022-04-26 19:41:59.523330,2022-04-26 20:41:59.523330,2022-04-27 01:41:59.523330,1,MOMENTUM,GREEN,UP,54.27800482766845,14.02959795601788,20.422989065430006,775.0086431366308,66798.44450117367,62331.29678716771,True,True,True,False,True,67804.04747937666,66719.18271970663,78654.1684832895,66719.18271970663,SL,0.002,5763.344035747016,135.60809495875333,0.15,0.0,-184.42700914390545,13.601491924362959,-198.0285010682684,40823.22202707125,40625.19352600298,0.4850878770346732,6
2022-04-27 05:41:59.523330,2022-04-27 06:41:59.523330,2022-04-27 19:41:59.523330,1,REVERSAL,GREEN,UP,35.7518377300065,-242.62256964836627,24.42976529042064,649.5020356879432,66670.66861495102,62738.38143281455,True,True,True,True,True,65800.53652492267,65800.53652492267,74893.56502455389,66244.34916522275,TSL,0.002,5593.045604618427,131.60107304984535,0.15,0.4850878770346732,75.44814885101339,13.19958762689949,62.24856122411389,40625.19352600298,40687.44208722709,0.3326046624985073,14
2022-04-28 01:41:59.523330,2022-04-28 02:41:59.523330,2022-04-28 05:41:59.523330,1,MOMENTUM,RED,UP,57.74652860623992,55.147626861458264,18.336430708467322,647.6853539203911,65956.0330814733,63171.067817743984,True,True,True,False,True,65312.6598861531,65312.6598861531,74380.25484103858,66740.76768688865,TSL,0.002,5551.576090323014,130.6253197723062,0.15,0.3326046624985073,242.77832612504287,13.101719573162312,229.67660655188055,40687.44208722709,40917.118693778975,0.0,4
2022-04-29 21:41:59.523330,2022-04-29 22:41:59.523330,2022-04-30 01:41:59.523330,1,REVERSAL,GREEN,UP,40.616487582687974,-501.300570016492,29.361503358660837,697.9810968782306,71419.10899504647,66364.62794860343,True,True,True,True,True,72568.34744165976,71407.2538825932,82340.082797955,71407.2538825932,SL,0.001,3084.15476627054,72.56834744165977,0.15,0.0,-98.6929525206577,7.278605248398475,-105.97155776905616,40917.118693778975,40811.14713600992,0.2589907626735468,4
2022-04-30 10:41:59.523330,2022-04-30 11:41:59.523330,2022-04-30 14:41:59.523330,1,MOMENTUM,GREEN,UP,59.69595875913488,41.6823271096377,21.594890425443324,769.977138147864,71885.84532720518,67114.49641136045,True,True,True,False,True,73235.9887584838,73235.9887584838,84015.6686925539,74674.29021114607,TSL,0.001,3112.5295222355617,73.2359887584838,0.15,0.2589907626735468,122.25562347629311,7.345569672475925,114.91005380381718,40811.14713600992,40926.057189813735,0.0,4
2022-05-01 06:41:59.523330,2022-05-01 07:41:59.523330,2022-05-01 10:41:59.523330,1,REVERSAL,GREEN,UP,36.63579395915559,-316.5005818680097,25.92673178164649,781.9296038601051,72177.73250629789,68061.97111097803,True,True,True,True,True,70539.77092360819,69411.13458883045,81486.78537764966,69411.13458883045,SL,0.002,5995.880528506696,141.07954184721638,0.15,0.0,-191.86817691221526,14.150278047275805,-206.01845495949107,40926.057189813735,40720.03873485424,0.5033918953003105,4
2022-05-02 05:41:59.523330,2022-05-02 06:41:59.523330,2022-05-02 13:41:59.523330,1,MOMENTUM,RED,UP,51.14468721951638,27.02087735460657,16.667052845659313,731.7116114219235,70848.2735838433,68380.30701356703,True,True,True,False,True,69423.50597357091,69423.50597357091,79667.46853347783,69895.98605942131,TSL,0.002,5900.998007753527,138.84701194714182,0.15,0.5033918953003105,80.32161459456839,13.926355298298326,66.39525929627007,40720.03873485424,40786.43399415051,0.3411596553649368,8
2022-05-03 13:41:59.523330,2022-05-03 14:41:59.523330,2022-05-03 21:41:59.523330,1,MOMENTUM,GREEN,UP,79.5835803516182,116.5840355331585,27.79047017125589,820.0430584907396,72807.25306032176,69901.95778305878,True,True,True,False,True,77041.11234981708,75808.45455222,88521.71516868743,75808.45455222,SL,0.001,3274.247274867226,77.04111234981708,0.15,0.3411596553649368,-104.77591279575114,7.727223568686654,-112.50313636443781,40786.43399415051,40673.93085778607,0.6160533150269257,8
2022-05-04 04:41:59.523330,2022-05-04 05:41:59.523330,2022-05-04 06:41:59.523330,1,MOMENTUM,GREEN,UP,70.0491718307116,36.217771028945435,27.23850885661843,788.6503199413639,74476.68016054358,70848.38276569215,True,True,True,False,True,78064.80485663998,76815.76797893374,89105.90933581907,76815.76797893374,SL,0.001,3317.754206407199,78.06480485663998,0.15,0.6160533150269257,-106.16813460503036,7.82989992712099,-113.99803453215134,40673.93085778607,40559.93282325392,0.8945996553289823,2
2022-05-05 04:41:59.523330,2022-05-05 05:41:59.523330,2022-05-05 07:41:59.523330,1,MOMENTUM,GREEN,UP,62.80058880568104,57.49718330228448,16.43085793892699,696.8734088576847,75460.98381268495,72034.41256218076,True,True,True,False,True,77237.28835956057,77237.28835956057,86993.51608356816,77837.57568704491,TSL,0.001,3282.584755281324,77.23728835956057,0.15,0.8945996553289823,51.02442283616925,7.746900022463925,43.27752281370533,40559.93282325392,40603.21034606762,0.7888540111468818,3
2022-05-05 22:41:59.523330,2022-05-05 23:41:59.523330,2022-05-06 01:41:59.523330,1,MOMENTUM,RED,UP,58.40049846968231,47.04556110541871,17.347543001824498,732.3395868791546,75890.81121159256,72635.40554869593,True,True,True,False,True,76736.75593806682,75508.96784305776,86989.51015437499,75508.96784305776,SL,0.001,3261.31212736784,76.73675593806682,0.15,0.7888540111468818,-104.36198807577027,7.696696620588103,-112.05868469635838,40603.21034606762,40491.15166137127,1.0626616837908198,3
2022-05-08 04:41:59.523330,2022-05-08 05:41:59.523330,2022-05-08 08:41:59.523330,-1,MOMENTUM,RED,DOWN,39.0035190660824,-31.335076371106233,21.888770925256367,726.1652853292301,73251.25480944318,72749.1245781875,True,True,True,False,True,71694.78410768499,71694.78410768499,61528.47011307577,71155.29293813407,TSL,0.001,3047.0283245766122,71.694784107685,0.15,1.0626616837908198,45.85674941182835,7.190986846000806,38.66576256582754,40491.15166137127,40529.81742393709,0.9681845579184306,4
2022-05-08 18:41:59.523330,2022-05-08 19:41:59.523330,2022-05-09 02:41:59.523330,-1,MOMENTUM,GREEN,DOWN,29.78717058225267,-91.80067560441299,20.740036581706214,795.1637293470361,72658.68350036543,72623.18476533036,True,True,True,False,True,70712.99999213447,70712.99999213447,59580.70778127597,67916.09960602877,TSL,0.002,6010.60499933143,141.42599998426894,0.15,0.9681845579184306,475.47306563796883,14.185027798422174,461.28803783954663,40529.81742393709,40991.10546177664,0.0,8
2022-05-10 04:41:59.523330,2022-05-10 05:41:59.523330,2022-05-10 17:41:59.523330,-1,MOMENTUM,GREEN,DOWN,21.761630547387554,-97.63167605971,29.935300340372127,723.721088862678,68018.71311429398,70661.38565854913,True,True,True,False,True,63888.39026871509,64910.604513014536,53756.2950246376,64910.604513014536,SL,0.002,5430.513172840783,127.77678053743018,0.15,0.0,-173.7764215309056,12.816011087904249,-186.59243261880985,40991.10546177664,40804.51302915783,0.4552022457476882,13
2022-05-11 01:41:59.523330,2022-05-11 02:41:59.523330,2022-05-11 05:41:59.523330,-1,REVERSAL,RED,DOWN,64.3322101197828,471.18390987634945,36.94343535253722,657.7461796099209,66556.26986384188,69798.45494595452,True,True,True,True,True,67361.37876842656,68439.16082872137,58152.93225388766,68439.16082872137,SL,0.002,5725.717195316258,134.72275753685312,0.15,0.4552022457476882,-183.22295025011934,13.51269258094637,-196.7356428310657,40804.51302915783,40607.777386326765,0.9351493967571156,4
2022-05-11 09:41:59.523330,2022-05-11 10:41:59.523330,2022-05-11 16:41:59.523330,-1,REVERSAL,RED,DOWN,66.6757578187736,317.59425774830015,44.60413053840207,740.9885695131445,67157.46221583158,69730.97726108473,True,True,True,True,True,69110.43565778926,69110.43565778926,58736.595684605236,66568.61407303528,TSL,0.002,5874.3870309120875,138.22087131557853,0.15,0.9351493967571156,432.1096694081771,13.863553392952529,418.2461160152246,40607.777386326765,41026.02350234199,0.0,7
2022-05-13 01:41:59.523330,2022-05-13 02:41:59.523330,2022-05-13 08:41:59.523330,-1,REVERSAL,RED,DOWN,60.19862656229083,303.0631420111984,21.957574448110886,650.7916482068532,65631.88860285003,68310.5512487444,True,True,True,True,True,65863.74098346531,66917.56083920076,56752.65790856937,66917.56083920076,SL,0.002,5598.417983594551,131.7274819669306,0.15,0.0,-179.14937547502618,13.212266441283141,-192.3616419163093,41026.02350234199,40833.66186042568,0.46887713089065797,7
2022-05-13 12:41:59.523330,2022-05-13 13:41:59.523330,2022-05-13 16:41:59.523330,-1,REVERSAL,RED,DOWN,56.94627520265483,222.08623305837926,27.830740646790318,622.7442401919594,66107.56696974146,68139.97786353031,True,True,True,True,True,67097.32273498621,67097.32273498621,58378.90337229878,66205.9290801761,TSL,0.002,5703.272432473829,134.19464546997244,0.15,0.46887713089065797,151.53692131772027,13.459722940638239,138.07719837708203,40833.66186042568,40971.73905880276,0.13231709755181725,4
2022-05-14 13:41:59.523330,2022-05-14 14:41:59.523330,2022-05-14 18:41:59.523330,1,MOMENTUM,RED,UP,74.81263650785442,41.523607884816556,30.515234327309557,791.0053084880391,68286.09100103531,68573.73081994803,True,True,True,False,True,72953.64243073176,71786.38415184006,84027.71674956431,71786.38415184006,SL,0.001,3100.5298033061,72.95364243073176,0.15,0.13231709755181725,-99.21695370579502,7.317250335802396,-106.5342040415974,40971.73905880276,40865.20485476116,0.39199179898984066,5
2022-05-15 06:41:59.523330,2022-05-15 07:41:59.523330,2022-05-15 10:41:59.523330,1,MOMENTUM,RED,UP,68.28246109537358,10.156912633050524,35.82616512458314,626.5083864059022,70632.65020285556,69251.8422566049,True,True,True,False,True,74615.94337377494,73422.08827979454,83387.06078345756,73422.08827979454,SL,0.001,3171.177593385435,74.61594337377494,0.15,0.39199179898984066,-101.47768298833375,7.483979120389627,-108.96166210872337,40865.20485476116,40756.24319265244,0.657583374304241,4
2022-05-16 16:41:59.523330,2022-05-16 17:41:59.523330,2022-05-16 19:41:59.523330,1,REVERSAL,GREEN,UP,46.483172279835536,-277.1383697267339,20.176004501901666,937.0742024497933,73490.15000839271,70681.0544547377,True,True,True,True,True,73885.64794200538,72703.47757493329,87004.6867763025,72703.47757493329,SL,0.001,3140.1400375352287,73.88564794200538,0.15,0.657583374304241,-100.48448120112758,7.41073048858314,-107.89521168971072,40756.24319265244,40648.347980962724,0.9205755009566166,3
2022-05-17 01:41:59.523330,2022-05-17 02:41:59.523330,2022-05-17 14:41:59.523330,1,MOMENTUM,RED,UP,62.84339200701173,63.024474730344195,17.48247464294136,950.3411822748013,73506.36553918004,70892.15414337443,True,True,True,False,True,74483.00305524927,73291.27500636528,87787.77960709648,73291.27500636528,SL,0.001,3165.527629848094,74.48300305524927,0.15,0.9205755009566166,-101.29688415513913,7.470645206441502,-108.76752936158063,40648.347980962724,40539.58045160114,1.1856938821113827,13
2022-05-17 18:41:59.523330,2022-05-17 19:41:59.523330,2022-05-18 00:41:59.523330,1,REVERSAL,GREEN,UP,37.50208336029155,-257.6828131201411,22.093760203297226,770.906351761625,73383.33077898224,71261.23840209129,True,True,True,True,True,72649.26796858336,72649.26796858336,83441.95689324611,75162.54661337347,TSL,0.001,3087.5938886647928,72.64926796858336,0.15,1.1856938821113827,213.62868480715986,7.286721577248911,206.34196322991096,40539.58045160114,40745.92241483105,0.6827400357115901,6
2022-05-19 03:41:59.523330,2022-05-19 04:41:59.523330,2022-05-19 08:41:59.523330,1,REVERSAL,GREEN,UP,42.10605382346413,-257.883217325964,14.671727382689804,806.7005390361996,74878.40088975162,72475.70534336906,True,True,True,True,True,74426.06664879034,74426.06664879034,85719.87419529713,75145.01390650716,TSL,0.001,3163.1078325735893,74.42606664879034,0.15,0.6827400357115901,61.11051690592969,7.464934484873672,53.64558242105603,40745.92241483105,40799.56799725211,0.5519801476176472,5
2022-05-19 14:41:59.523330,2022-05-19 15:41:59.523330,2022-05-19 18:41:59.523330,1,MOMENTUM,RED,UP,52.918095284585654,14.847715360214892,12.454565924196299,832.2608295025651,74771.42751922277,72749.77301197767,True,True,True,False,True,74923.30646219554,74923.30646219554,86574.95807523145,75933.45564832992,TSL,0.001,3184.2405246433104,74.92330646219554,0.15,0.5519801476176472,85.86268082142247,7.514807638158213,78.34787318326427,40799.56799725211,40877.915870435376,0.3610089871326612,4
2022-05-20 07:41:59.523330,2022-05-20 08:41:59.523330,2022-05-20 12:41:59.523330,1,REVERSAL,GREEN,UP,49.76352325467444,-99.24096707246315,14.465127749701356,833.3901993305832,75233.94756021125,73199.1617466872,True,True,True,True,True,75666.87489155521,75666.87489155521,87334.33768218338,76723.43067993647,TSL,0.001,3215.8421828910964,75.66687489155521,0.15,0.3610089871326612,89.80724201240693,7.589387551622988,82.21785446078394,40877.915870435376,40960.13372489616,0.16060483522627936,5
2022-05-22 11:41:59.523330,2022-05-22 12:41:59.523330,2022-05-22 14:41:59.523330,1,REVERSAL,GREEN,UP,29.48667879478552,-395.419953735186,35.743963148851066,504.82598271997955,79562.79205758763,75942.83179499545,True,True,True,True,True,79064.66719969972,77799.63252450452,86132.23095777944,77799.63252450452,SL,0.001,3360.2483559872376,79.06466719969971,0.15,0.16060483522627936,-107.52794739159216,7.930186120129882,-115.45813351172205,40960.13372489616,40844.67559138443,0.4420314119578373,3
2022-05-22 18:41:59.523330,2022-05-22 19:41:59.523330,2022-05-23 08:41:59.523330,1,REVERSAL,GREEN,UP,42.544411415276066,-178.5055903120445,31.840456049526708,752.0901349788842,79215.8398532731,76157.86734673509,True,True,True,True,True,78336.37390724555,78336.37390724555,88865.63579694994,82306.63485758836,TSL,0.001,3329.2958910579364,78.33637390724556,0.15,0.4420314119578373,337.47218077913885,7.85713830289673,329.61504247624214,40844.67559138443,41174.29063386068,0.0,14
2022-05-24 17:41:59.523330,2022-05-24 18:41:59.523330,2022-05-25 11:41:59.523330,1,REVERSAL,GREEN,UP,25.22976256082704,-362.36380670354197,30.231738676563285,614.0369857563422,80306.52745730379,77855.34298093143,True,True,True,True,True,78005.92015696636,78005.92015696636,86602.43795755514,81597.55204627466,TSL,0.001,3315.25160667107,78.00592015696635,0.15,0.0,305.28871059120615,7.8239937917437254,297.4647167994624,41174.29063386068,41471.75535066014,0.0,18
2022-05-26 17:41:59.523330,2022-05-26 18:41:59.523330,2022-05-27 07:41:59.523330,1,MOMENTUM,GREEN,UP,66.79439512954659,106.8227705849526,22.485514370327756,684.011745916323,79885.3132840103,78609.89470731253,True,True,True,False,True,80844.1666898807,80844.1666898807,90420.33113270922,82305.42344341121,TSL,0.001,3435.87708431993,80.84416668988071,0.15,0.0,124.20682405009364,8.108669918995036,116.0981541310986,41471.75535066014,41587.85350479124,0.0,14
2022-05-28 11:41:59.523330,2022-05-28 12:41:59.523330,2022-05-28 20:41:59.523330,1,REVERSAL,GREEN,UP,38.980412517834,-567.573992544246,25.330207474948057,1059.2640166004853,81999.50980653726,79892.64662792368,True,True,True,True,True,80976.83462181731,80976.83462181731,95806.53085422411,84867.68934573026,TSL,0.001,3441.515471427236,80.97683462181732,0.15,0.0,330.72265153260116,8.121976512568278,322.6006750200329,41587.85350479124,41910.45417981127,0.0,9
2022-05-29 13:41:59.523330,2022-05-29 14:41:59.523330,2022-05-30 02:41:59.523330,1,MOMENTUM,RED,UP,71.77385157717377,74.9984464368232,21.121021271774037,758.7098613795621,83028.91874308178,80884.8023121459,True,True,True,False,True,85899.99027560449,85899.99027560449,96521.92833491835,88138.29317485036,TSL,0.001,3650.749586713191,85.8999902756045,0.15,0.0,190.25574643589906,8.61576902464313,181.6399774112559,41910.45417981127,42092.09415722253,0.0,13
2022-05-30 19:41:59.523330,2022-05-30 20:41:59.523330,2022-05-31 01:41:59.523330,1,REVERSAL,GREEN,UP,34.536863812651305,-541.3026865299196,31.56436595863419,963.4311872045415,85361.48702791837,82179.27760831242,True,True,True,True,True,83443.70845818966,83443.70845818966,96931.74507905325,84225.91609170742,TSL,0.001,3546.3576094730606,83.44370845818966,0.15,0.0,66.4876488490092,8.369403958356424,58.118244890652775,42092.09415722253,42150.21240211318,0.0,6
2022-05-31 03:41:59.523330,2022-05-31 04:41:59.523330,2022-05-31 08:41:59.523330,1,REVERSAL,GREEN,UP,35.93807025490804,-215.0780132092807,30.08534051821185,808.4889936279264,84733.79643359066,82222.91631804776,True,True,True,True,True,83413.54675170688,83413.54675170688,94732.39266249785,84309.15188694446,TSL,0.001,3545.0757369475423,83.41354675170687,0.15,0.0,76.12643649519428,8.3663787391962,67.76005775599809,42150.21240211318,42217.97245986918,0.0,5
2022-06-01 14:41:59.523330,2022-06-01 15:41:59.523330,2022-06-01 19:41:59.523330,1,MOMENTUM,GREEN,UP,76.30429609340467,24.81270699565539,28.946422177120446,849.139984713343,88587.814526359,84461.48415741605,True,True,True,False,True,93630.74085455468,92132.64900088181,105518.70064054147,92132.64900088181,SL,0.001,3979.3064863185737,93.63074085455467,0.15,0.0,-127.33780756219406,9.391163307711833,-136.7289708699059,42217.97245986918,42081.24348899928,0.32386437079580765,5
2022-06-02 20:41:59.523330,2022-06-02 21:41:59.523330,2022-06-03 01:41:59.523330,1,MOMENTUM,GREEN,UP,70.03531711802685,10.876843659432382,19.135050897045673,827.0473585676324,91828.54929514077,86957.36144661541,True,True,True,False,True,95892.63802709516,95892.63802709516,107471.30104704201,98586.76322513899,TSL,0.001,4075.437116151544,95.89263802709516,0.15,0.32386437079580765,229.0006418337251,9.618031594117644,219.38261023960743,42081.24348899928,42300.626099238885,0.0,5
2022-06-03 12:41:59.523330,2022-06-03 13:41:59.523330,2022-06-03 17:41:59.523330,1,REVERSAL,GREEN,UP,44.612529298480375,-395.42091272204556,21.240234899509424,877.0929016828552,93487.02476536801,88041.09534756294,True,True,True,True,True,93472.78868856076,91977.22406954378,105752.08931212073,91977.22406954378,SL,0.001,3972.593519263832,93.47278868856075,0.15,0.0,-127.12299261644323,9.375320705462645,-136.49831332190587,42300.626099238885,42164.12778591698,0.32268627183360443,5
2022-06-05 15:41:59.523330,2022-06-05 16:41:59.523330,2022-06-05 19:41:59.523330,1,MOMENTUM,RED,UP,67.07748691424695,55.406892910507395,19.602101069218186,701.0477684099242,92850.704416517,89675.2102148884,True,True,True,False,True,94852.63278731632,94852.63278731632,104667.30154505526,95783.44607653466,TSL,0.001,4031.236893460944,94.85263278731632,0.15,0.32268627183360443,79.11912958355846,9.513719068567829,69.60541051499062,42164.12778591698,42233.73319643197,0.15813690948683487,4
2022-06-06 19:41:59.523330,2022-06-06 20:41:59.523330,2022-06-06 22:41:59.523330,1,REVERSAL,GREEN,UP,31.034720489781108,-272.97254283681673,29.88972752210092,565.792687896436,93681.6085597449,90804.40516052369,True,True,True,True,True,92634.89123735784,91152.73297756011,100555.98886790794,91152.73297756011,SL,0.001,3936.982877587708,92.63489123735783,0.15,0.15813690948683487,-125.98345208280662,9.291279591106992,-135.27473167391364,42233.73319643197,42098.458464758056,0.47793059612530625,3
2022-06-07 23:41:59.523330,2022-06-08 00:41:59.523330,2022-06-08 05:41:59.523330,1,MOMENTUM,GREEN,UP,62.017260284738725,38.00218869542947,13.595740782711395,746.8505763620238,94149.80600939461,91750.83261151325,True,True,True,False,True,96188.38293509147,96188.38293509147,106644.29100415981,97347.87277342402,TSL,0.001,4088.006274741388,96.18838293509148,0.15,0.47793059612530625,98.55663625826666,9.647694808389677,88.90894144987699,42098.458464758056,42187.36740620793,0.2677470843226909,6
2022-06-08 23:41:59.523330,2022-06-09 00:41:59.523330,2022-06-09 01:41:59.523330,1,REVERSAL,GREEN,UP,41.12661613968262,-329.5438063599281,36.23874195862955,825.1486513033611,94400.25903185502,92465.99128990059,True,True,True,True,True,92578.1027928072,91096.85314812229,104130.18391105425,91096.85314812229,SL,0.001,3934.569368694306,92.5781027928072,0.15,0.2677470843226909,-125.90621979821742,9.285583710118564,-135.19180350833597,42187.36740620793,42052.17560269959,0.587344726190145,2
2022-06-09 23:41:59.523330,2022-06-10 00:41:59.523330,2022-06-10 06:41:59.523330,-1,MOMENTUM,RED,DOWN,26.9901272136632,-5.432149314568278,29.111501545572395,819.6281301976587,91480.08827037836,91907.49936552568,True,True,True,False,True,87027.1467829284,87027.1467829284,75552.35296016117,85128.27818192216,TSL,0.001,3698.653738274457,87.0271467829284,0.15,0.587344726190145,161.4038310855302,8.72882282232772,152.67500826320244,42052.17560269959,42204.85061096279,0.22641624275583971,7
2022-06-11 19:41:59.523330,2022-06-11 20:41:59.523330,2022-06-12 00:41:59.523330,1,REVERSAL,GREEN,UP,56.87273496048985,-250.7116717847466,27.28896385518939,1068.6486864299254,93305.84450639239,92171.23099733959,True,True,True,True,True,97084.39451916033,95531.04420685377,112045.47612917928,95531.04420685377,SL,0.001,4126.086767064314,97.08439451916033,0.15,0.22641624275583971,-132.03477654605763,9.737564770271781,-141.7723413163294,42204.85061096279,42063.07826964646,0.5615704813331357,5
2022-06-12 05:41:59.523330,2022-06-12 06:41:59.523330,2022-06-12 07:41:59.523330,1,REVERSAL,GREEN,UP,43.48530236387954,-482.4711370009113,19.10986909214692,1261.6867847461187,93940.13104004302,92431.44794303966,True,True,True,True,True,93837.34691465311,92323.32277295778,111500.96190109878,92323.32277295778,SL,0.001,3988.0872438727574,93.83734691465311,0.15,0.5615704813331357,-128.69205204410355,9.411885895539708,-138.10393793964323,42063.07826964646,41924.97433170681,0.8880524998631902,2
2022-06-12 16:41:59.523330,2022-06-12 17:41:59.523330,2022-06-13 05:41:59.523330,1,REVERSAL,GREEN,UP,42.48387982837814,-206.3148492718122,19.621056829812385,1033.2187776211156,93612.76767963276,92533.7158160669,True,True,True,True,True,93156.41270713256,93156.41270713256,107621.47559382819,95677.31477217274,TSL,0.001,3959.147540053134,93.15641270713256,0.15,0.8880524998631902,214.2766755284153,9.343588194525395,204.9330873338899,41924.97433170681,42129.907419040705,0.40358428690314924,13
2022-06-14 23:41:59.523330,2022-06-15 00:41:59.523330,2022-06-15 03:41:59.523330,1,MOMENTUM,RED,UP,71.48608524265288,4.545494493295564,27.90873312113924,943.2320012379173,100835.90574690572,95743.83516133485,True,False,True,False,True,106463.81787554,104760.39678953135,119669.06589287084,104760.39678953135,SL,0.001,4524.71225971045,106.46381787554,0.15,0.40358428690314924,-144.7907923107349,10.678320932916662,-155.46911324365158,42129.907419040705,41974.438305797055,0.7711181216953641,4
2022-06-15 07:41:59.523330,2022-06-15 08:41:59.523330,2022-06-16 01:41:59.523330,1,REVERSAL,GREEN,UP,46.25312948300529,-428.24874638385495,18.495580891927624,972.3907577465757,101948.62838730183,96412.53784614209,True,True,True,True,True,104647.36955679346,104647.36955679346,118260.84016524552,111554.01231320591,TSL,0.001,4447.513206163722,104.64736955679346,0.15,0.7711181216953641,587.0646342950579,10.496131166546386,576.5685031285116,41974.438305797055,42551.006808925566,0.0,18
2022-06-17 16:41:59.523330,2022-06-17 17:41:59.523330,2022-06-17 23:41:59.523330,1,MOMENTUM,GREEN,UP,62.83490772859518,28.22521254980768,19.709843312540876,1245.803907705535,111297.11662353344,103557.07677178961,True,True,True,False,True,115026.97406477208,115026.97406477208,132468.22877264957,120383.71762453606,TSL,0.001,4888.646397752813,115.02697406477208,0.15,0.0,455.32320257993877,11.53720549869664,443.78599708124216,42551.006808925566,42994.79280600681,0.0,7
2022-06-19 20:41:59.523330,2022-06-19 21:41:59.523330,2022-06-20 00:41:59.523330,1,REVERSAL,GREEN,UP,39.58005757199198,-812.5512514828616,21.393971455531023,1443.6921313920861,125035.70970651534,112884.27906196663,True,True,True,True,True,126021.63512863174,126021.63512863174,146233.32496812096,127451.8921424362,TSL,0.001,5355.919492966849,126.02163512863174,0.15,0.0,121.57184617337983,12.639970003401766,108.93187616997805,42994.79280600681,43103.724682176784,0.0,4
2022-06-20 06:41:59.523330,2022-06-20 07:41:59.523330,2022-06-20 16:41:59.523330,1,REVERSAL,GREEN,UP,38.29708740925909,-491.575177040841,18.8805773327663,1356.8995295518134,125293.24724019428,113838.52977809643,True,True,True,True,True,124540.67542664116,124540.67542664116,143537.26884036654,126965.24859063126,TSL,0.001,5292.978705632249,124.54067542664116,0.15,0.0,206.088718939159,12.491429745292107,193.59728919386689,43103.724682176784,43297.32197137065,0.0,10
2022-06-21 14:41:59.523330,2022-06-21 15:41:59.523330,2022-06-21 19:41:59.523330,1,MOMENTUM,RED,UP,58.24719605346548,16.760125265560077,17.494680054573813,1098.6793090730325,126253.2429044632,117442.90667527504,True,True,True,False,True,127762.2279048892,127762.2279048892,143143.73823191164,128470.60010652586,TSL,0.001,5429.894685957791,127.7622279048892,0.15,0.0,60.211637139116654,12.814551458860386,47.39708568025627,43297.32197137065,43344.719057050905,0.0,5
2022-06-22 03:41:59.523330,2022-06-22 04:41:59.523330,2022-06-22 05:41:59.523330,1,REVERSAL,GREEN,UP,21.442473490569213,-1027.9351141147383,47.500420933378216,1268.2929476012569,124838.721392304,117881.52646190835,True,True,True,True,True,118533.882662298,116637.34053970122,136289.98392871558,116637.34053970122,SL,0.001,5037.690013147665,118.533882662298,0.15,0.0,-161.2060804207257,11.88894843102849,-173.0950288517542,43344.719057050905,43171.62402819915,0.3993451396557123,2
2022-06-25 06:41:59.523330,2022-06-25 07:41:59.523330,2022-06-25 10:41:59.523330,-1,MOMENTUM,GREEN,DOWN,26.734664554138604,-46.19698703692302,23.808618354231513,1175.0794989025549,115576.16187141009,117463.25848387119,True,True,True,False,True,109693.07298245108,109693.07298245108,93241.95999781531,108237.11401522261,TSL,0.001,4661.955601754171,109.69307298245108,0.15,0.3993451396557123,123.75651221441943,11.002215220139844,112.75429699427958,43171.62402819915,43284.37832519343,0.13921126534020026,4
2022-06-28 04:41:59.523330,2022-06-28 05:41:59.523330,2022-06-28 07:41:59.523330,1,MOMENTUM,RED,UP,71.01657091165274,55.41277193292899,19.16673069356856,1619.7753565135579,126200.28555911157,121328.55625429997,True,True,True,False,True,133032.4793369257,133032.4793369257,155709.3343281155,136296.04742211848,TSL,0.001,5653.880371819342,133.0324793369257,0.15,0.13921126534020026,277.40328724138715,13.343157677493648,264.0601295638935,43284.37832519343,43548.43845475732,0.0,3
2022-06-28 23:41:59.523330,2022-06-29 00:41:59.523330,2022-06-29 05:41:59.523330,1,REVERSAL,GREEN,UP,52.31643552161207,-547.3240538095849,14.128327718839502,1306.5505548766582,131032.57585948927,123387.49871591137,True,True,True,True,True,135333.75118136403,135333.75118136403,153625.45894963725,137714.25894272147,TSL,0.001,5751.684425207971,135.33375118136402,0.15,0.0,202.34315971538234,13.573975243490812,188.76918447189155,43548.43845475732,43737.207639229215,0.0,6
2022-06-29 19:41:59.523330,2022-06-29 20:41:59.523330,2022-06-29 23:41:59.523330,1,REVERSAL,GREEN,UP,34.34913073755605,-796.9908907730742,35.01957617144543,1267.2113650114393,134165.29859283657,125760.56423107957,True,True,True,True,True,133391.85601378596,131257.58631756538,151132.81512394611,131257.58631756538,SL,0.001,5669.153880585904,133.39185601378597,0.15,0.0,-181.4129241787494,13.379203158182733,-194.79212733693214,43737.207639229215,43542.41551189228,0.4453693727859772,4
2022-06-30 04:41:59.523330,2022-06-30 05:41:59.523330,2022-06-30 10:41:59.523330,1,REVERSAL,GREEN,UP,19.12377772756834,-873.3184195757035,51.8863756023066,1193.381262203409,132670.61398508286,125888.52317128943,True,True,True,True,True,126137.7799327607,126137.7799327607,142845.11760360844,127861.54212043389,TSL,0.001,5360.85564714233,126.13777993276071,0.15,0.4453693727859772,146.51978595222087,12.651619327255899,133.86816662496497,43542.41551189228,43676.28367851725,0.1392954969016416,6
2022-07-01 20:41:59.523330,2022-07-01 21:41:59.523330,2022-07-02 00:41:59.523330,1,MOMENTUM,RED,UP,75.87476647766496,60.51976280799818,28.607829455813302,1084.618786376268,138004.84402434307,130634.45734617938,True,True,True,False,True,144763.49375431004,144763.49375431004,159948.15676357778,147450.2733286851,TSL,0.001,6152.448484558177,144.76349375431005,0.15,0.1392954969016416,228.37626382188145,14.519778423557298,213.85648539832417,43676.28367851725,43890.140163915574,0.0,4
2022-07-02 15:41:59.523330,2022-07-02 16:41:59.523330,2022-07-02 22:41:59.523330,1,MOMENTUM,RED,UP,70.61069329632025,51.602790085501056,29.449842250687897,1689.3040561585956,143941.31955678188,133480.75331393178,True,True,True,False,True,153416.85892203194,153416.85892203194,177067.11570825227,156773.41069238275,TSL,0.001,6520.216504186357,153.41685892203193,0.15,0.0,285.30690047981875,15.387710949879805,269.919189529939,43890.140163915574,44160.05935344551,0.0,7
2022-07-04 01:41:59.523330,2022-07-04 02:41:59.523330,2022-07-04 06:41:59.523330,1,REVERSAL,GREEN,UP,43.42772498443381,-665.2880298757293,27.739472372788157,1396.705777299226,150753.23627472777,139544.24102810334,True,True,True,True,True,151291.39019348437,151291.39019348437,170845.27107567355,154966.89780653812,TSL,0.001,6429.884083223086,151.29139019348438,0.15,0.0,312.4181471095687,15.174526436406483,297.2436206731622,44160.05935344551,44457.30297411868,0.0,5
2022-07-10 04:41:59.523330,2022-07-10 05:41:59.523330,2022-07-10 09:41:59.523330,-1,MOMENTUM,GREEN,DOWN,30.99479157816839,-97.92290227897524,19.938498082353227,1436.8031667727748,153807.04589609467,153284.95213563184,True,True,True,False,True,146249.77622399293,146249.77622399293,126134.53188917408,144024.2953220099,TSL,0.001,6215.6154895197,146.24977622399294,0.15,0.0,189.1658766685586,14.668852555266492,174.49702411329213,44457.30297411868,44631.79999823197,0.0,5
2022-07-11 23:41:59.523330,2022-07-12 00:41:59.523330,2022-07-12 03:41:59.523330,-1,MOMENTUM,GREEN,DOWN,30.134119793842416,-47.136879936154855,26.215157583742652,1587.4353570554067,141490.7564114123,148605.48291245956,True,True,True,False,True,133599.82544909784,133599.82544909784,111375.73045032215,130154.12067038464,TSL,0.001,5677.992581586658,133.59982544909784,0.15,0.0,292.8849061906223,13.400062492544514,279.4848436980778,44631.79999823197,44911.28484193004,0.0,4
2022-07-14 04:41:59.523330,2022-07-14 05:41:59.523330,2022-07-14 08:41:59.523330,-1,REVERSAL,RED,DOWN,63.28672804732202,613.2350195856606,26.55195890943745,1458.7836667191705,131584.13395684736,140793.56046465144,True,True,True,True,True,134827.8337638148,134827.8337638148,114404.8624297464,133394.7502164206,TSL,0.001,5730.1829349621285,134.8278337638148,0.15,0.0,121.81210152850691,13.523231726510625,108.28886980199628,44911.28484193004,45019.57371173204,0.0,4
2022-07-14 11:41:59.523330,2022-07-14 12:41:59.523330,2022-07-14 15:41:59.523330,-1,REVERSAL,RED,DOWN,63.36528848663727,208.52615904915137,21.464871031443664,1077.7431906292381,132279.48964321797,140573.57487435982,True,True,True,True,True,135609.5212525285,137779.27359256896,120521.11658371917,137779.27359256896,SL,0.001,5763.404653232462,135.6095212525285,0.15,0.0,-184.42894890343916,13.60163498162861,-198.03058388506776,45019.57371173204,44821.54312784697,0.43987663044766356,4
2022-07-14 16:41:59.523330,2022-07-14 17:41:59.523330,2022-07-14 19:41:59.523330,-1,REVERSAL,RED,DOWN,51.4209352380438,94.54396965242586,25.15803957107939,1407.6756138286792,132967.04209935328,140286.28078824995,True,True,True,True,True,136355.2802062239,136355.2802062239,116647.82161262239,134595.6644610584,TSL,0.001,5795.099408764515,136.35528020622388,0.15,0.43987663044766356,149.56733833906765,13.676434604684255,135.89090373438341,44821.54312784697,44957.43403158135,0.1380281398233049,3
2022-07-16 20:41:59.523330,2022-07-16 21:41:59.523330,2022-07-17 00:41:59.523330,1,REVERSAL,GREEN,UP,46.475346152043464,-696.6605511768537,23.703435136904204,1364.956867836399,138670.29220106243,139750.60227956186,True,True,True,True,True,141798.22719629234,141798.22719629234,160907.62334600193,146303.4758032831,TSL,0.001,6026.424655842425,141.79822719629234,0.15,0.1380281398233049,382.94613159421465,14.222362187788123,368.7237694064265,44957.43403158135,45326.15780098778,0.0,4
2022-07-17 13:41:59.523330,2022-07-17 14:41:59.523330,2022-07-17 18:41:59.523330,1,MOMENTUM,GREEN,UP,62.339394805286645,9.976309848210349,17.193254465524117,1223.5460573821533,140925.9347275337,140211.59260765743,True,True,True,False,True,144259.24907286093,141951.10108769516,161388.89387621108,141951.10108769516,SL,0.001,6131.01808559659,144.25924907286094,0.15,0.0,-196.19257873908995,14.469202682007953,-210.6617814210979,45326.15780098778,45115.49601956668,0.46476867142819617,5
2022-07-17 21:41:59.523330,2022-07-17 22:41:59.523330,2022-07-18 04:41:59.523330,1,REVERSAL,GREEN,UP,46.82327174514063,-297.53881741471713,14.123383107908039,1494.4815819737119,141324.77351979303,140277.71726590142,True,True,True,True,True,141864.320123967,139594.49100198352,162787.06227159896,139594.49100198352,SL,0.001,6029.233605268597,141.864320123967,0.15,0.46476867142819617,-192.9354753685945,14.22899130843389,-207.16446667702837,45115.49601956668,44908.33155288965,0.9218214566799723,7
2022-07-20 07:41:59.523330,2022-07-20 08:41:59.523330,2022-07-20 17:41:59.523330,-1,MOMENTUM,RED,DOWN,45.067644317479434,-8.520631695819475,16.546191964296145,877.4146179531008,139207.2367840916,139729.53236212343,True,True,True,False,True,137645.32492329463,137645.32492329463,125361.52027195122,136084.23045853942,TSL,0.001,5849.9263092400215,137.64532492329462,0.15,0.9218214566799723,132.69302950419282,13.805826089806452,118.88720341438636,44908.33155288965,45027.218756304035,0.6595287559918166,10
2022-07-20 20:41:59.523330,2022-07-20 21:41:59.523330,2022-07-21 00:41:59.523330,1,MOMENTUM,GREEN,UP,62.262454610621276,140.8733746898087,16.442715811741266,1338.9984023529055,138644.3351216358,139464.92309090635,True,True,True,False,True,139002.50673268703,136778.46662496403,157748.48436562772,136778.46662496403,SL,0.001,5907.606536139199,139.00250673268704,0.15,0.6595287559918166,-189.04340915645545,13.941951425288512,-202.98536058174395,45027.218756304035,44824.233395722295,1.1073614654682793,4
2022-07-21 05:41:59.523330,2022-07-21 06:41:59.523330,2022-07-21 07:41:59.523330,1,MOMENTUM,GREEN,UP,63.788342177020816,151.95925111551298,17.5097291388979,1204.953660237964,138212.40813290724,139256.25168115538,True,True,True,False,True,139888.93217761413,137650.70926277232,156758.28342094563,137650.70926277232,SL,0.001,5945.2796175486,139.88893217761412,0.15,1.1073614654682793,-190.24894776155404,14.030859897414697,-204.27980765896874,44824.233395722295,44619.95358806333,1.558050024944009,2
2022-07-21 10:41:59.523330,2022-07-21 11:41:59.523330,2022-07-21 16:41:59.523330,-1,REVERSAL,RED,DOWN,42.22440986053595,111.74622693663468,16.801457640033014,1848.6739067878793,138225.78217900725,139172.25032288017,True,True,True,True,True,137052.30993647373,139270.71862461918,111170.87524144341,139270.71862461918,SL,0.001,5824.723172300133,137.05230993647373,0.15,1.558050024944009,-188.56473849236383,13.746346686628316,-202.31108517899216,44619.95358806333,44417.64250288434,2.0043951267443227,6
2022-07-27 00:41:59.523330,2022-07-27 01:41:59.523330,2022-07-27 11:41:59.523330,1,REVERSAL,GREEN,UP,32.43440715418201,-792.4706896557763,30.755797060639953,1377.341656369779,160794.63238321306,153480.7259831698,True,True,True,True,True,156470.6139082564,156470.6139082564,175753.3970974333,166833.95496565642,TSL,0.001,6650.001091100898,156.4706139082564,0.15,2.0043951267443227,880.8839898790013,15.69400257499812,865.1899873040031,44417.64250288434,45282.83249018834,0.09558566819112686,11
2022-07-28 09:41:59.523330,2022-07-28 10:41:59.523330,2022-07-28 18:41:59.523330,1,MOMENTUM,GREEN,UP,57.16480731073536,29.709671228328716,29.46050088297177,1799.713253570895,159148.44231835398,154932.83728437987,True,True,True,False,True,156655.8723698252,156655.8723698252,181851.85791981773,160512.9433998877,TSL,0.001,6657.874575717571,156.6558723698252,0.15,0.09558566819112686,327.8510375553131,15.71258399869347,312.1384535566196,45282.83249018834,45594.97094374496,0.0,9
2022-07-29 12:41:59.523330,2022-07-29 13:41:59.523330,2022-07-29 17:41:59.523330,1,MOMENTUM,RED,UP,59.94081149084905,58.20057513100966,19.397605673795052,1261.5279565728777,158389.52680782886,155877.45614679917,True,True,True,False,True,159311.73439503615,159311.73439503615,176973.12578705643,163397.09206610714,TSL,0.001,6770.748711789037,159.31173439503615,0.15,0.0,347.2554020410341,15.978966959822127,331.2764350812119,45594.97094374496,45926.24737882617,0.0,5
2022-08-17 09:41:59.523330,2022-08-17 10:41:59.523330,2022-08-17 12:41:59.523330,-1,MOMENTUM,RED,DOWN,39.71910584879935,-81.00879934938177,16.43569706531251,1448.588251773555,162181.54688865977,169606.69193630497,True,True,True,False,True,159460.6335144996,159460.6335144996,139180.39798966984,158626.02110856565,TSL,0.001,6777.0769243662335,159.46063351449962,0.15,0.0,70.9420545043869,15.993901541504313,54.94815296288259,45926.24737882617,45981.19553178905,0.0,3
2022-08-26 02:41:59.523330,2022-08-26 03:41:59.523330,2022-08-26 04:41:59.523330,-1,REVERSAL,RED,DOWN,58.47751342159634,716.9300303165221,23.952880737398072,1441.596451395621,151024.51663527315,162817.439700344,True,True,True,True,True,148595.78096002122,150973.31345538155,128413.43064048252,150973.31345538155,SL,0.001,6315.3206908009015,148.59578096002122,0.15,0.0,-202.0902621056278,14.904156830290129,-216.9944189359179,45981.19553178905,45764.20111285314,0.47191991514421777,2
2022-08-26 05:41:59.523330,2022-08-26 06:41:59.523330,2022-08-26 11:41:59.523330,-1,REVERSAL,RED,DOWN,59.77852238584482,756.6683898275647,24.7937785370521,1455.315353425395,150906.01375850197,162388.7171484029,True,True,True,True,True,151206.59559653953,151206.59559653953,130832.18064858399,149667.97367839058,TSL,0.001,6426.28031285293,151.20659559653953,0.15,0.47191991514421777,130.78286304266018,15.166021538332917,115.61684150432725,45764.20111285314,45879.817954357466,0.22047616696155714,6
2022-08-26 13:41:59.523330,2022-08-26 14:41:59.523330,2022-08-26 18:41:59.523330,-1,MOMENTUM,GREEN,DOWN,40.45747586636277,-55.852299543237734,19.44397577199817,1288.5902610360129,150610.3021187194,161431.5590663819,True,True,True,False,True,148688.2434325982,151067.25532751976,130647.97977809401,151067.25532751976,SL,0.001,6319.2503458854235,148.6882434325982,0.15,0.22047616696155714,-202.21601106833333,14.9134308162896,-217.1294418846229,45879.817954357466,45662.68851247284,0.6926897302964004,5
2022-08-26 20:41:59.523330,2022-08-26 21:41:59.523330,2022-08-27 08:41:59.523330,-1,REVERSAL,RED,DOWN,57.61698037819474,334.1827388568962,18.979886951491828,1614.7124662643823,150646.894634948,160738.20392505944,True,True,True,True,True,151092.8680676244,153510.35395670639,128486.89353992304,153510.35395670639,SL,0.001,6421.446892874037,151.0928680676244,0.15,0.6926897302964004,-205.48630057196902,15.154614667182727,-220.64091523915175,45662.68851247284,45442.04759723369,1.1725400532107098,12
2022-08-27 15:41:59.523330,2022-08-27 16:41:59.523330,2022-08-27 18:41:59.523330,-1,REVERSAL,RED,DOWN,57.2591294998903,330.85545507614415,32.6206253882911,1459.782075230779,152884.95889372512,159989.07952641262,True,True,True,True,True,155604.45829396413,155604.45829396413,135167.50924073323,153291.2187988122,TSL,0.001,6613.189477493476,155.60445829396414,0.15,1.1725400532107098,196.62535708791475,15.607127166884604,181.01822992103016,45442.04759723369,45623.06582715472,0.7788612290142369,3
2022-09-02 07:41:59.523330,2022-09-02 08:41:59.523330,2022-09-02 12:41:59.523330,-1,REVERSAL,RED,DOWN,52.33823919322063,1097.2001096971303,28.792288329982252,1755.5556876465532,158421.8432294082,161536.33815298325,True,True,True,True,True,155405.79665088124,155405.79665088124,130828.0170238295,153671.9979223667,TSL,0.001,6604.746357662452,155.40579665088123,0.15,0.7788612290142369,147.37289192373674,15.58720140408339,131.78569051965337,45623.06582715472,45754.851517674375,0.4922534342505203,5
2022-09-02 15:41:59.523330,2022-09-02 16:41:59.523330,2022-09-02 21:41:59.523330,-1,REVERSAL,RED,DOWN,52.85183863620219,630.7035367989226,18.531331091265805,1848.2605517433353,157632.59750340335,161005.77347675458,True,True,True,True,True,155056.05790939086,155056.05790939086,129180.41018498417,150245.13866956995,TSL,0.001,6589.882461149112,155.05605790939086,0.15,0.4922534342505203,408.9281353847776,15.552122608311905,393.37601277646564,45754.851517674375,46148.227530450844,0.0,6
2022-09-03 19:41:59.523330,2022-09-03 20:41:59.523330,2022-09-04 00:41:59.523330,-1,REVERSAL,RED,DOWN,60.7280591526117,868.1828592900638,25.92386096174966,1708.4573344327307,151537.69748372107,157820.08719410124,True,True,True,True,True,152400.97979278312,154839.39546946765,128482.5771107249,154839.39546946765,SL,0.001,6477.041641193283,152.40097979278312,0.15,0.0,-207.26533251818472,15.285818273216147,-222.55115079140086,46148.227530450844,45925.676379659446,0.4822528679883705,5
2022-11-11 17:41:59.523330,2022-11-11 18:41:59.523330,2022-11-11 22:41:59.523330,-1,MOMENTUM,GREEN,DOWN,33.92484452964099,-52.68198170487051,15.912238517845694,1378.0657060369883,165706.8458422635,173091.39508481233,True,True,True,False,True,160262.2615163344,162826.45770059575,140969.34163181655,162826.45770059575,SL,0.001,6811.146114444212,160.2622615163344,0.15,0.4822528679883705,-217.956675662215,16.07430483008834,-234.03098049230334,45925.676379659446,45691.645399167144,0.9893817286534453,5
2022-11-15 00:41:59.523330,2022-11-15 01:41:59.523330,2022-11-15 03:41:59.523330,-1,MOMENTUM,RED,DOWN,21.34556011707849,-96.07711034312115,25.43783871041917,1088.17002166575,160898.14767591894,166945.6964608867,True,True,True,False,True,154670.17910109618,154670.17910109618,139435.79879777567,154008.56401601536,TSL,0.001,6573.482611796588,154.67017910109618,0.15,0.9893817286534453,56.237282231869614,15.513418963839948,40.72386326802966,45691.645399167144,45732.369262435175,0.9011359488103097,3
2022-11-15 10:41:59.523330,2022-11-15 11:41:59.523330,2022-11-15 14:41:59.523330,-1,MOMENTUM,RED,DOWN,27.338257394957182,-18.214026578384164,28.57367631067796,1199.00681953881,158806.77946941048,166003.72684965094,True,True,True,False,True,153359.791974866,155813.54864646387,136573.69650132267,155813.54864646387,SL,0.001,6517.791158931805,153.359791974866,0.15,0.9011359488103097,-208.5693170858182,15.38198713507906,-223.95130422089724,45732.369262435175,45508.417958214275,1.3864228519164497,4
2022-11-16 02:41:59.523330,2022-11-16 03:41:59.523330,2022-11-16 05:41:59.523330,-1,REVERSAL,RED,DOWN,48.46689502796881,470.097117200722,17.07077888786696,1542.3728225331713,157009.64849205417,164319.95515423757,True,True,True,True,True,156356.01170245218,158857.7078896914,134762.79218698776,158857.7078896914,SL,0.001,6645.130497354217,156.35601170245218,0.15,1.3864228519164497,-212.64417591533436,15.682507973755953,-228.3266838890903,45508.417958214275,45280.09127432518,1.8811908985081227,3
2023-01-18 17:41:59.523330,2023-01-18 18:41:59.523330,2023-01-19 03:41:59.523330,-1,MOMENTUM,GREEN,DOWN,30.12650934560328,-304.0620434414219,16.832158490711684,1801.683529116099,162244.29172543937,180197.91471039184,True,True,True,False,True,157972.3288728028,157972.3288728028,132748.75946517743,152148.79071545776,TSL,0.001,6713.82397709412,157.97232887280282,0.15,1.8811908985081227,495.00074337432994,15.844624585942123,479.1561187883878,45280.09127432518,45759.24739311357,0.8428929086834541,10
2023-01-20 19:41:59.523330,2023-01-20 20:41:59.523330,2023-01-20 21:41:59.523330,-1,REVERSAL,RED,DOWN,55.064700324864894,458.5280026628487,18.195761040963536,1365.7513215948131,152060.28014975754,168822.9098724717,True,True,True,True,True,152012.08449278184,154444.27784466636,132891.56599045446,154444.27784466636,SL,0.001,6460.513590943228,152.01208449278184,0.15,0.8428929086834541,-206.73643491018404,15.24681207462602,-221.98324698481005,45759.24739311357,45537.26414612876,1.3239151686138841,2
2023-01-28 13:41:59.523330,2023-01-28 14:41:59.523330,2023-01-28 19:41:59.523330,-1,REVERSAL,RED,DOWN,62.42511386687,1202.9386172629456,28.876890864395527,1699.0128636576007,156498.5502890651,165997.8374303792,True,True,True,True,True,156150.30045578457,156150.30045578457,132364.12036457815,151771.9079053808,TSL,0.001,6636.387769370844,156.15030045578456,0.15,1.3239151686138841,372.163366784321,15.661875135715192,356.50149164860585,45537.26414612876,45893.76563777736,0.5514012266355788,6
2023-01-28 21:41:59.523330,2023-01-28 22:41:59.523330,2023-01-29 04:41:59.523330,-1,MOMENTUM,RED,DOWN,48.548607332674194,-27.315305801389798,20.481052141533663,1470.248733663372,155789.66899629124,165093.83869741275,True,True,True,False,True,154327.57274987324,156796.8139138712,133744.09047858603,156796.8139138712,SL,0.001,6558.921841869613,154.32757274987324,0.15,0.5514012266355788,-209.8854989398274,15.479055546812287,-225.36455448663966,45893.76563777736,45668.40108329072,1.039750544792882,7
2023-01-29 08:41:59.523330,2023-01-29 09:41:59.523330,2023-01-29 13:41:59.523330,-1,MOMENTUM,RED,DOWN,37.19938601131536,-62.402671385527924,19.43748344184212,1683.2092196556728,155940.96626777522,164053.13373464483,True,True,True,False,True,154478.10618419247,154478.10618419247,130913.17710901305,153073.7956755093,TSL,0.001,6565.31951282818,154.47810618419248,0.15,1.039750544792882,119.36639323807016,15.494154050274508,103.87223918779564,45668.40108329072,45772.27332247852,0.8146666255475407,5
2023-02-01 13:41:59.523330,2023-02-01 14:41:59.523330,2023-02-01 15:41:59.523330,-1,MOMENTUM,RED,DOWN,44.53075318978222,-51.57654915945568,26.037961810443267,1632.3204656164598,153196.29563477915,157823.83970961536,True,True,True,False,True,154227.34213037955,156694.97960446563,131374.8556117491,156694.97960446563,SL,0.001,6554.662040541131,154.22734213037955,0.15,0.8146666255475407,-209.7491852973166,15.46900241567707,-225.21818771299368,45772.27332247852,45547.05513476553,1.3026987770844152,2
2023-02-01 19:41:59.523330,2023-02-01 20:41:59.523330,2023-02-01 22:41:59.523330,1,MOMENTUM,GREEN,UP,63.432690710956145,38.187714721511156,23.996792246655616,1697.594568476769,154239.86550417403,157907.35440652803,True,True,True,False,True,159401.95659317516,159401.95659317516,183168.28055184992,160959.766696784,TSL,0.001,6774.583155209944,159.40195659317516,0.15,1.3026987770844152,132.4138588067521,15.98801624629547,116.42584256045663,45547.05513476553,45663.480977325984,1.0504120722838175,3
2023-02-02 11:41:59.523330,2023-02-02 12:41:59.523330,2023-02-02 15:41:59.523330,-1,REVERSAL,RED,DOWN,46.31446070450329,-47.37960077227888,18.710529105106893,1893.2495881413045,155366.80117453425,157668.95489445797,True,True,True,True,True,155780.87583879314,155780.87583879314,129275.38160481489,154128.33896638502,TSL,0.001,6620.687223148709,155.78087583879315,0.15,1.0504120722838175,140.4656341546902,15.624821846630953,124.84081230805926,45663.480977325984,45788.32178963404,0.7798907132008865,4
2023-02-12 21:41:59.523330,2023-02-12 22:41:59.523330,2023-02-13 03:41:59.523330,-1,MOMENTUM,GREEN,DOWN,22.36602187708816,-220.6046249103133,27.170679847894952,1650.2642764804814,168544.72082635146,169824.4935645391,True,True,True,False,True,160233.81351437612,160233.81351437612,137130.11364364938,156797.1009293898,TSL,0.001,6809.937074360985,160.23381351437612,0.15,0.7798907132008865,292.12056972383743,16.071451495491925,276.0491182283455,45788.32178963404,46064.37090786239,0.18171146992183887,6
2023-02-14 13:41:59.523330,2023-02-14 14:41:59.523330,2023-02-14 18:41:59.523330,-1,REVERSAL,RED,DOWN,61.66017834874384,628.1349395397124,20.589463559441995,1462.324788061772,160672.51296811266,166292.26796629332,True,True,True,True,True,161029.37014082525,161029.37014082525,140556.82310796046,159576.82623142214,TSL,0.001,6843.748230985073,161.02937014082525,0.15,0.18171146992183887,123.46623229926496,16.15124582512477,107.3149864741402,46064.37090786239,46171.68589433653,0.0,5
2023-02-14 19:41:59.523330,2023-02-14 20:41:59.523330,2023-02-14 23:41:59.523330,-1,MOMENTUM,GREEN,DOWN,35.28196464118743,-27.093494954023498,18.02996605149288,1307.6887152210907,160471.01263606513,165946.89571987814,True,True,True,False,True,156032.23010078643,156032.23010078643,137724.58808769117,153193.48646903457,TSL,0.001,6631.369779283423,156.03223010078642,0.15,0.0,241.293208698908,15.65003267910888,225.64317601979909,46171.68589433653,46397.329070356325,0.0,4
2023-02-15 13:41:59.523330,2023-02-15 14:41:59.523330,2023-02-15 16:41:59.523330,-1,MOMENTUM,RED,DOWN,34.9267847173586,-56.22613862807361,22.0697056490183,1643.9930844254122,156019.46248539578,163317.63357477856,True,True,True,False,True,148878.3358732656,151260.38924723785,125862.43269130983,151260.38924723785,SL,0.001,6327.329274613788,148.8783358732656,0.15,0.0,-202.47453678764083,14.932497088088539,-217.40703387572938,46397.329070356325,46179.922036480595,0.4685766147143014,3
2023-02-16 18:41:59.523330,2023-02-16 19:41:59.523330,2023-02-16 22:41:59.523330,-1,REVERSAL,RED,DOWN,63.491260945155354,967.1557747965203,28.895824909638538,1585.2048666292817,152280.9139972857,160231.96345791218,True,True,True,True,True,155149.10580272728,157631.49149557092,132956.23766991735,157631.49149557092,SL,0.001,6593.83699661591,155.1491058027273,0.15,0.4685766147143014,-211.0027838917097,15.561455312013548,-226.56423920372325,46179.922036480595,45953.35779727687,0.9568897218333924,4
2023-02-17 01:41:59.523330,2023-02-17 02:41:59.523330,2023-02-17 11:41:59.523330,-1,REVERSAL,RED,DOWN,59.34750769216415,575.2166719687596,34.84385758731833,1480.1133048999295,153492.91558732442,160058.89219496518,True,True,True,True,True,156114.07067513737,156114.07067513737,135392.48440653837,152443.60157175743,TSL,0.001,6634.848003693338,156.11407067513736,0.15,0.9568897218333924,311.9898737872942,15.658241288716278,296.33163249857796,45953.35779727687,46249.68942977545,0.3182071975673393,10
2023-02-17 22:41:59.523330,2023-02-17 23:41:59.523330,2023-02-18 05:41:59.523330,-1,REVERSAL,RED,DOWN,51.437669335701244,337.37150047493697,26.94679823336968,1675.7871250681255,155266.18719522146,159448.84179375114,True,True,True,True,True,159360.66632133196,159360.66632133196,135899.6465703782,156003.74726684496,TSL,0.001,6772.828318656609,159.36066632133196,0.15,0.3182071975673393,285.33811963139436,15.983874832029597,269.3542447993647,46249.68942977545,46519.043674574816,0.0,7
2023-02-20 01:41:59.523330,2023-02-20 02:41:59.523330,2023-02-20 06:41:59.523330,-1,MOMENTUM,RED,DOWN,43.89564855071169,-40.691304524653106,12.865092081460146,1563.7445844339018,157089.24474943327,158468.26849957532,True,True,True,False,True,155418.07326217354,155418.07326217354,133525.6490800989,153361.62211219408,TSL,0.001,6605.268113642376,155.41807326217355,0.15,0.0,174.79834774825417,15.588432748196007,159.20991500005817,46519.043674574816,46678.25358957487,0.0,5
2023-02-23 09:41:59.523330,2023-02-23 10:41:59.523330,2023-02-23 11:41:59.523330,-1,MOMENTUM,GREEN,DOWN,43.79837391690138,-56.4298082194436,14.774697487663286,1752.4483617730373,159297.3980746297,158725.7478264877,True,True,True,False,True,156266.46434642,158766.7277759627,131732.18728159746,158766.7277759627,SL,0.001,6641.324734722849,156.26646434641998,0.15,0.0,-212.52239151113056,15.673526373945924,-228.1959178850765,46678.25358957487,46450.0576716898,0.4888698705215466,2
2023-02-23 22:41:59.523330,2023-02-23 23:41:59.523330,2023-02-24 09:41:59.523330,-1,MOMENTUM,GREEN,DOWN,35.31133507171951,-171.73485615624122,19.103834909003787,1584.948412443608,160266.73078364998,159041.01235024486,True,True,True,False,True,159371.50473456498,159371.50473456498,137182.22696035446,156675.25569774036,TSL,0.001,6773.288951219011,159.37150473456498,0.15,0.4888698705215466,229.18116813009286,15.984961924876867,213.196206205216,46450.0576716898,46663.25387789502,0.032134260659668276,11
2023-02-24 11:41:59.523330,2023-02-24 12:41:59.523330,2023-02-24 17:41:59.523330,1,REVERSAL,GREEN,UP,51.39423720578627,-210.4311270864689,17.29098150646256,1683.8539922306907,159563.33777478014,158951.48832247872,True,True,True,True,True,160177.8957960812,160177.8957960812,183751.85168731087,171281.74404275257,TSL,0.001,6807.560571333451,160.1778957960812,0.15,0.032134260659668276,943.8271009670669,16.065842948346948,927.76125801872,46663.25387789502,47591.01513591374,0.0,6
2023-02-26 22:41:59.523330,2023-02-26 23:41:59.523330,2023-02-27 02:41:59.523330,1,MOMENTUM,GREEN,UP,52.24497807247248,17.042889685863642,10.60005227620453,1276.3440913410577,165919.07302556493,162332.97676807636,True,True,True,False,True,165041.2968526007,162400.63610295908,182910.1141313755,162400.63610295908,SL,0.001,7014.25511623553,165.0412968526007,0.15,0.0,-224.45616371953818,16.553642074315853,-241.00980579385404,47591.01513591374,47350.005330119886,0.5064187118210434,4
2023-02-27 08:41:59.523330,2023-02-27 09:41:59.523330,2023-02-27 20:41:59.523330,1,MOMENTUM,RED,UP,66.1448643345092,197.200051509319,23.968562911144797,1814.5851155040004,165114.98821270064,162580.0918608124,True,True,True,False,True,166356.53594396205,166356.53594396205,191760.72756101805,176599.75702291596,TSL,0.001,7070.1527776183875,166.35653594396206,0.15,0.5064187118210434,870.6737917110823,16.685560555179393,853.988231155903,47350.005330119886,48203.99356127579,0.0,12
2023-03-20 20:41:59.523330,2023-03-20 21:41:59.523330,2023-03-21 00:41:59.523330,-1,MOMENTUM,GREEN,DOWN,17.88198288252022,-78.37792008192082,37.09488788342458,1466.032506441044,171300.5904803483,178901.50153597543,True,True,True,False,True,159393.36843951978,159393.36843951978,138868.91334934515,155523.03754094167,TSL,0.001,6774.2181586795905,159.39336843951978,0.15,0.0,328.9781263791388,15.987154854483833,312.990971524655,48203.99356127579,48516.984532800445,0.0,4
2023-03-21 21:41:59.523330,2023-03-21 22:41:59.523330,2023-03-22 05:41:59.523330,-1,REVERSAL,RED,DOWN,50.90226311123989,675.7200172589467,14.011175927940508,1432.3904535142985,163158.83664728663,174716.77107712292,True,True,True,True,True,158759.6594846945,158759.6594846945,138706.19313549434,157279.93125749272,TSL,0.001,6747.285528099516,158.7596594846945,0.15,0.0,125.77689931215224,15.92359384631486,109.85330546583737,48516.984532800445,48626.837838266285,0.0,8
2023-03-22 20:41:59.523330,2023-03-22 21:41:59.523330,2023-03-23 01:41:59.523330,-1,MOMENTUM,RED,DOWN,35.644626288697424,-59.254469061096756,28.26983609727278,1497.154907854595,161666.15615859636,171673.4073038734,True,True,True,False,True,159895.6842122613,162454.01515965746,138935.51550229697,162454.01515965746,SL,0.001,6795.566579021105,159.8956842122613,0.15,0.0,-217.45813052867453,16.03753712648981,-233.49566765516437,48626.837838266285,48393.34217061112,0.48017859691345166,5
2023-04-08 10:41:59.523330,2023-04-08 11:41:59.523330,2023-04-08 15:41:59.523330,-1,MOMENTUM,RED,DOWN,36.1738188586987,-39.60990655962269,17.350537674650496,2070.4313291926396,173679.6119539232,179303.87174396295,True,True,True,False,True,168785.4249500655,171485.99174926654,139799.38634136855,171485.99174926654,SL,0.001,7173.380560377784,168.7854249500655,0.15,0.48017859691345166,-229.54817793208858,16.92917812249157,-246.47735605458016,48393.34217061112,48146.86481455654,0.9870537444901212,5
2023-04-11 14:41:59.523330,2023-04-11 15:41:59.523330,2023-04-11 23:41:59.523330,-1,MOMENTUM,GREEN,DOWN,27.581207474293365,-153.34597507364356,22.122196765859467,1538.3035018744351,173520.9133399182,176959.98076301647,True,True,True,False,True,169554.41445822892,172267.28508956058,148018.16543198682,172267.28508956058,SL,0.001,7206.062614474728,169.5544144582289,0.15,0.9870537444901212,-230.59400366319156,17.006307770160358,-247.6003114333519,48146.86481455654,47899.26450312319,1.4962382245849892,9
2023-04-21 03:41:59.523330,2023-04-21 04:41:59.523330,2023-04-21 08:41:59.523330,-1,REVERSAL,RED,DOWN,37.6127652242433,559.7497065712435,24.04427598416919,1770.1450655648518,167122.7971753437,172647.91257315155,True,True,True,True,True,160599.92473141162,160599.92473141162,135817.8938135037,157131.0866589651,TSL,0.001,6825.496801084993,160.59992473141162,0.15,1.4962382245849892,294.85123615795453,16.108172450560588,278.74306370739396,47899.26450312319,48178.00756683058,0.9230093738123017,5
2023-04-22 06:41:59.523330,2023-04-22 07:41:59.523330,2023-04-22 10:41:59.523330,-1,MOMENTUM,GREEN,DOWN,31.36221493354053,-189.301362747251,17.32000372709009,1890.25085828061,160253.82073782117,168696.70450035974,True,True,True,False,True,151039.70994066782,151039.70994066782,124576.19792473927,148774.48853786147,TSL,0.001,6419.187672478382,151.03970994066782,0.15,0.9230093738123017,192.54381923853944,15.149282907048983,177.39453633149046,48178.00756683058,48355.40210316207,0.5582014936011522,4
2023-04-25 06:41:59.523330,2023-04-25 07:41:59.523330,2023-04-25 18:41:59.523330,-1,MOMENTUM,GREEN,DOWN,36.04221537113284,-68.05029817294098,13.64571673959647,841.612650669636,148770.5251818676,158270.44840700956,True,True,True,False,True,147924.61940868935,150291.4133192284,136142.04229931446,150291.4133192284,SL,0.001,6286.796324869298,147.92461940868935,0.15,0.5582014936011522,-201.17748239581837,14.836839326691543,-216.0143217225099,48355.40210316207,48139.38778143956,1.0024300951832246,12
2023-04-26 00:41:59.523330,2023-04-26 01:41:59.523330,2023-04-26 03:41:59.523330,-1,MOMENTUM,RED,DOWN,30.62525790884783,-231.37023172421084,20.810149657472618,1344.4932839128228,148969.19597250316,156656.01959753546,True,True,True,False,True,145977.6569167869,148313.29942745547,127154.75094200738,148313.29942745547,SL,0.001,6204.050418963443,145.97765691678688,0.15,1.0024300951832246,-198.52961340682918,14.641558988753724,-213.17117239558291,48139.38778143956,47926.21660904398,1.4408118240231553,3
2023-04-26 07:41:59.523330,2023-04-26 08:41:59.523330,2023-04-26 19:41:59.523330,-1,REVERSAL,RED,DOWN,46.92391225086288,66.63257997888797,17.743504349961228,1388.883470999341,149038.4682133562,156349.791236372,True,True,True,True,True,148881.0808458437,148881.0808458437,129436.71225185294,140363.21012520473,TSL,0.001,6327.445935948358,148.8810808458437,0.15,1.4408118240231553,724.0190112543135,14.932772408838126,709.0862388454752,47926.21660904398,48635.302847889456,0.0,12
2023-04-27 15:41:59.523330,2023-04-27 16:41:59.523330,2023-04-27 17:41:59.523330,-1,REVERSAL,RED,DOWN,49.11405606897746,514.8842866390214,19.96743466030217,1525.674756928834,144071.38358146694,152464.69016073985,True,True,True,True,True,140911.9940367139,143166.58594130134,119552.54743971024,143166.58594130134,SL,0.001,5988.759746560341,140.9119940367139,0.15,0.0,-191.64031188993175,14.133473001882404,-205.77378489181416,48635.302847889456,48429.529062997644,0.4230955146622285,2
2023-04-27 21:41:59.523330,2023-04-27 22:41:59.523330,2023-04-28 00:41:59.523330,-1,REVERSAL,RED,DOWN,65.48086368519847,834.3784377039242,24.85311682573552,1439.2632269411754,144330.801537864,151904.71543770918,True,True,True,True,True,145206.9350821735,145206.9350821735,125057.24990499704,143753.59492176512,TSL,0.001,6171.2947409923745,145.20693508217352,0.15,0.4230955146622285,123.53391363471209,14.564255588742004,108.96965804597008,48429.529062997644,48538.498721043616,0.19904086368825996,3
2023-04-28 07:41:59.523330,2023-04-28 08:41:59.523330,2023-04-28 11:41:59.523330,-1,REVERSAL,RED,DOWN,60.74751651617076,389.0361828769735,23.91718081497125,1412.8023319590122,144906.9620254923,151503.7098665,True,True,True,True,True,148260.90244242075,148260.90244242075,128481.66979499458,145815.7595621858,TSL,0.001,6301.088353802882,148.26090244242076,0.15,0.19904086368825996,207.83714481997117,14.870568514974801,192.96657630499635,48538.498721043616,48731.465297348615,0.0,4
2023-04-29 22:41:59.523330,2023-04-29 23:41:59.523330,2023-04-30 01:41:59.523330,-1,REVERSAL,RED,DOWN,58.94669660972819,483.7694063276281,27.62303442834657,1383.5252055228252,144103.36792159046,148961.10966718537,True,True,True,True,True,148038.6012522612,148038.6012522612,128669.24837494164,145429.81371620283,TSL,0.001,6291.640553221101,148.0386012522612,0.15,0.0,221.74694056496156,14.8482717056018,206.89866885935976,48731.465297348615,48938.36396620797,0.0,3
2023-05-03 03:41:59.523330,2023-05-03 04:41:59.523330,2023-05-03 09:41:59.523330,-1,MOMENTUM,GREEN,DOWN,39.599625299727975,-11.12322511680577,19.879981983659537,1519.7486984624168,144314.05428758627,146469.81489598527,True,True,True,False,True,142193.88438138444,144468.9865314866,120917.40260291062,144468.9865314866,SL,0.001,6043.240086208839,142.19388438138444,0.15,0.0,-193.38368275868243,14.26204660345286,-207.64572936213528,48938.36396620797,48730.71823684584,0.4243005129994025,6
2023-05-04 01:41:59.523330,2023-05-04 02:41:59.523330,2023-05-04 10:41:59.523330,1,MOMENTUM,GREEN,UP,63.41956455683441,2.396352709087296,22.069615641400485,1374.217420219833,147233.9381015336,147077.44083421232,True,False,True,False,True,152015.12524619733,152015.12524619733,171254.169129275,152015.12524619733,SL,0.001,6460.642822963387,152.01512524619733,0.15,0.4243005129994025,0.0,15.247117062193594,-15.247117062193594,48730.71823684584,48715.471119783644,0.4554562685794665,9
2023-05-07 21:41:59.523330,2023-05-07 22:41:59.523330,2023-05-08 04:41:59.523330,-1,REVERSAL,RED,DOWN,56.55151391182255,358.3212544092048,22.610464350956015,1380.8364071907044,140599.26841784088,143782.426042396,True,True,True,True,True,142887.03923078493,145173.2318584775,123555.32953011506,145173.2318584775,SL,0.001,6072.699167308359,142.88703923078492,0.15,0.4554562685794665,-194.32637335386812,14.331570034847728,-208.65794338871586,48715.471119783644,48506.81317639493,0.8818251262159724,7
2023-05-08 11:41:59.523330,2023-05-08 12:41:59.523330,2023-05-08 15:41:59.523330,-1,MOMENTUM,GREEN,DOWN,38.20768989700113,-192.04714210717043,26.372404560868674,1529.497852478154,142112.70175613186,143737.74136167407,True,True,True,False,True,140879.5683564882,140879.5683564882,119466.59842179404,137388.1646145025,TSL,0.001,5987.381655150748,140.8795683564882,0.15,0.8818251262159724,296.7693180687849,14.130220706155768,282.6390973626291,48506.81317639493,48789.45227375755,0.3042841655949991,4
2023-05-11 10:41:59.523330,2023-05-11 11:41:59.523330,2023-05-11 13:41:59.523330,-1,MOMENTUM,GREEN,DOWN,22.085292539553237,-95.54190383651985,38.929168042279976,1380.8749575638865,144695.76257265746,144360.801585043,True,True,True,False,True,138010.94386110004,138010.94386110004,118678.69445520562,136698.92231491138,TSL,0.001,5865.465114096752,138.01094386110003,0.15,0.3042841655949991,111.52183142603565,13.842497669268333,97.6793337567673,48789.45227375755,48887.13160751432,0.10468751821991959,3
2023-05-12 07:41:59.523330,2023-05-12 08:41:59.523330,2023-05-12 15:41:59.523330,-1,MOMENTUM,GREEN,DOWN,26.227736867863328,-63.55728961903378,26.500562129417165,1100.3121411838174,140086.76740046075,142937.37795033638,True,True,True,False,True,133373.29139253017,133373.29139253017,117968.92141595672,129248.63477695506,TSL,0.001,5668.3648841825325,133.37329139253018,0.15,0.10468751821991959,350.59581232388405,13.377341126670778,337.21847119721326,48887.13160751432,49224.35007871153,0.0,8
2023-05-14 09:41:59.523330,2023-05-14 10:41:59.523330,2023-05-14 13:41:59.523330,-1,REVERSAL,RED,DOWN,52.86443924837429,456.29024447338804,31.0992377906947,1048.8493007495124,130291.16336254215,137061.73840077844,True,True,True,True,True,131405.63470051158,131405.63470051158,116721.7444900184,130399.14006404541,TSL,0.001,5584.739474771743,131.4056347005116,0.15,0.0,85.55204409962477,13.179985160461316,72.37205893916345,49224.35007871153,49296.7221376507,0.0,4
2023-05-14 15:41:59.523330,2023-05-14 16:41:59.523330,2023-05-14 18:41:59.523330,-1,REVERSAL,RED,DOWN,51.650915283865416,-8.222797156818842,19.79636343199224,998.0464252512428,130446.37108914077,136823.1467502387,True,True,True,True,True,132281.06378419275,134397.56080473983,118308.41383067536,134397.56080473983,SL,0.001,5621.945210828192,132.28106378419275,0.15,0.0,-179.90224674650133,13.267790697554535,-193.17003744405585,49296.7221376507,49103.552100206645,0.39185168722713165,3
2023-05-15 11:41:59.523330,2023-05-15 12:41:59.523330,2023-05-16 04:41:59.523330,1,MOMENTUM,RED,UP,69.22400774103235,52.95120887288931,17.534355416648573,1448.1370783672976,133215.67960882396,136581.63483640636,True,True,True,False,True,139908.83326641214,139908.83326641214,160182.75236355432,141990.92867984794,TSL,0.001,5946.125413822516,139.90883326641213,0.15,0.39185168722713165,176.9781101420433,14.032855976621137,162.94525416542217,49103.552100206645,49266.49735437207,0.06131195334698787,17
2023-05-17 03:41:59.523330,2023-05-17 04:41:59.523330,2023-05-17 06:41:59.523330,1,REVERSAL,GREEN,UP,34.924595810341245,-688.9689781259339,26.108929623285498,1187.270696314552,139384.8990303851,137869.5803295187,True,True,True,True,True,138061.42963454922,138061.42963454922,154683.21938295296,139461.96189989665,TSL,0.001,5867.610759468343,138.06142963454923,0.15,0.06131195334698787,119.04524255453143,13.847561392345288,105.19768116218614,49266.49735437207,49371.695035534256,0.0,3
2023-05-21 14:41:59.523330,2023-05-21 15:41:59.523330,2023-05-21 17:41:59.523330,-1,REVERSAL,RED,DOWN,56.780881678525844,356.7124983168044,28.43927517896482,1576.1073272228039,129892.18501039474,133391.11558374888,True,True,True,True,True,131590.65259134697,133696.10303280852,109525.15001022772,133696.10303280852,SL,0.001,5592.602735132246,131.59065259134698,0.15,0.0,-178.96328752423184,13.198542454912104,-192.16182997914396,49371.695035534256,49179.53320555511,0.3892145688756278,3
2023-05-23 00:41:59.523330,2023-05-23 01:41:59.523330,2023-05-23 07:41:59.523330,-1,MOMENTUM,GREEN,DOWN,36.62736714862011,-111.24404509156113,15.77338184294948,1573.0460600646943,129924.14281644482,132204.28396661323,True,True,True,False,True,126679.23019352548,126679.23019352548,104656.58535261976,125529.54890646783,TSL,0.001,5383.867283224833,126.67923019352548,0.15,0.3892145688756278,97.72290939990059,12.705926788410606,85.01698261148998,49179.53320555511,49264.5501881666,0.2170167487475203,7
2023-05-24 03:41:59.523330,2023-05-24 04:41:59.523330,2023-05-24 08:41:59.523330,-1,MOMENTUM,RED,DOWN,46.24719306513913,-30.128607333400282,15.007431132661543,1240.7904319236322,129504.99042548885,131745.30795659535,True,True,True,False,True,129588.92333726368,129588.92333726368,112217.85729033283,129588.92333726368,SL,0.001,5507.529241833707,129.58892333726368,0.15,0.2170167487475203,-0.0,12.997769010727547,-12.997769010727547,49264.5501881666,49251.55241915587,0.24334310639307272,5
2023-05-25 13:41:59.523330,2023-05-25 14:41:59.523330,2023-05-25 16:41:59.523330,1,MOMENTUM,GREEN,UP,77.4641014263039,182.55870646081848,28.994997222958148,1720.736731535857,137209.93368939604,134291.5619347189,True,True,True,False,True,146016.373276347,146016.373276347,170106.687517849,146997.52564615803,TSL,0.001,6205.695864244747,146.016373276347,0.15,0.24334310639307272,83.39795143393712,14.645442239617605,68.75250919431952,49251.55241915587,49320.30492835019,0.10408819698630858,3
2023-05-26 09:41:59.523330,2023-05-26 10:41:59.523330,2023-05-26 15:41:59.523330,1,MOMENTUM,RED,UP,66.20503844252428,41.77334829012966,18.964041707923265,1251.2064726955534,140902.59906422553,135915.66127453413,True,True,True,False,True,146287.62156850603,143947.01962340993,163804.51218624378,143947.01962340993,SL,0.001,6217.223916661506,146.28762156850604,0.15,0.10408819698630858,-198.95116533316877,14.672648443321156,-213.62381377648995,49320.30492835019,49106.6811145737,0.5367729845406699,6
2023-05-26 18:41:59.523330,2023-05-26 19:41:59.523330,2023-05-26 23:41:59.523330,1,REVERSAL,GREEN,UP,54.63409546452251,-290.5017509295574,16.792402515962117,1403.6999458985006,141793.72096893645,136496.7121504564,True,True,True,True,True,143118.42789352103,143118.42789352103,162770.22713610003,146943.80680662187,TSL,0.001,6082.533185474645,143.11842789352104,0.15,0.5367729845406699,325.15720761357125,14.35477831772016,310.8024292958511,49106.6811145737,49417.48354386955,0.0,5
2023-05-28 02:41:59.523330,2023-05-28 03:41:59.523330,2023-05-28 07:41:59.523330,1,MOMENTUM,GREEN,UP,67.78586498417413,25.67992165595615,23.55570631043887,1693.8382150035745,147155.51371392052,139923.47822102104,True,True,True,False,True,153084.0046945986,153084.0046945986,176797.73970464864,157405.3237283086,TSL,0.001,6506.070199520441,153.0840046945986,0.15,0.0,367.31211786534953,15.35432567086824,351.9577921944813,49417.48354386955,49769.44133606403,0.0,5
2023-05-30 20:41:59.523330,2023-05-30 21:41:59.523330,2023-05-30 22:41:59.523330,1,REVERSAL,GREEN,UP,51.081465644001455,-632.3297518263589,20.067255414076545,1498.8676262867357,172493.66344549536,155965.3628562745,True,True,True,True,True,173984.50857442187,171200.75643723112,194968.65534243616,171200.75643723112,SL,0.001,7394.34161441293,173.98450857442188,0.15,0.0,-236.6189316612137,17.450646210014515,-254.0695778712282,49769.44133606403,49515.37175819281,0.5104931280133153,2
2023-10-14 18:41:59.523330,2023-10-14 19:41:59.523330,2023-10-15 00:41:59.523330,-1,REVERSAL,RED,DOWN,55.1580234931105,300.1684582294921,23.288844140631863,1572.260166032052,171419.1927626173,189903.43980828937,True,True,True,True,True,172405.78918167428,172405.78918167428,150394.14685722554,170539.49539463696,TSL,0.001,7327.246040221157,172.4057891816743,0.15,0.5104931280133153,158.63497189817164,17.29230065492193,141.34267124324973,49515.37175819281,49656.714429436055,0.22649823586886933,6
2023-10-15 03:41:59.523330,2023-10-15 04:41:59.523330,2023-10-15 13:41:59.523330,-1,REVERSAL,RED,DOWN,55.91880345177581,20.189844286267544,17.59258231126948,1343.4706562728343,171550.66193286728,188473.04326388476,True,True,True,True,True,172293.72005315544,172293.72005315544,153485.13086533576,167842.63240023737,TSL,0.001,7322.483102259107,172.29372005315545,0.15,0.22649823586886933,378.3424504980358,17.281060121331492,361.0613903767043,49656.714429436055,50017.775819812756,0.0,10
2023-10-16 18:41:59.523330,2023-10-16 19:41:59.523330,2023-10-17 03:41:59.523330,-1,MOMENTUM,RED,DOWN,37.31463595372169,-4.036327845225479,13.092260598612757,1681.8687554528842,168841.92348128502,181702.415366324,True,False,True,False,True,164997.72520001963,164997.72520001963,141451.56262367926,160043.1771607211,TSL,0.001,7012.403321000835,164.99772520001963,0.15,0.0,421.1365833403754,16.54927183756197,404.58731150281346,50017.775819812756,50422.36313131557,0.0,9
2023-10-17 23:41:59.523330,2023-10-18 00:41:59.523330,2023-10-18 11:41:59.523330,-1,REVERSAL,RED,DOWN,57.743663187573446,965.7860863035114,24.69098296061439,1990.4618560417143,162479.04347891864,176220.170557012,True,True,True,True,True,162835.84509207026,162835.84509207026,134969.37910748625,161215.4335107381,TSL,0.001,6920.523416412986,162.83584509207026,0.15,0.0,137.73498441323318,16.332435262734645,121.40254915049854,50422.36313131557,50543.76568046607,0.0,12
2023-10-18 13:41:59.523330,2023-10-18 14:41:59.523330,2023-10-19 01:41:59.523330,-1,MOMENTUM,GREEN,DOWN,40.326849333276726,-89.16731225946927,14.479442474315514,1363.5784400296218,162313.1004306635,174088.01638413992,True,True,True,False,True,158960.03919170107,158960.03919170107,139869.94103128638,148446.22367015833,TSL,0.001,6755.8016656472955,158.96003919170107,0.15,0.0,893.674319331133,15.943691930927617,877.7306274002054,50543.76568046607,51421.49630786628,0.0,12
2023-10-19 23:41:59.523330,2023-10-20 00:41:59.523330,2023-10-20 02:41:59.523330,-1,MOMENTUM,GREEN,DOWN,29.986473695389066,-160.74939077516115,21.610633649695288,1634.2513711658826,154544.3405906152,167928.0410027032,True,True,True,False,True,147083.60960368687,149436.94735734587,124204.0904073645,149436.94735734587,SL,0.001,6251.053408156692,147.08360960368688,0.15,0.0,-200.0337090610148,14.752486043249796,-214.7861951042646,51421.49630786628,51206.71011276201,0.41769728717794596,3
2023-10-20 13:41:59.523330,2023-10-20 14:41:59.523330,2023-10-20 16:41:59.523330,-1,MOMENTUM,GREEN,DOWN,30.9066809557508,-149.82203109470572,18.019319862787196,1564.446098767036,152926.24281881502,165331.3904925581,True,True,True,False,True,147176.94774209033,149531.7789059638,125274.70235935182,149531.7789059638,SL,0.001,6255.020279038839,147.17694774209033,0.15,0.41769728717794596,-200.16064892924408,14.76184785853166,-214.92249678777574,51206.71011276201,50991.78761597424,0.8356596418729733,3
2023-10-21 08:41:59.523330,2023-10-21 09:41:59.523330,2023-10-21 16:41:59.523330,-1,REVERSAL,RED,DOWN,53.20923535340461,247.9226674629668,12.857809923551994,1043.3919494614875,151710.3476155661,162715.62256651558,True,True,True,True,True,150555.63024633744,150555.63024633744,135948.1429538766,145421.28929066344,TSL,0.001,6398.614285469342,150.55563024633744,0.15,0.8356596418729733,436.4189812322907,15.100729713707645,421.31825151858305,50991.78761597424,51413.10586749282,0.01631698992814488,8
2023-10-24 13:41:59.523330,2023-10-24 14:41:59.523330,2023-10-24 15:41:59.523330,-1,MOMENTUM,GREEN,DOWN,44.634336994630836,-10.941981147511001,16.182541136255416,1314.3775181371095,142482.91343869604,151719.900226585,True,True,True,False,True,142060.504485225,144333.47255698862,123659.21923130548,144333.47255698862,SL,0.001,6037.571440622063,142.060504485225,0.15,0.01631698992814488,-193.20228609990664,14.248668599868068,-207.45095469977474,51413.10586749282,51205.65491279305,0.4197493472009481,2
2023-10-25 04:41:59.523330,2023-10-25 05:41:59.523330,2023-10-25 08:41:59.523330,-1,REVERSAL,RED,DOWN,62.903894858932844,461.6888586798839,23.595004707139008,1691.8728108833766,144523.45984572015,151323.77792174363,True,True,True,True,True,150659.82324051848,153070.38041236677,126973.6038881512,153070.38041236677,SL,0.001,6403.042487722036,150.65982324051848,0.15,0.4197493472009481,-204.89735960710402,15.111180271024004,-220.00853987812803,51205.65491279305,50985.64637291492,0.8476025908345336,4
2023-10-26 11:41:59.523330,2023-10-26 12:41:59.523330,2023-10-26 15:41:59.523330,1,REVERSAL,GREEN,UP,39.83525236326559,-1075.3945544082871,31.16958970648915,1501.5405559961366,153323.7676877709,152876.30616704543,True,True,True,True,True,154859.53965097602,154859.53965097602,175881.10743492193,158655.63235507754,TSL,0.001,6581.530435166481,154.85953965097602,0.15,0.8476025908345336,322.6678798486295,15.532411826992897,307.13546802163665,50985.64637291492,51292.78184093656,0.2503125660892703,4
2023-10-27 02:41:59.523330,2023-10-27 03:41:59.523330,2023-10-27 06:41:59.523330,1,REVERSAL,GREEN,UP,53.55797981146475,-239.63499788112063,17.326598064928504,1900.979472293466,153826.72463266295,153188.36061079748,True,True,True,True,True,155416.94991569273,155416.94991569273,182030.66252780127,158572.30512728533,TSL,0.001,6605.220371416941,155.41694991569273,0.15,0.2503125660892703,268.20519298537096,15.588320076543983,252.616872908827,51292.78184093656,51545.39871384538,0.0,4
2023-10-27 12:41:59.523330,2023-10-27 13:41:59.523330,2023-10-27 15:41:59.523330,-1,MOMENTUM,GREEN,DOWN,37.14797943303295,-147.174649599971,15.41907104521637,1608.019978820901,154415.44410970988,153376.24673313205,True,True,True,False,True,152187.3099323364,154622.30689125377,129675.03022884377,154622.30689125377,SL,0.001,6467.960672124296,152.18730993233638,0.15,0.0,-206.97474150797777,15.26438718621334,-222.23912869419112,51545.39871384538,51323.15958515119,0.43115221579321733,3
2023-10-28 06:41:59.523330,2023-10-28 07:41:59.523330,2023-10-28 15:41:59.523330,1,MOMENTUM,GREEN,UP,66.31819588023772,26.71914134390869,18.25034390131276,1259.0055995054345,155514.173559029,153962.24161377715,True,True,True,False,True,158442.66114749492,158442.66114749492,176068.739540571,166453.96056119952,TSL,0.001,6733.8130987685345,158.44266114749493,0.15,0.43115221579321733,680.9604501648913,15.891798913093742,665.0686512517976,51323.15958515119,51988.22823640299,0.0,9
2023-10-29 13:41:59.523330,2023-10-29 14:41:59.523330,2023-10-29 22:41:59.523330,1,REVERSAL,GREEN,UP,43.904718480378826,-968.8498552596839,21.009667147694504,2016.282742685035,164336.20849479688,157777.04682877744,True,True,True,True,True,168130.18640880584,165440.10342626495,196358.14480639633,165440.10342626495,SL,0.001,7145.532922374247,168.13018640880583,0.15,0.0,-228.6570535159754,16.863457696803223,-245.52051121277862,51988.22823640299,51742.70772519021,0.4722617399006938,9
2023-10-29 23:41:59.523330,2023-10-30 00:41:59.523330,2023-10-30 03:41:59.523330,1,REVERSAL,GREEN,UP,52.34455060819323,-359.05872450760427,13.155750291765724,1641.2586760686613,165183.61549463743,158516.85340331224,True,True,True,True,True,169137.86303551155,169137.86303551155,192115.4845004728,170536.24639072246,TSL,0.001,7188.3591790092405,169.13786303551154,0.15,0.4722617399006938,118.86258519292765,16.96452766246181,101.89805753046583,51742.70772519021,51844.605782720675,0.2762595659717964,4
2023-11-01 11:41:59.523330,2023-11-01 12:41:59.523330,2023-11-01 14:41:59.523330,1,REVERSAL,GREEN,UP,38.67536908043061,-1105.810289086326,30.018231995417114,1826.730567046567,175725.84599792157,166289.80960238504,True,True,True,True,True,174210.67960050845,174210.67960050845,199784.9075391604,176004.87689341576,TSL,0.001,7403.95388302161,174.21067960050846,0.15,0.2762595659717964,152.50676989712127,17.473331163931,135.03343873319028,51844.605782720675,51979.639221453865,0.016521076483060608,3
2023-11-01 15:41:59.523330,2023-11-01 16:41:59.523330,2023-11-01 21:41:59.523330,1,REVERSAL,GREEN,UP,38.05204974453833,-722.195457884792,26.265937635292143,2001.1809833257919,175503.6822671716,166556.25967402608,True,True,True,True,True,174555.12598982363,174555.12598982363,202571.65975638473,178101.29500768398,TSL,0.001,7418.592854567504,174.55512598982364,0.15,0.016521076483060608,301.42436651812943,17.507879136779312,283.91648738135007,51979.639221453865,52263.555708835214,0.0,6
2023-11-02 14:41:59.523330,2023-11-02 15:41:59.523330,2023-11-02 17:41:59.523330,1,MOMENTUM,RED,UP,59.31469177446656,93.85246249839346,16.724769276988987,1547.4768144647983,176494.94383243384,168988.66022253982,True,True,True,False,True,178523.6470391421,178523.6470391421,200188.32244164927,181977.4614927412,TSL,0.001,7587.25499916354,178.5236470391421,0.15,0.0,293.57422855592364,17.905921798025954,275.6683067578977,52263.555708835214,52539.224015593114,0.0,3
2023-11-03 18:41:59.523330,2023-11-03 19:41:59.523330,2023-11-03 21:41:59.523330,1,REVERSAL,GREEN,UP,25.318019691707065,-1488.998697889564,40.19226526409245,1747.7710720271514,180486.82192252067,172302.17746394945,True,True,True,True,True,175383.4812049475,172577.34550566832,199852.2762133276,172577.34550566832,SL,0.001,7453.797951210268,175.3834812049475,0.15,0.0,-238.52153443872945,17.590963164856234,-256.11249760358567,52539.224015593114,52283.11151798953,0.4874691288313939,3
2023-11-04 22:41:59.523330,2023-11-04 23:41:59.523330,2023-11-05 02:41:59.523330,-1,MOMENTUM,RED,DOWN,34.4667369871175,-12.612682117923669,16.987881010636908,2313.5499224957166,174791.85064696317,172137.27646484243,True,True,True,False,True,169533.5966403956,172309.85654739046,137143.89772545558,172309.85654739046,SL,0.001,7205.177857216813,169.53359664039561,0.15,0.4874691288313939,-235.9820920945621,17.00421974303168,-252.98631183759377,52283.11151798953,52030.12520615193,0.9689880636419089,4
2023-11-06 07:41:59.523330,2023-11-06 08:41:59.523330,2023-11-06 13:41:59.523330,1,MOMENTUM,RED,UP,61.17297248021803,10.654300905528089,24.213822731767237,1864.4906944148197,176798.89996983728,173602.90892373925,True,True,True,False,True,180176.69710487316,180176.69710487316,206279.56682668065,183432.52223517996,TSL,0.001,7657.5096269571095,180.17669710487317,0.15,0.9689880636419089,276.7451360760776,18.07172271961878,258.67341335645875,52030.12520615193,52288.798619508394,0.47664464174498705,6
2023-11-07 00:41:59.523330,2023-11-07 01:41:59.523330,2023-11-07 08:41:59.523330,1,REVERSAL,GREEN,UP,37.13501336157369,-892.2098155504591,26.028917247763808,1675.7160525894765,178007.1672253996,174399.6273772723,True,True,True,True,True,177095.56165898553,174262.03267244177,200555.5863952382,174262.03267244177,SL,0.001,7526.561370506885,177.09556165898553,0.15,0.47664464174498705,-240.84996385622014,17.76268483439625,-258.61264869061637,52288.798619508394,52030.18597081778,0.968872407830494,8
2023-11-07 15:41:59.523330,2023-11-07 16:41:59.523330,2023-11-07 18:41:59.523330,1,MOMENTUM,GREEN,UP,59.16682960069648,214.48264225234743,21.95010569034507,1980.4598530768822,176502.2652601959,174510.30863089478,True,True,True,False,True,176698.60967211003,173871.43191735627,204425.04761518637,173871.43191735627,SL,0.001,7509.690911064676,176.69860967211002,0.15,0.968872407830494,-240.31010915406995,17.722870550112635,-258.0329797041826,52030.18597081778,51772.152991113595,1.4599968668206065,3
2023-11-10 05:41:59.523330,2023-11-10 06:41:59.523330,2023-11-10 12:41:59.523330,-1,MOMENTUM,GREEN,DOWN,36.02741745410715,-121.22193241789,23.143180651961575,1680.2108675181646,164661.80391184313,170285.12647208493,True,True,True,False,True,159506.30491498593,159506.30491498593,135983.35276973163,157436.59224330075,TSL,0.001,6779.017958886901,159.50630491498592,0.15,1.4599968668206065,175.92557709324015,15.998482382973089,159.92709471026708,51772.152991113595,51932.080085823865,1.1556012505800513,7
2023-11-13 00:41:59.523330,2023-11-13 01:41:59.523330,2023-11-13 07:41:59.523330,-1,REVERSAL,RED,DOWN,51.22672191688103,510.70470341002806,21.477597380954425,1639.0966877365686,167151.93334321384,169387.98009703914,True,True,True,True,True,164547.06608019327,164547.06608019327,141599.71245188132,161926.0063612069,TSL,0.001,6993.250308408215,164.54706608019328,0.15,1.1556012505800513,222.7900761138408,16.504070727843388,206.2860053859974,51932.080085823865,52138.366091209864,0.7629688711509699,7
2023-11-13 12:41:59.523330,2023-11-13 13:41:59.523330,2023-11-13 19:41:59.523330,-1,REVERSAL,RED,DOWN,56.552710112900094,546.4087723044431,18.578116601981264,1609.153244776955,166550.9202609477,169141.59588960948,True,True,True,True,True,166550.4230403104,166550.4230403104,144022.27761343302,164951.64071885808,TSL,0.001,7078.392979213191,166.5504230403104,0.15,0.7629688711509699,135.89649732344623,16.705007430943134,119.19148989250309,52138.366091209864,52257.55758110237,0.536106955837703,7
2023-11-14 17:41:59.523330,2023-11-14 18:41:59.523330,2023-11-14 23:41:59.523330,1,REVERSAL,GREEN,UP,49.150930668427236,-654.9589843374627,25.574929534319356,1664.6526509252376,169591.58856169836,169610.67173307162,True,True,True,True,True,170386.1264521977,170386.1264521977,193691.26356515102,175505.5187860897,TSL,0.001,7241.4103742184025,170.38612645219771,0.15,0.536106955837703,435.14834838082,17.089728483155433,418.0586198976645,52257.55758110237,52675.61620100003,0.0,6
2023-11-16 19:41:59.523330,2023-11-16 20:41:59.523330,2023-11-17 00:41:59.523330,1,REVERSAL,GREEN,UP,30.734032710655,-951.4130300812453,30.735421823315907,1767.9865952501827,178315.59919722093,173354.78972600275,True,True,True,True,True,174571.9237621813,171778.7729819864,199323.73609568388,171778.7729819864,SL,0.001,7419.3067598927055,174.5719237621813,0.15,0.0,-237.41781631656693,17.509563953346788,-254.92738026991373,52675.61620100003,52420.688820730116,0.4839570918300477,5
2023-11-20 01:41:59.523330,2023-11-20 02:41:59.523330,2023-11-20 04:41:59.523330,1,MOMENTUM,RED,UP,57.518665974588046,88.86159779281707,29.742176423840778,1763.285545297885,184038.0172479081,178690.998197993,True,True,True,False,True,182863.71802195415,182863.71802195415,207549.71565612452,184486.512384168,TSL,0.001,7771.708015933052,182.86371802195416,0.15,0.4839570918300477,137.93752078817647,18.341230917602005,119.59628987057448,52420.688820730116,52540.28511060069,0.2569141097143376,3
2023-11-21 04:41:59.523330,2023-11-21 05:41:59.523330,2023-11-21 13:41:59.523330,-1,MOMENTUM,RED,DOWN,24.52386333723024,-34.30107894113917,37.07463465728273,1951.450665390434,175602.1347743419,176587.40460232014,True,True,True,False,True,163883.35564297455,163883.35564297455,136563.04632750846,160109.84713108643,TSL,0.001,6965.042614826419,163.88335564297455,0.15,0.2569141097143376,320.7482235104907,16.43750057099035,304.31072293950035,52540.28511060069,52844.595833540196,0.0,9
2023-11-22 01:41:59.523330,2023-11-22 02:41:59.523330,2023-11-22 04:41:59.523330,-1,MOMENTUM,RED,DOWN,27.814860446769615,-35.33427981625573,30.458519846109134,1441.0140998146942,167372.51028905186,173522.41283486594,True,True,True,False,True,157521.15796285175,157521.15796285175,137346.96056544603,156753.80725388625,TSL,0.001,6694.649213421199,157.52115796285176,0.15,0.0,65.22481026206776,15.79937214367403,49.42543811839373,52844.595833540196,52894.02127165859,0.0,3
2023-11-23 02:41:59.523330,2023-11-23 03:41:59.523330,2023-11-23 07:41:59.523330,-1,MOMENTUM,RED,DOWN,37.32159444569921,-105.19569222530345,21.31856876277074,1658.2493207159876,164721.2993041838,171427.72639912026,True,True,True,False,True,162501.7256945707,162501.7256945707,139286.23520454686,162501.7256945707,SL,0.001,6906.323342019255,162.5017256945707,0.15,0.0,-0.0,16.29892308716544,-16.29892308716544,52894.02127165859,52877.72234857142,0.030814301305356194,5
2023-11-24 19:41:59.523330,2023-11-24 20:41:59.523330,2023-11-25 01:41:59.523330,1,REVERSAL,GREEN,UP,35.6668316718188,-1088.1061912228024,30.963279528519326,1364.8652424269728,173177.2214974216,172435.8371904599,True,True,True,True,True,175149.5084699621,175149.5084699621,194257.62186393974,181654.90758337415,TSL,0.001,7443.85410997339,175.14950846996211,0.15,0.030814301305356194,552.9589246400238,17.5674956995372,535.3914289404867,52877.72234857142,53413.113777511906,0.0,6
2023-11-26 15:41:59.523330,2023-11-26 16:41:59.523330,2023-11-27 09:41:59.523330,1,MOMENTUM,RED,UP,60.47244643335983,16.361695939199763,13.439464972100264,2474.1325581607607,181930.29728302208,176505.31255847058,True,True,True,False,True,188001.8740913877,188001.8740913877,222639.72990563835,194059.83251073284,TSL,0.001,7990.079648883977,188.0018740913877,0.15,0.0,514.9264656443373,18.85658797136619,496.0698776729712,53413.113777511906,53909.183655184876,0.0,18
2023-11-29 14:41:59.523330,2023-11-29 15:41:59.523330,2023-11-29 18:41:59.523330,-1,REVERSAL,RED,DOWN,41.48297081097902,729.3794328814201,25.522752374420428,1897.2877483643024,173518.3373737324,176786.54787073273,True,True,True,True,True,165356.57805063133,165356.57805063133,138794.54957353108,163353.5242594664,TSL,0.001,7027.6545671518315,165.35657805063133,0.15,0.0,170.2595722490203,16.585264778478322,153.67430747054195,53909.183655184876,54062.85796265542,0.0,4
2023-11-30 11:41:59.523330,2023-11-30 12:41:59.523330,2023-11-30 17:41:59.523330,-1,MOMENTUM,RED,DOWN,29.150092765994472,-28.578413094558982,19.70467231123083,1578.4497450681783,168049.6711913871,174385.8191233579,True,True,True,False,True,160239.93888378312,160239.93888378312,138141.64245282862,156758.52847082922,TSL,0.001,6810.197402560782,160.2399388837831,0.15,0.0,295.9198851010819,16.072065870043446,279.84781923103844,54062.85796265542,54342.705781886456,0.0,6
2023-12-01 09:41:59.523330,2023-12-01 10:41:59.523330,2023-12-01 14:41:59.523330,-1,REVERSAL,RED,DOWN,71.63388396221777,1414.2116626036845,40.902576508760255,1681.1716364214703,163424.80140248858,171563.94730851296,True,True,True,True,True,166293.24593753624,168953.93787253683,142756.84302763565,168953.93787253683,SL,0.001,7067.4629523452895,166.29324593753623,0.15,0.0,-226.15881447505032,16.679212567534883,-242.8380270425852,54342.705781886456,54099.86775484387,0.4468640704370798,5
2023-12-01 16:41:59.523330,2023-12-01 17:41:59.523330,2023-12-01 20:41:59.523330,-1,REVERSAL,RED,DOWN,69.09573412075383,730.6059395512157,42.39205024115965,1681.837993991687,164448.72204830355,171189.79743862376,True,True,True,True,True,168949.3312410389,168949.3312410389,145403.59932515526,166832.38261328192,TSL,0.001,7180.3465777441525,168.9493312410389,0.15,0.4468640704370798,179.94063335934217,16.945617923476203,162.99501543586595,54099.86775484387,54262.86277027974,0.14692498368995607,4
2023-12-01 22:41:59.523330,2023-12-01 23:41:59.523330,2023-12-02 04:41:59.523330,-1,MOMENTUM,RED,DOWN,47.923650923934204,-125.25761074192656,23.80265373222183,1300.0139406550013,165038.91642691588,170968.84186688732,True,True,True,False,True,165927.13719991778,165927.13719991778,147726.94203074777,159341.04458702067,TSL,0.001,7051.903330996505,165.92713719991778,0.15,0.14692498368995607,559.8178720962538,16.642491861151754,543.1753802351021,54262.86277027974,54806.03815051484,0.0,6
2023-12-03 21:41:59.523330,2023-12-03 22:41:59.523330,2023-12-03 23:41:59.523330,-1,MOMENTUM,RED,DOWN,41.41307048089184,-4.371981642687388,22.183285625474415,1473.7814530997634,162666.6862452292,167673.46660356512,True,False,True,False,True,162529.71116984665,165130.1865485642,141896.77082644997,165130.1865485642,SL,0.001,6907.512724718483,162.52971116984665,0.15,0.0,-221.0404071909924,16.30173003033562,-237.34213722132802,54806.03815051484,54568.69601329351,0.43305837318419166,2
2023-12-04 10:41:59.523330,2023-12-04 11:41:59.523330,2023-12-04 13:41:59.523330,-1,MOMENTUM,RED,DOWN,46.56222267038459,-36.58008426030824,23.722105453427023,1632.1170632026312,165221.34916509694,167787.0981168,True,True,True,False,True,166192.5061017472,166192.5061017472,143342.86721691035,163868.27596415492,TSL,0.001,7063.181509324256,166.1925061017472,0.15,0.43305837318419166,197.55956169534284,16.669108362005243,180.89045333333758,54568.69601329351,54749.58646662685,0.10300267232043299,3
2023-12-06 04:41:59.523330,2023-12-06 05:41:59.523330,2023-12-06 19:41:59.523330,1,MOMENTUM,RED,UP,73.11193374731369,13.29843816074299,30.37529444344384,1577.736511112437,174679.6280115747,170616.4504537963,True,True,True,False,True,185577.36671215863,185577.36671215863,207665.67786773277,185577.36671215863,SL,0.001,7887.038085266742,185.57736671215864,0.15,0.10300267232043299,0.0,18.61340988122951,-18.61340988122951,54749.58646662685,54730.97305674562,0.13696500659848151,15
2023-12-07 22:41:59.523330,2023-12-07 23:41:59.523330,2023-12-08 01:41:59.523330,1,REVERSAL,GREEN,UP,48.89618836549455,-572.983007332301,26.24343415658774,2217.4084590760576,184248.31085536792,175456.2496395596,True,True,True,True,True,187320.17718700928,187320.17718700928,218363.89561407408,188971.92312781248,TSL,0.001,7961.1075304478945,187.32017718700928,0.15,0.13696500659848151,140.39840496827208,18.788213771857034,121.61019119641503,54730.97305674562,54852.583247942035,0.0,3
2023-12-10 08:41:59.523330,2023-12-10 09:41:59.523330,2023-12-10 13:41:59.523330,-1,REVERSAL,RED,DOWN,40.763215869089485,550.7930197242456,28.886411487481038,1601.09911187923,177972.2013684965,177013.55261777103,True,True,True,True,True,171456.876755262,171456.876755262,149041.48918895278,170097.01625012816,TSL,0.001,7286.917262098635,171.456876755262,0.15,0.0,115.58814293637624,17.197124738552777,98.39101819782346,54852.583247942035,54950.974266139856,0.0,5
2023-12-10 22:41:59.523330,2023-12-10 23:41:59.523330,2023-12-11 01:41:59.523330,-1,REVERSAL,RED,DOWN,59.15880396781404,828.464981100662,24.949054291832955,1544.7004303410226,175969.96974779066,176721.26132664052,True,True,True,True,True,175874.2471220168,178688.23507596907,154248.44109724247,178688.23507596907,SL,0.001,7474.655502685714,175.8742471220168,0.15,0.0,-239.18897608594386,17.640186986338286,-256.82916307228214,54950.974266139856,54694.145103067574,0.4673787253132227,3
2023-12-11 17:41:59.523330,2023-12-11 18:41:59.523330,2023-12-11 21:41:59.523330,1,MOMENTUM,RED,UP,64.2246842588605,66.93871145996457,19.05590653620616,1928.661570238821,177215.10269616704,177004.40176605078,True,True,True,False,True,182486.71565194608,182486.71565194608,209487.97763528957,185024.44336887627,TSL,0.001,7755.685415207709,182.4867156519461,0.15,0.4673787253132227,215.70685593906543,18.303417579890194,197.40343835917523,54694.145103067574,54891.54854142675,0.1081431685365406,4
2023-12-17 13:41:59.523330,2023-12-17 14:41:59.523330,2023-12-17 15:41:59.523330,-1,MOMENTUM,GREEN,DOWN,39.8240837179486,-16.67494880929189,21.383230044439845,1970.656220503547,197808.84044623649,193339.80732620484,True,True,True,False,True,191679.92350695204,194746.80228306327,164090.7364199024,194746.80228306327,SL,0.001,8146.396749045462,191.67992350695204,0.15,0.1081431685365406,-260.68469596945476,19.22549632774729,-279.910192297202,54891.54854142675,54611.63834912955,0.6175248419924768,2
2024-02-25 18:41:59.523330,2024-02-25 19:41:59.523330,2024-02-26 00:41:59.523330,-1,MOMENTUM,RED,DOWN,43.900319608544365,-105.1444134956198,17.595186836578364,1979.7636547763593,192010.61615048884,209007.34851536687,True,True,True,False,True,189995.08611796584,189995.08611796584,162278.3949510968,185690.66727283332,TSL,0.001,8074.7911600135485,189.99508611796585,0.15,0.6175248419924768,365.87560183626397,19.05650713763198,346.81909469863194,54611.63834912955,54958.45744382818,0.0,6
2024-02-28 22:41:59.523330,2024-02-28 23:41:59.523330,2024-02-29 03:41:59.523330,-1,REVERSAL,RED,DOWN,55.200309964188605,522.1836715893776,14.536267157252649,1430.5021821068888,166671.62990364357,187627.02160824908,True,True,True,True,True,163110.09582299244,163110.09582299244,143083.065273496,159777.0623397052,TSL,0.001,6932.179072477178,163.11009582299243,0.15,0.0,283.30784607941473,16.359942611046144,266.9479034683686,54958.45744382818,55225.405347296546,0.0,5
2024-02-29 08:41:59.523330,2024-02-29 09:41:59.523330,2024-02-29 12:41:59.523330,-1,MOMENTUM,GREEN,DOWN,42.32882116787687,-55.0327067857902,15.801796764135633,1704.6123801692495,164979.3800559853,184787.94236426943,True,True,True,False,True,162143.59665881874,164737.89420535986,138279.02333644926,164737.89420535986,SL,0.001,6891.1028579997965,162.14359665881875,0.15,0.0,-220.51529145599474,16.263002744879522,-236.77829420087429,55225.405347296546,54988.627053095675,0.4287488570013036,4
2024-02-29 16:41:59.523330,2024-02-29 17:41:59.523330,2024-02-29 23:41:59.523330,-1,MOMENTUM,RED,DOWN,32.69190747391103,-219.98233593288168,19.1918390813911,1757.2758138922495,164339.14744573415,182891.0254759406,True,True,True,False,True,160216.00299022917,160216.00299022917,135614.1415957377,158010.2238465532,TSL,0.001,6809.18012708474,160.21600299022919,0.15,0.4287488570013036,187.49122721245644,16.069665099919987,171.42156211253646,54988.627053095675,55160.04861520821,0.11834540946748706,7
2024-03-02 08:41:59.523330,2024-03-02 09:41:59.523330,2024-03-02 14:41:59.523330,-1,REVERSAL,RED,DOWN,58.510635926084646,670.184041713519,17.113437440241015,1661.3652968331019,158184.5275597833,174245.85360137947,True,True,True,True,True,157106.09712555824,157106.09712555824,133846.98296989483,154370.7714503824,TSL,0.001,6677.009127836226,157.10609712555825,0.15,0.11834540946748706,232.50268238994687,15.757741541693493,216.74494084825335,55160.04861520821,55376.79355605646,0.0,6
2024-03-02 23:41:59.523330,2024-03-03 00:41:59.523330,2024-03-03 08:41:59.523330,-1,REVERSAL,RED,DOWN,55.247769150847034,262.9690131287933,12.496997285803431,1546.469591010842,157705.29153815238,172317.90339882954,True,True,True,True,True,159646.73505097357,159646.73505097357,137996.16077682178,148967.76209062405,TSL,0.001,6784.986239666377,159.64673505097358,0.15,0.0,907.7127016297094,16.01256752561265,891.7001341040967,55376.79355605646,56268.493690160554,0.0,9
2024-03-03 21:41:59.523330,2024-03-03 22:41:59.523330,2024-03-04 00:41:59.523330,-1,REVERSAL,RED,DOWN,72.5786192184686,1193.4294090955073,39.34066907584017,1405.3777929305177,155845.5798831313,168546.17921804546,True,True,True,True,True,159332.67053877504,159332.67053877504,139657.3814377478,158427.56618515428,TSL,0.001,6771.638497897939,159.33267053877503,0.15,0.0,76.93387005776444,15.981066855039137,60.952803202725306,56268.493690160554,56329.44649336328,0.0,3
2024-03-04 08:41:59.523330,2024-03-04 09:41:59.523330,2024-03-04 11:41:59.523330,-1,MOMENTUM,RED,DOWN,30.83491780277774,-304.8131843683975,20.73182531848994,1682.78930189782,156598.87169531657,167367.15913751014,True,True,True,False,True,152863.51035012535,155309.32651572736,129304.46012355587,155309.32651572736,SL,0.001,6496.699189880327,152.86351035012535,0.15,0.0,-207.89437407617078,15.332210088117574,-223.22658416428834,56329.44649336328,56106.21990919899,0.3962875512909363,3
2024-03-05 00:41:59.523330,2024-03-05 01:41:59.523330,2024-03-05 05:41:59.523330,-1,REVERSAL,RED,DOWN,73.55176433502243,654.1941639234988,38.91803115067493,1248.588649734136,158437.90466377843,166484.94371158857,True,True,True,True,True,165649.2412941552,165649.2412941552,148169.0001978773,160563.97012988292,TSL,0.001,7040.092755001596,165.6492412941552,0.15,0.3962875512909363,432.2480489631431,16.614618901803766,415.63343006133937,56106.21990919899,56521.85333926033,0.0,5
2024-03-06 11:41:59.523330,2024-03-06 12:41:59.523330,2024-03-06 13:41:59.523330,-1,MOMENTUM,RED,DOWN,41.36731707546609,-48.53389580635081,20.533173020560707,1975.4414560388914,160789.4676108012,165049.30973275,True,True,True,False,True,158734.78734094225,161274.5439383973,131078.60695639777,161274.5439383973,SL,0.001,6746.2284619900465,158.73478734094226,0.15,0.0,-215.87931078368072,15.92109917029651,-231.8004099539772,56521.85333926033,56290.05292930635,0.4101075889402342,2
2024-03-07 16:41:59.523330,2024-03-07 17:41:59.523330,2024-03-07 20:41:59.523330,-1,MOMENTUM,RED,DOWN,25.648931037467506,-67.54245229048684,26.411234809384453,1581.7726204150756,153090.17819552653,160910.02503308485,True,True,True,False,True,144216.92662769998,146524.39745374318,122072.10994188892,146524.39745374318,SL,0.001,6129.21938167725,144.2169266277,0.15,0.4101075889402342,-196.13502021367154,14.46495774075831,-210.59997795442987,56290.05292930635,56079.45295135192,0.7827067970559832,4
2024-03-08 07:41:59.523330,2024-03-08 08:41:59.523330,2024-03-08 12:41:59.523330,-1,REVERSAL,RED,DOWN,65.56191355428408,858.5224625409586,29.728686558609247,1724.6214411063618,152542.13207640365,160091.93538787018,True,True,True,True,True,154638.27318882872,154638.27318882872,130493.57301333966,153350.09648344922,TSL,0.001,6572.126610525221,154.63827318882872,0.15,0.7827067970559832,109.49501995725791,15.510218800839523,93.9848011564184,56079.45295135192,56173.43775250834,0.6164263309992642,5
2024-03-08 17:41:59.523330,2024-03-08 18:41:59.523330,2024-03-08 21:41:59.523330,-1,REVERSAL,RED,DOWN,66.53999228417186,502.60701393830686,31.357680248040246,1528.8105125219433,153752.84071288328,159775.64869457998,True,True,True,True,True,158558.31480057258,161095.24783738173,137154.96762526536,161095.24783738173,SL,0.001,6738.728379024335,158.5583148005726,0.15,0.6164263309992642,-215.63930812877746,15.903398974497431,-231.54270710327486,56173.43775250834,55941.895045405065,1.026077985047991,4
2024-03-10 11:41:59.523330,2024-03-10 12:41:59.523330,2024-03-10 15:41:59.523330,1,MOMENTUM,GREEN,UP,63.148905782482615,50.47252171113985,15.643299188383178,1703.4709716930938,159532.4709157793,160266.14160462262,True,True,True,False,True,163367.18919712305,163367.18919712305,187215.78280082636,167552.21756995565,TSL,0.001,6943.10554087773,163.36718919712305,0.15,1.026077985047991,355.72741169077125,16.385729076471442,339.3416826142998,55941.895045405065,56281.236728019365,0.42570545200758564,4
2024-03-11 07:41:59.523330,2024-03-11 08:41:59.523330,2024-03-11 13:41:59.523330,1,REVERSAL,GREEN,UP,52.44979401111288,-295.49516647473047,13.391889056569337,1784.4109771896688,162228.72818031153,161123.61590610814,True,True,True,True,True,162895.77017825877,162895.77017825877,187877.52385891412,165182.5100826414,TSL,0.001,6923.070232575998,162.89577017825877,0.15,0.42570545200758564,194.3728918725248,16.338445748879355,178.03444612364547,56281.236728019365,56459.27117414301,0.11072206840366909,6
2024-03-11 14:41:59.523330,2024-03-11 15:41:59.523330,2024-03-11 18:41:59.523330,1,MOMENTUM,GREEN,UP,62.80140655737862,130.83109159189559,13.148730360871854,1610.8752397288467,162820.48127344667,161554.844154727,True,True,True,False,True,168458.83357395494,165763.49223677165,191011.08693015878,165763.49223677165,SL,0.001,7159.500426893084,168.45883357395493,0.15,0.11072206840366909,-229.10401366057937,16.89642100746768,-246.00043466804703,56459.27117414301,56213.27073947497,0.54595272722775,4
2024-03-12 08:41:59.523330,2024-03-12 09:41:59.523330,2024-03-12 14:41:59.523330,-1,MOMENTUM,RED,DOWN,37.19134774687049,-117.79707364784326,17.76337089585172,1837.4063107127777,162661.66046228207,161736.35803487082,True,True,True,False,True,160712.60413934314,160712.60413934314,134988.91578936426,158952.9158124429,TSL,0.001,6830.285675922083,160.71260413934314,0.15,0.54595272722775,149.57350778652065,16.119474195176117,133.45403359134454,56213.27073947497,56346.724773066315,0.30984222180904275,6
2024-03-12 18:41:59.523330,2024-03-12 19:41:59.523330,2024-03-13 03:41:59.523330,1,MOMENTUM,RED,UP,68.15433955182561,299.7870498341142,17.796699225363724,1836.032260943678,161946.65899465428,161748.17451111856,True,True,True,False,True,165028.0381233167,165028.0381233167,190732.4897765282,169210.67147066595,TSL,0.001,7013.69162024096,165.02803812331672,0.15,0.30984222180904275,355.5238345246856,16.552312223768666,338.9715223009169,56346.724773066315,56685.696295367234,0.0,9
2024-03-13 09:41:59.523330,2024-03-13 10:41:59.523330,2024-03-13 14:41:59.523330,-1,MOMENTUM,RED,DOWN,35.85105038276491,-306.4791472398326,25.473732857019897,2601.2965407826523,163583.25297306172,162216.58540157805,True,True,True,False,True,161113.91402520484,164235.469874144,124695.76245424771,164235.469874144,SL,0.001,6847.341346071206,161.11391402520485,0.15,0.0,-265.3322471598294,16.159725576728047,-281.4919727365575,56685.696295367234,56404.20432263068,0.4965837788598558,5
2024-03-13 16:41:59.523330,2024-03-13 17:41:59.523330,2024-03-14 00:41:59.523330,1,MOMENTUM,GREEN,UP,61.733303668774845,142.34535170447492,23.99735807725552,1953.725150609264,163632.03922533322,162610.90206520227,True,True,True,False,True,166328.20671230627,163666.9554049094,193680.35882083597,163666.9554049094,SL,0.001,7068.948785273016,166.32820671230627,0.15,0.4965837788598558,-226.20636112873544,16.68271913324432,-242.88908026197976,56404.20432263068,56161.3152423687,0.9250676753906102,8
2024-03-14 05:41:59.523330,2024-03-14 06:41:59.523330,2024-03-14 08:41:59.523330,1,MOMENTUM,RED,UP,63.49366242952666,58.29239816261179,16.37620385816275,1452.663263968216,164449.24492430888,162860.08171508912,True,True,True,False,True,166357.43622679907,163695.71724717028,186694.72192235407,163695.71724717028,SL,0.001,7070.191039638961,166.35743622679908,0.15,0.9250676753906102,-226.24611326844678,16.685650853547948,-242.93176412199472,56161.3152423687,55918.3834782467,1.3536268710934791,3
2024-03-16 16:41:59.523330,2024-03-16 17:41:59.523330,2024-03-16 22:41:59.523330,-1,MOMENTUM,GREEN,DOWN,30.71467191618757,-266.31378562666356,21.155515695941993,1603.258183249996,150836.52653470362,156899.6824521789,True,True,True,False,True,146477.7356084417,148821.37937817676,124032.12104294176,148821.37937817676,SL,0.001,6225.303763358772,146.4777356084417,0.15,1.3536268710934791,-199.20972042748036,14.691716881526702,-213.90143730900706,55918.3834782467,55704.48204093769,1.7309732764272918,6
2024-03-17 05:41:59.523330,2024-03-17 06:41:59.523330,2024-03-17 10:41:59.523330,-1,MOMENTUM,RED,DOWN,42.89697996099103,-59.29170618960798,20.24896359452915,1655.850708065212,150177.4524601074,156121.27230806317,True,True,True,False,True,148886.0042808214,151268.18034931453,125704.09436790843,151268.18034931453,SL,0.001,6327.65518193491,148.8860042808214,0.15,1.7309732764272918,-202.48496582191655,14.933266229366385,-217.41823205128293,55704.48204093769,55487.06380888641,2.114523706712918,5
2024-03-23 18:41:59.523330,2024-03-23 19:41:59.523330,2024-03-23 20:41:59.523330,1,REVERSAL,GREEN,UP,57.115670930616595,-65.91262257142307,25.421399131443284,1740.1607239706673,170843.55244802302,165281.89122187116,True,True,True,True,True,170649.0754807487,167918.6902730567,195011.32561633803,167918.6902730567,SL,0.001,7252.58570793182,170.6490754807487,0.15,2.114523706712918,-232.08274265381888,17.116102270719097,-249.19884492453798,55487.06380888641,55237.86496396187,2.554138744033905,2
2024-03-23 21:41:59.523330,2024-03-23 22:41:59.523330,2024-03-23 23:41:59.523330,1,REVERSAL,GREEN,UP,46.75245602292417,47.925519667438266,21.56225653701598,1806.3729110571114,170595.6377955182,165322.00732747067,True,True,True,True,True,169281.75154509366,166573.24352037217,194570.9722998932,166573.24352037217,SL,0.001,7194.474440666481,169.28175154509367,0.15,2.554138744033905,-230.22318210132698,16.978959679972895,-247.20214178129987,55237.86496396187,54990.662822180566,2.9902313704580856,2
2024-03-24 03:41:59.523330,2024-03-24 04:41:59.523330,2024-03-24 06:41:59.523330,1,MOMENTUM,GREEN,UP,55.84247903020145,94.09891904578899,20.667516656897693,1879.8607680995874,169877.3031325512,165480.22446159087,True,True,True,False,True,169375.46135014397,169375.46135014397,195693.5121035382,170398.35910545065,TSL,0.001,7198.457107381119,169.37546135014398,0.15,2.9902313704580856,86.94630920106778,16.988358773419442,69.95795042764834,54990.662822180566,55060.620772608214,2.8668176082576107,3
2024-03-26 16:41:59.523330,2024-03-26 17:41:59.523330,2024-03-26 19:41:59.523330,1,REVERSAL,GREEN,UP,33.250342670380235,-693.0608734189314,33.53384150763116,1436.4731066208205,178129.2599451608,171594.78360137375,True,True,True,True,True,174758.96493082537,171962.82149193218,194869.58842351686,171962.82149193218,SL,0.001,7427.256009560079,174.75896493082539,0.15,2.8668176082576107,-237.67219230592164,17.52832418256179,-255.20051648848343,55060.620772608214,54805.42025611973,3.317020275185669,3
2024-03-27 13:41:59.523330,2024-03-27 14:41:59.523330,2024-03-27 15:41:59.523330,-1,MOMENTUM,GREEN,DOWN,24.381778429703118,-25.382880899349402,43.96479422594125,1640.4417647084367,171707.9990001711,170522.52510663663,True,True,True,False,True,161599.6813211351,164185.27622227327,138633.496615217,164185.27622227327,SL,0.001,6867.986456148242,161.5996813211351,0.15,3.317020275185669,-219.7755665967436,16.20844803650985,-235.98401463325342,54805.42025611973,54569.43624148648,3.7333228524771758,2
2024-03-28 11:41:59.523330,2024-03-28 12:41:59.523330,2024-03-28 18:41:59.523330,1,MOMENTUM,GREEN,UP,59.18366724717921,106.0109197172317,17.859817254536214,2046.8304912096469,169915.78880735952,170259.52907851676,True,True,True,False,True,170397.64431263346,170397.64431263346,199053.2711895685,173244.04170802678,TSL,0.001,7241.899883286923,170.39764431263347,0.15,3.7333228524771758,241.9437786084319,17.090883724557138,224.85289488387474,54569.43624148648,54794.28913637035,3.3366568333949536,7
2024-04-03 21:41:59.523330,2024-04-03 22:41:59.523330,2024-04-04 03:41:59.523330,1,MOMENTUM,GREEN,UP,65.92651676663648,103.15844449412108,18.664481460353215,1729.2463070507438,178256.27671167685,174727.63757439345,True,True,True,False,True,182535.51432485547,182535.51432485547,206744.96262356587,190586.04482727044,TSL,0.001,7757.759358806358,182.53551432485548,0.15,3.3366568333949536,684.2950927052726,18.30831208678301,665.9867806184897,54794.28913637035,55460.275916988845,2.1617805874575433,6
2024-04-04 17:41:59.523330,2024-04-04 18:41:59.523330,2024-04-04 21:41:59.523330,1,MOMENTUM,GREEN,UP,69.23259140051285,186.37766536480513,24.87698261623087,2471.281022656921,184124.59091312086,177580.38725907277,True,True,True,False,True,194137.898871095,194137.898871095,228735.8331882919,197532.57261967767,TSL,0.001,8250.860702021539,194.13789887109502,0.15,2.1617805874575433,288.5472686295261,19.47203125677083,269.0752373727553,55460.275916988845,55729.3511543616,1.687101338620756,4
2024-04-06 07:41:59.523330,2024-04-06 08:41:59.523330,2024-04-06 11:41:59.523330,1,MOMENTUM,GREEN,UP,59.123403108609246,85.72828764083044,23.660332973798106,1779.32620357879,190712.8093928046,182083.67803826212,True,True,True,False,True,191960.28751966733,191960.28751966733,216870.8543697704,195654.59422478187,TSL,0.001,8158.312219585861,191.96028751966733,0.15,1.687101338620756,314.0160699347366,19.253616838222634,294.7624530965139,55729.3511543616,56024.11360745811,1.1671069266960648,4
2024-04-10 08:41:59.523330,2024-04-10 09:41:59.523330,2024-04-10 16:41:59.523330,1,REVERSAL,GREEN,UP,34.3790694727099,-865.6479621790421,25.939545550595547,2031.352536319465,202567.34507252907,194913.32248253585,True,True,True,True,True,196568.23897989545,196568.23897989545,225007.17448836798,200793.44439647044,TSL,0.001,8354.150156645557,196.56823897989545,0.15,1.1671069266960648,359.1424604088739,19.715794369683515,339.42666603919037,56024.11360745811,56363.540273497296,0.5683197754003187,8
2024-04-10 22:41:59.523330,2024-04-10 23:41:59.523330,2024-04-11 01:41:59.523330,-1,MOMENTUM,RED,DOWN,27.952920656607972,-208.18417188999433,21.062944820659016,1702.69471349867,201145.89133714978,195273.08862508243,True,True,True,False,True,195976.42596219017,195976.42596219017,172138.6999732088,193401.80546754412,TSL,0.001,8328.998103393082,195.97642596219018,0.15,0.5683197754003187,218.8427420449142,19.656435524007676,199.1863065209065,56363.540273497296,56562.7265800182,0.21693253040112026,3
2024-06-03 02:41:59.523330,2024-06-03 03:41:59.523330,2024-06-03 10:41:59.523330,-1,MOMENTUM,RED,DOWN,31.68788252148343,-174.29771206756868,21.652355542805093,2134.022400142965,196894.85899892027,215748.49877968422,True,True,True,False,True,186785.52909668628,189774.09756223325,156909.21549468476,189774.09756223325,SL,0.001,7938.384986609167,186.78552909668628,0.15,0.21693253040112026,-254.02831957149218,18.734588568397633,-272.7629081398898,56562.7265800182,56289.96367187831,0.6981172488857091,8
2024-06-04 01:41:59.523330,2024-06-04 02:41:59.523330,2024-06-04 05:41:59.523330,-1,MOMENTUM,RED,DOWN,49.75283500427332,-30.791020749284144,22.389133784634556,2512.9850117465116,196589.43349475847,211739.6446146613,True,True,True,False,True,196607.8533801633,199753.5790342459,161426.0632157121,199753.5790342459,SL,0.001,8355.833768656941,196.6078533801633,0.15,0.6981172488857091,-267.3866805970215,19.71976769403038,-287.10644829105183,56289.96367187831,56002.857223587256,1.2046055996595106,4
2024-06-08 11:41:59.523330,2024-06-08 12:41:59.523330,2024-06-08 18:41:59.523330,-1,REVERSAL,RED,DOWN,46.77850721678939,1091.1880658554774,29.23813899508897,1995.9258068035929,195486.8726672662,205291.62436185917,True,True,True,True,True,187854.58415971964,187854.58415971964,159911.62286446933,184352.19773911277,TSL,0.001,7983.819826788085,187.85458415971965,0.15,1.2046055996595106,297.7028457515838,18.841814791219882,278.8610309603639,56002.857223587256,56281.71825454762,0.7126631006076795,7
2024-06-11 05:41:59.523330,2024-06-11 06:41:59.523330,2024-06-11 08:41:59.523330,-1,REVERSAL,RED,DOWN,54.959235400513606,629.4581271154501,19.637716678363418,2106.8274583046336,194476.93621328106,199741.0603171696,True,True,True,True,True,198193.86293265305,198193.86293265305,168698.27851638818,195907.45687338445,TSL,0.001,8423.239174637754,198.19386293265305,0.15,0.7126631006076795,194.344515037831,19.878844452145103,174.46567058568587,56281.71825454762,56456.1839251333,0.40488586227826007,3
2024-06-11 11:41:59.523330,2024-06-11 12:41:59.523330,2024-06-11 18:41:59.523330,-1,MOMENTUM,RED,DOWN,42.72640484098986,-145.57987634986057,14.634142432637342,2077.557134864263,194933.62816250583,199531.72052014887,True,True,True,False,True,193894.53682839932,193894.53682839932,164808.73694029963,190628.06309890788,TSL,0.001,8240.517815206971,193.8945368283993,0.15,0.40488586227826007,277.6502670067722,19.44762204388845,258.2026449628837,56456.1839251333,56714.38657009618,0.0,7
2024-06-11 23:41:59.523330,2024-06-12 00:41:59.523330,2024-06-12 07:41:59.523330,-1,MOMENTUM,RED,DOWN,44.95285376847028,-93.44911663793073,12.818381582753602,1943.9734469385571,194890.24218216017,199059.77437226943,True,True,True,False,True,194364.45158811373,197474.28281352355,167148.82333097394,197474.28281352355,SL,0.001,8260.489192494835,194.36445158811375,0.15,0.0,-264.33565415983406,19.49475449428781,-283.83040865412187,56714.38657009618,56430.55616144206,0.5004557499768147,8
2024-06-12 16:41:59.523330,2024-06-12 17:41:59.523330,2024-06-12 23:41:59.523330,-1,REVERSAL,RED,DOWN,53.03759909458855,178.99525714629874,10.255420514471282,1997.7659945507003,195425.40526151255,198649.27819488235,True,True,True,True,True,195243.6216140108,195243.6216140108,167274.897690301,195243.6216140108,SL,0.001,8297.85391859546,195.2436216140108,0.15,0.5004557499768147,-0.0,19.582935247885285,-19.582935247885285,56430.55616144206,56410.973226194175,0.5349847935444104,7
2024-06-18 04:41:59.523330,2024-06-18 05:41:59.523330,2024-06-18 08:41:59.523330,-1,REVERSAL,RED,DOWN,51.14106517396027,406.5711365529112,12.76648543704612,1637.0982685282193,197668.06794257456,201274.01719348104,True,True,True,True,True,193960.49673574796,193960.49673574796,171041.1209763529,193960.49673574796,SL,0.001,8243.321111269288,193.96049673574797,0.15,0.5349847935444104,-0.0,19.454237822595523,-19.454237822595523,56410.973226194175,56391.51898837158,0.5692869151031997,4
2024-06-18 09:41:59.523330,2024-06-18 10:41:59.523330,2024-06-18 12:41:59.523330,-1,MOMENTUM,RED,DOWN,41.74974942888497,-44.0323069853672,13.102003996801322,1724.6845826427268,196963.40770794306,200891.30859982737,True,True,True,False,True,194133.79678129463,194133.79678129463,169988.21262429646,192048.40356546015,TSL,0.001,8250.68636320502,194.13379678129462,0.15,0.5692869151031997,177.2584233459311,19.47161981716385,157.78680352876725,56391.51898837158,56549.30579190035,0.2910739023718504,3
2024-06-19 02:41:59.523330,2024-06-19 03:41:59.523330,2024-06-19 05:41:59.523330,-1,MOMENTUM,RED,DOWN,47.20607946310596,-29.59797580062792,11.85441412439132,1981.813457280465,195620.5941180326,199834.4803098489,True,True,True,False,True,194300.618039464,194300.618039464,166555.2296375375,191821.8706825942,TSL,0.001,8257.776266677221,194.300618039464,0.15,0.2910739023718504,210.69352533393337,19.488351989358243,191.20517334457512,56549.30579190035,56740.510965244925,0.0,3
2024-06-20 06:41:59.523330,2024-06-20 07:41:59.523330,2024-06-20 08:41:59.523330,-1,MOMENTUM,RED,DOWN,43.24993916966086,-125.12607894762596,13.60422682960834,2073.8496993196163,195146.1852712848,198627.76171291881,True,True,True,False,True,195072.50756994967,198193.66769106887,166038.61177947503,198193.66769106887,SL,0.001,8290.581571722862,195.07250756994966,0.15,0.0,-265.2986102951322,19.56577250926595,-284.86438280439813,56740.510965244925,56455.646582440524,0.5020476163474938,2
2024-06-20 09:41:59.523330,2024-06-20 10:41:59.523330,2024-06-20 13:41:59.523330,1,MOMENTUM,GREEN,UP,62.37523101136382,120.1714567648122,15.071370061081234,1936.5951306982056,195419.21599145647,198523.38360180706,True,True,True,False,True,198894.47197619488,195712.16042457576,226006.80380596977,195712.16042457576,SL,0.001,8453.015058988283,198.8944719761949,0.15,0.5020476163474938,-270.49648188762495,19.949115539212347,-290.4455974268373,56455.646582440524,56165.20098501369,1.0139316168365633,4
2024-06-22 03:41:59.523330,2024-06-22 04:41:59.523330,2024-06-22 07:41:59.523330,-1,REVERSAL,RED,DOWN,53.5304447467396,1273.4983024496378,22.335541854398013,1492.607420326857,179655.23795149918,191523.28905897986,True,True,True,True,True,173959.62496154144,173959.62496154144,153063.12107696544,172526.39552281314,TSL,0.001,7393.2840608655115,173.95962496154144,0.15,1.0139316168365633,121.82450229190582,17.44815038364261,104.37635190826322,56165.20098501369,56269.57733692195,0.8299777712813174,4
2024-06-22 13:41:59.523330,2024-06-22 14:41:59.523330,2024-06-22 17:41:59.523330,-1,MOMENTUM,RED,DOWN,20.743095499921793,-136.69135994433782,28.25576975975027,1522.639483583121,176529.71800912532,189071.63872701974,True,True,True,False,True,166584.60094679068,169249.95456193935,145267.648176627,169249.95456193935,SL,0.001,7079.845540238604,166.5846009467907,0.15,0.8299777712813174,-226.5550572876363,16.708435474963107,-243.26349276259938,56269.57733692195,56026.313844159355,1.2587075952189342,4
2024-06-22 21:41:59.523330,2024-06-22 22:41:59.523330,2024-06-22 23:41:59.523330,-1,MOMENTUM,GREEN,DOWN,30.59815570116622,-41.67543559561045,25.28786541747663,1546.6177059833965,174042.58954291066,187463.08296473837,True,True,True,False,True,165426.0128796558,168072.8290857303,143773.36499588826,168072.8290857303,SL,0.001,7030.605547385372,165.42601287965581,0.15,1.2587075952189342,-224.97937751633205,16.59222909182948,-241.57160660816155,56026.313844159355,55784.742237551196,1.6844556233890147,2
2024-06-23 04:41:59.523330,2024-06-23 05:41:59.523330,2024-06-23 07:41:59.523330,-1,REVERSAL,RED,DOWN,53.6105066877612,752.4519400204654,23.945798600705857,1487.0882655176497,173176.47867909732,186376.53280194465,True,True,True,True,True,170343.54350671163,173069.04020281901,149524.30778946454,173069.04020281901,SL,0.001,7239.600599035244,170.34354350671163,0.15,1.6844556233890147,-231.66721916912738,17.085457413723177,-248.75267658285057,55784.742237551196,55535.989560968344,2.1228596355333877,3
2024-06-23 23:41:59.523330,2024-06-24 00:41:59.523330,2024-06-24 03:41:59.523330,-1,REVERSAL,RED,DOWN,51.63403772464472,174.00199278045648,17.96374449056115,1779.604507666269,173861.5265365791,184591.1397118596,True,True,True,True,True,174902.39970858122,174902.39970858122,149987.93660125346,173359.03599767594,TSL,0.001,7433.351987614702,174.9023997085812,0.15,2.1228596355333877,131.18591542694878,17.542710690770697,113.64320473617809,55535.989560968344,55649.632765704526,1.9225738030603754,4
2024-06-26 06:41:59.523330,2024-06-26 07:41:59.523330,2024-06-26 09:41:59.523330,-1,REVERSAL,RED,DOWN,53.153759060747504,845.0332896723394,28.694283421427627,1523.3978406120673,170036.77220413182,178970.5677214136,True,True,True,True,True,167728.92535746418,170412.5881631836,146401.35558889524,170412.5881631836,SL,0.001,7128.479327692228,167.7289253574642,0.15,1.9225738030603754,-228.1113384861505,16.82321121335366,-244.93454969950415,55649.632765704526,55404.698216005025,2.3542487131603744,3
2024-06-26 13:41:59.523330,2024-06-26 14:41:59.523330,2024-06-26 16:41:59.523330,-1,REVERSAL,RED,DOWN,67.97095448634724,953.693056284902,37.23767310784278,1135.3939001824508,170201.48420735795,178496.57805223163,True,True,True,True,True,171370.08754145214,174112.00894211538,155474.57293889782,174112.00894211538,SL,0.001,7283.228720511715,171.37008754145214,0.15,2.3542487131603744,-233.06331905637532,17.18841978040765,-250.25173883678295,55404.698216005025,55154.44647716824,2.795294686451082,3
2024-06-26 19:41:59.523330,2024-06-26 20:41:59.523330,2024-06-27 02:41:59.523330,-1,REVERSAL,RED,DOWN,60.6246050784185,1088.8260971502211,49.535341335223166,2197.1649547454904,171425.82525038475,178397.3263080738,True,True,True,True,True,175870.19275349914,175870.19275349914,145109.8833870623,169517.82534220017,TSL,0.001,7474.483192023714,175.87019275349914,0.15,2.795294686451082,539.9512299604123,17.639780333175967,522.3114496272362,55154.44647716824,55676.75792679548,1.8747681689032074,7
2024-06-29 18:41:59.523330,2024-06-29 19:41:59.523330,2024-06-30 04:41:59.523330,-1,REVERSAL,RED,DOWN,61.96452357465385,817.5399025454618,22.19655558971236,1731.6563494434806,161037.80430310045,170187.49636365354,True,True,True,True,True,160786.85596805933,160786.85596805933,136543.6670758506,157132.1104435334,TSL,0.001,6833.441378642522,160.78685596805934,0.15,1.8747681689032074,310.65336958470436,16.126921653596355,294.526447931108,55676.75792679548,55971.28437472659,1.355692039836422,10
2024-07-01 16:41:59.523330,2024-07-01 17:41:59.523330,2024-07-01 20:41:59.523330,-1,MOMENTUM,GREEN,DOWN,26.072442729642503,-13.368763756335284,33.43823588488979,1293.3569042508464,151509.38939235877,162493.9434097714,True,True,True,False,True,141473.80657528763,141473.80657528763,123366.80991577578,139446.81249000886,TSL,0.001,6012.636779449724,141.47380657528763,0.15,1.355692039836422,172.29449724869542,14.18982279950135,158.10467444919405,55971.28437472659,56129.38904917578,1.0770469029499499,4
2024-07-02 16:41:59.523330,2024-07-02 17:41:59.523330,2024-07-02 20:41:59.523330,-1,MOMENTUM,GREEN,DOWN,31.839773894038856,-76.2174338980899,27.677832506940298,1354.2362636484688,144099.4127659277,157253.25660566564,True,True,True,False,True,136818.19943488785,136818.19943488785,117858.89174380929,135807.16663720916,TSL,0.001,5814.7734759827335,136.81819943488784,0.15,1.0770469029499499,85.93778780268899,13.722865403319252,72.21492239936974,56129.38904917578,56201.60397157515,0.9497746574751024,4
2024-07-03 11:41:59.523330,2024-07-03 12:41:59.523330,2024-07-03 19:41:59.523330,-1,REVERSAL,RED,DOWN,57.821367554641064,668.8015848379512,23.483835117359337,1345.6359557993846,140731.0485646761,154369.6114528994,True,True,True,True,True,139358.43145631126,139358.43145631126,120519.52807511987,134950.25037337493,TSL,0.001,5922.733336893229,139.35843145631125,0.15,0.9497746574751024,374.69539204958755,13.97765067506802,360.7177413745195,56201.60397157515,56562.32171294967,0.3140423821780535,8
2024-07-04 13:41:59.523330,2024-07-04 14:41:59.523330,2024-07-04 19:41:59.523330,-1,MOMENTUM,RED,DOWN,38.004468636058036,-16.11217454568444,17.06186685545492,1090.6139431875893,137750.43894065407,149856.3778522434,True,True,True,False,True,134778.9139503441,134778.9139503441,119510.31874571786,129864.51717252236,TSL,0.001,5728.1038428896245,134.7789139503441,0.15,0.3140423821780535,417.7237261148486,13.518325069219514,404.2054010456291,56562.32171294967,56966.5271139953,0.0,6
2024-07-05 13:41:59.523330,2024-07-05 14:41:59.523330,2024-07-06 02:41:59.523330,-1,REVERSAL,RED,DOWN,52.23258575262001,473.1723747146924,17.341485967059384,1708.8235835934129,134897.37507460732,146251.97260810414,True,True,True,True,True,133628.26011654205,133628.26011654205,109704.72994623426,123517.61046081434,TSL,0.001,5679.201054953038,133.62826011654207,0.15,0.0,859.4052207368558,13.40291448968917,846.0023062471665,56966.5271139953,57812.52942024246,0.0,13
2024-07-07 04:41:59.523330,2024-07-07 05:41:59.523330,2024-07-07 07:41:59.523330,-1,MOMENTUM,RED,DOWN,39.17689578792106,-11.106657236626688,19.48462507663635,1388.0126335376342,127037.61866034148,139073.62245400462,True,True,True,False,True,122559.81815302928,122559.81815302928,103127.6412835024,120936.60131665543,TSL,0.001,5208.792271503745,122.55981815302928,0.15,0.0,137.97343109177686,12.292749760748839,125.68068133102801,57812.52942024246,57938.21010157349,0.0,3
2024-07-07 17:41:59.523330,2024-07-07 18:41:59.523330,2024-07-08 02:41:59.523330,-1,MOMENTUM,RED,DOWN,37.779410543948536,-19.387493372741233,15.568485694621836,1096.2844368034491,125367.2582923327,137233.39876335318,True,True,True,False,True,121653.94063138266,121653.94063138266,106305.95851613437,113764.5195310048,TSL,0.001,5170.292476833763,121.65394063138267,0.15,0.0,670.6007935321182,12.201890245327682,658.3989032867906,57938.21010157349,58596.60900486028,0.0,9
2024-07-08 22:41:59.523330,2024-07-08 23:41:59.523330,2024-07-09 05:41:59.523330,-1,MOMENTUM,RED,DOWN,16.21191284922135,-56.37820627341716,49.0801769180583,1025.5720339876557,116080.75662511971,130938.18080963884,True,True,True,False,True,107410.86959060316,109129.44350405282,93052.86111477598,109129.44350405282,SL,0.001,4564.961957600634,107.41086959060317,0.15,0.0,-146.07878264322062,10.773310219937498,-156.85209286315813,58596.60900486028,58439.75691199712,0.26768117733595315,7
2024-07-09 15:41:59.523330,2024-07-09 16:41:59.523330,2024-07-09 19:41:59.523330,-1,MOMENTUM,RED,DOWN,33.26792541417298,-18.451534892620657,27.621580090357995,1174.9617583741183,112150.50515027958,127636.63883493366,True,True,True,False,True,105313.520455885,105313.520455885,88864.05583864734,105313.520455885,SL,0.001,4475.824619375112,105.313520455885,0.15,0.26768117733595315,-0.0,10.562946101725265,-10.562946101725265,58439.75691199712,58429.1939658954,0.2857077257678721,4
2024-07-10 02:41:59.523330,2024-07-10 03:41:59.523330,2024-07-10 06:41:59.523330,-1,MOMENTUM,RED,DOWN,28.876238180008215,-12.663310142672344,27.51850133814923,870.331026160553,109675.56493066023,125115.96039740705,True,True,True,False,True,104407.93873452223,106078.46575427458,92223.30436827449,106078.46575427458,SL,0.001,4437.3373962171945,104.40793873452223,0.15,0.2857077257678721,-141.9947966789497,10.472116255072581,-152.4669129340223,58429.1939658954,58276.727052961374,0.5459052278475217,4
2024-07-10 14:41:59.523330,2024-07-10 15:41:59.523330,2024-07-11 01:41:59.523330,-1,REVERSAL,RED,DOWN,67.89703264955503,545.600985113324,25.48523272941604,892.9226148899619,108780.3501326378,123175.02201713587,True,True,True,True,True,109118.08110754384,109118.08110754384,96617.16449908438,103677.70920738399,TSL,0.001,4637.518447070614,109.11808110754384,0.15,0.5459052278475217,462.43161151358737,10.944543535086648,451.48706797850076,58276.727052961374,58728.214120939876,0.0,11
2024-07-11 21:41:59.523330,2024-07-11 22:41:59.523330,2024-07-12 13:41:59.523330,-1,REVERSAL,RED,DOWN,57.30588463111277,499.2476772728854,30.594971656873426,936.8586457259457,106011.58682837128,118165.68756435889,True,True,True,True,True,105228.6041238497,105228.6041238497,92112.58308368646,99079.24974072396,TSL,0.001,4472.215675263613,105.2286041238497,0.15,0.0,522.695122565688,10.554428993622126,512.1406935720659,58728.214120939876,59240.35481451194,0.0,16
2024-07-13 01:41:59.523330,2024-07-13 02:41:59.523330,2024-07-13 07:41:59.523330,-1,REVERSAL,RED,DOWN,53.258359692027376,397.3866940099201,22.791933361004286,1113.4231828729369,103427.75927516606,114238.78762815183,True,True,True,True,True,101494.4911707693,101494.4911707693,85906.56661054818,100378.07697139587,TSL,0.002,8627.03174951539,202.9889823415386,0.15,0.0,189.79041389348188,20.35979492885632,169.43061896462555,59240.35481451194,59409.785433476565,0.0,6
2024-07-14 20:41:59.523330,2024-07-14 21:41:59.523330,2024-07-15 00:41:59.523330,-1,REVERSAL,RED,DOWN,82.93409426779988,660.340157302631,47.00169646076459,988.1422137232191,104367.96811214145,110718.77501715171,True,True,True,True,True,109470.36532760313,109470.36532760313,95636.37433547806,106103.51851388393,TSL,0.001,4652.490526423133,109.47036532760313,0.15,0.0,286.18197916613167,10.979877642358593,275.2021015237731,59409.785433476565,59684.987535000335,0.0,4
2024-07-17 03:41:59.523330,2024-07-17 04:41:59.523330,2024-07-17 10:41:59.523330,1,REVERSAL,GREEN,UP,41.780715972073715,-401.7571319035364,19.55562201003002,1109.4504462079033,112557.22143156907,111822.59317904276,True,True,True,True,True,113221.9772255818,113221.9772255818,128754.28347249245,117568.68527091722,TSL,0.001,4811.934032087226,113.2219772255818,0.15,0.0,369.4701838535114,11.356164315725856,358.1140195377855,59684.987535000335,60043.10155453812,0.0,7
2024-07-17 23:41:59.523330,2024-07-18 00:41:59.523330,2024-07-18 03:41:59.523330,1,MOMENTUM,GREEN,UP,62.1529947815935,37.364081548009466,13.874020180326857,1145.0044454228084,113611.14740765408,112343.43756077581,True,True,True,False,True,116319.1990897869,116319.1990897869,132349.2613257062,117889.0142797474,TSL,0.001,4943.565961315943,116.31919908978689,0.15,0.0,133.4342911466425,11.666815668705626,121.76747547793687,60043.10155453812,60164.86903001606,0.0,4
2024-07-19 06:41:59.523330,2024-07-19 07:41:59.523330,2024-07-19 16:41:59.523330,1,REVERSAL,GREEN,UP,48.91016367052458,-234.83377939175557,27.553826172746174,1023.5136531806264,115002.2168384618,113371.69312620311,True,True,True,True,True,114245.53850314832,114245.53850314832,128574.72964767709,114946.80652964232,TSL,0.001,4855.435386383804,114.24553850314832,0.15,0.0,59.607782251989924,11.458827511865778,48.14895474012415,60164.86903001606,60213.01798475618,0.0,10
2024-07-20 21:41:59.523330,2024-07-20 22:41:59.523330,2024-07-21 01:41:59.523330,1,MOMENTUM,RED,UP,65.06535275508313,97.23580859748407,18.208709338413144,1353.207159817197,115709.90159115264,114285.59902397278,True,True,True,False,True,119589.30190279934,119589.30190279934,138534.20214024012,120553.46086506358,TSL,0.001,5082.545330868972,119.58930190279935,0.15,0.0,81.95351179245998,11.994806980850775,69.95870481160921,60213.01798475618,60282.97668956779,0.0,4
2024-07-21 19:41:59.523330,2024-07-21 20:41:59.523330,2024-07-21 22:41:59.523330,1,MOMENTUM,RED,UP,70.1604303760039,123.07438298690136,23.0100717496788,1276.3702933918757,118391.16497280028,115466.26772738206,True,True,True,False,True,123251.81831707692,121279.78922400369,141121.00242456316,121279.78922400369,SL,0.001,5238.202278475769,123.25181831707692,0.15,0.0,-167.62247291122455,12.362157377202816,-179.98463028842738,60282.97668956779,60102.992059279364,0.29856626227213545,3
2024-07-23 20:41:59.523330,2024-07-23 21:41:59.523330,2024-07-24 00:41:59.523330,-1,REVERSAL,RED,DOWN,66.35731954564201,977.5798139266169,34.12827483544393,1117.9516100497465,112271.1898674557,114245.98843306572,True,True,True,True,True,112859.2061489551,112859.2061489551,97207.88360825865,110009.71630369229,TSL,0.001,4796.516261330592,112.8592061489551,0.15,0.29856626227213545,242.20663684733898,11.319778376740198,230.88685847059878,60102.992059279364,60333.878917749964,0.0,4
2024-07-24 04:41:59.523330,2024-07-24 05:41:59.523330,2024-07-24 09:41:59.523330,-1,REVERSAL,RED,DOWN,60.328360188136934,360.5031147351339,22.956088918191263,1028.6179157235974,112140.25442540087,114119.53806898673,True,True,True,True,True,112616.12741776428,114417.9854564485,98215.47659763391,114417.9854564485,SL,0.001,4786.185415254981,112.61612741776428,0.15,0.0,-153.1579332881589,11.295397580001756,-164.45333086816063,60333.878917749964,60169.4255868818,0.27257211672459275,5
2024-07-24 22:41:59.523330,2024-07-24 23:41:59.523330,2024-07-25 02:41:59.523330,1,MOMENTUM,RED,UP,66.43279928368906,43.826001801809525,25.495429662249382,1160.0234313950375,114039.15255495263,114528.30090375993,True,True,True,False,True,117529.27602214651,117529.27602214651,133769.60406167703,118659.18674650246,TSL,0.001,4994.994230941227,117.52927602214652,0.15,0.27257211672459275,96.04241157025498,11.788186385021296,84.25422518523368,60169.4255868818,60253.679812067036,0.13292549247871105,4
2024-07-25 04:41:59.523330,2024-07-25 05:41:59.523330,2024-07-25 08:41:59.523330,1,MOMENTUM,RED,UP,65.97939876513242,12.233642893682145,24.730269528011515,1058.7104869918483,114916.36587512573,114837.22816231809,True,True,True,False,True,118392.99778510584,118392.99778510584,133214.94460299172,119161.92544515232,TSL,0.001,5031.702405866998,118.39299778510583,0.15,0.13292549247871105,65.3588511039508,11.874817677846115,53.48403342610469,60253.679812067036,60307.16384549314,0.04427872488232536,4
2024-07-26 19:41:59.523330,2024-07-26 20:41:59.523330,2024-07-27 02:41:59.523330,-1,REVERSAL,RED,DOWN,48.276014810096534,351.51543182028445,26.395877693699564,1050.7081788090495,114225.04230402948,114567.41626719324,True,True,True,True,True,113284.1622861703,113284.1622861703,98574.24778284361,110377.01922970415,TSL,0.001,4814.576897162238,113.28416228617031,0.15,0.04427872488232536,247.10715979962336,11.362401477302882,235.74475832232048,60307.16384549314,60542.90860381546,0.0,7
2024-07-27 05:41:59.523330,2024-07-27 06:41:59.523330,2024-07-27 09:41:59.523330,-1,MOMENTUM,RED,DOWN,41.773143500154255,-24.198761299211924,16.839996828666912,1012.0760654260151,113522.07319659444,114323.75731899856,True,True,True,False,True,111759.11306407092,113547.25887309606,97590.0481481067,113547.25887309606,SL,0.001,4749.762305223014,111.75911306407092,0.15,0.0,-151.9923937671369,11.209439040326313,-163.20183280746318,60542.90860381546,60379.706771007994,0.2695639118950055,4
2024-07-27 11:41:59.523330,2024-07-27 12:41:59.523330,2024-07-27 16:41:59.523330,-1,REVERSAL,RED,DOWN,51.798827113536845,288.0170137392041,17.071381234210122,1147.2726929057053,113447.56524951899,114277.10874642376,True,True,True,True,True,112706.85322818327,114510.16287983421,96645.0355275034,114510.16287983421,SL,0.001,4790.041262197789,112.70685322818328,0.15,0.2695639118950055,-153.28132039032985,11.304497378786785,-164.58581776911663,60379.706771007994,60215.120953238875,0.5414137809624895,5
2024-07-28 10:41:59.523330,2024-07-28 11:41:59.523330,2024-07-28 12:41:59.523330,1,MOMENTUM,GREEN,UP,70.71560594280767,78.52291051461066,18.319075354616878,876.6524482035453,114956.79154405685,114703.3458403006,True,True,True,False,True,119086.48106783202,117181.0973707467,131359.61534268165,117181.0973707467,SL,0.001,5061.175445382861,119.08648106783203,0.15,0.5414137809624895,-161.9576142522518,11.944374051103553,-173.90198830335538,60215.120953238875,60041.21896493552,0.8286513655346897,2
2024-07-31 01:41:59.523330,2024-07-31 02:41:59.523330,2024-07-31 05:41:59.523330,1,REVERSAL,GREEN,UP,39.28471362188316,-963.5807249817567,28.334691698853945,1336.0469518169298,121096.7507649114,117027.2862418302,True,True,True,True,True,121610.77408002886,119665.0016947484,140315.43140546588,119665.0016947484,SL,0.001,5168.457898401227,121.61077408002886,0.15,0.8286513655346897,-165.39065274883936,12.197560640226897,-177.58821338906625,60041.21896493552,59863.63075154646,1.121977565884884,4
2024-07-31 09:41:59.523330,2024-07-31 10:41:59.523330,2024-07-31 11:41:59.523330,1,MOMENTUM,GREEN,UP,64.31261816008448,111.2307050496143,24.910911183187487,1367.1102591976876,121205.49309829125,117444.41308564627,True,True,True,False,True,124373.42803223956,122383.45318372373,143512.9716610072,122383.45318372373,SL,0.001,5285.870691370182,124.37342803223957,0.15,1.121977565884884,-169.14786212384593,12.47465483163363,-181.62251695547957,59863.63075154646,59682.008234590976,1.4219673105864392,2
2024-07-31 22:41:59.523330,2024-07-31 23:41:59.523330,2024-08-01 05:41:59.523330,1,MOMENTUM,GREEN,UP,51.50823465199978,1.0486629932611322,16.145448983905272,1160.6308194115436,120927.79189358153,117751.04103641622,True,False,True,False,True,121433.87786580526,119490.93581995237,137682.70933756686,119490.93581995237,SL,0.001,5160.939809296723,121.43387786580526,0.15,1.4219673105864392,-165.15007389749576,12.179817949940269,-177.32989184743604,59682.008234590976,59504.67834274354,1.714866835794027,7
2024-08-01 07:41:59.523330,2024-08-01 08:41:59.523330,2024-08-01 11:41:59.523330,-1,MOMENTUM,GREEN,DOWN,33.911761681967064,-132.0142426113399,15.21842556943023,1373.975006041278,120655.88042570921,117837.1011731655,True,True,True,False,True,117641.76369228696,117641.76369228696,98406.11360770906,116657.03036408382,TSL,0.001,4999.774956922196,117.64176369228696,0.15,1.714866835794027,83.70233289726625,11.799468898336382,71.90286399892986,59504.67834274354,59576.58120674246,1.5961033576971138,4
2024-08-01 13:41:59.523330,2024-08-01 14:41:59.523330,2024-08-01 23:41:59.523330,1,REVERSAL,GREEN,UP,52.675105264762315,-144.5909491423139,21.367496441612218,1465.2556086656123,119915.5128640954,117902.58750141549,True,True,True,True,True,118898.30685856268,116995.93394882567,139411.88537988125,116995.93394882567,SL,0.001,5053.178041488914,118.89830685856268,0.15,1.5961033576971138,-161.70169732764575,11.925500177913838,-173.62719750555956,59576.58120674246,59402.954009236906,1.8828870645086742,10
2024-08-02 01:41:59.523330,2024-08-02 02:41:59.523330,2024-08-02 11:41:59.523330,1,MOMENTUM,GREEN,UP,52.366611735403374,49.6888948130603,15.358252188113102,1122.2772560190722,119348.53239161067,117926.57351307177,True,True,True,False,True,119706.03137326548,117790.73487129323,135417.91295753248,117790.73487129323,SL,0.001,5087.506333363783,119.70603137326547,0.15,1.8828870645086742,-162.800202667641,12.006514946738527,-174.80671761437955,59402.954009236906,59228.147291622525,2.171619009579719,10
2024-08-03 03:41:59.523330,2024-08-03 04:41:59.523330,2024-08-03 08:41:59.523330,1,MOMENTUM,GREEN,UP,61.299470193749926,127.78130893317632,22.307295929830588,1751.6283426924529,119682.47268028239,118439.51027566737,True,True,True,False,True,122421.325672897,120319.37166166605,146944.12247059133,120319.37166166605,SL,0.001,5202.9063410981225,122.421325672897,0.15,2.171619009579719,-178.66609095463056,12.27885896499157,-190.94494991962213,59228.147291622525,59037.202341702905,2.487006813573639,5
2024-08-03 17:41:59.523330,2024-08-03 18:41:59.523330,2024-08-04 05:41:59.523330,1,MOMENTUM,GREEN,UP,64.11921954793013,102.92705005346326,21.414477369919627,1638.6610117412577,119471.64466001955,118608.00254866706,True,True,True,False,True,122646.87991937857,120680.48670528906,145588.1340837562,120680.48670528906,SL,0.001,5212.492396573589,122.64687991937856,0.15,2.487006813573639,-167.14342319760792,12.30148205591367,-179.44490525352157,59037.202341702905,58857.757436449385,2.783399751064937,12
2024-08-04 09:41:59.523330,2024-08-04 10:41:59.523330,2024-08-04 15:41:59.523330,1,REVERSAL,GREEN,UP,43.80954746586263,-442.362044439034,24.368122167844913,1182.2445584989216,120222.54786341122,118915.28276804238,True,True,True,True,True,119549.98094594313,119549.98094594313,136101.40476492804,120780.67980651751,TSL,0.001,5080.874190202583,119.54998094594313,0.15,2.783399751064937,104.60940314882254,11.990863088878099,92.61854005994445,58857.757436449385,58950.37597650933,2.6304197535791443,6
2024-08-06 07:41:59.523330,2024-08-06 08:41:59.523330,2024-08-06 12:41:59.523330,1,MOMENTUM,RED,UP,69.65061804430906,1.451769650811002,21.94762809954687,1279.8253558052352,125493.8944993337,121576.5174184762,True,False,True,False,True,131427.9126778559,129325.06607501021,149345.46765912918,129325.06607501021,SL,0.001,5585.686288808876,131.42791267785591,0.15,2.6304197535791443,-178.74196124188364,13.182219641588949,-191.92418088347262,58950.37597650933,58758.45179562586,2.9474249740243597,5
2024-08-06 16:41:59.523330,2024-08-06 17:41:59.523330,2024-08-06 19:41:59.523330,1,REVERSAL,GREEN,UP,46.4628101537108,-498.55707597292246,21.149657987011345,1383.4169342040034,126315.0448977128,122115.29954117106,True,True,True,True,True,127573.66878043368,125532.49007994674,146941.50585928973,125532.49007994674,SL,0.001,5421.880923168432,127.57366878043369,0.15,2.9474249740243597,-173.50018954138994,12.7956389786775,-186.29582852006746,58758.45179562586,58572.15596710579,3.255133726075174,3
2024-08-07 00:41:59.523330,2024-08-07 01:41:59.523330,2024-08-07 06:41:59.523330,1,REVERSAL,GREEN,UP,49.17765670416112,-356.2472322721097,20.08268426281382,1423.4148064742726,126090.46685386701,122302.70966009611,True,True,True,True,True,125032.73333957826,125032.73333957826,144960.54063021808,126509.07902480154,TSL,0.001,5313.891166932077,125.03273333957827,0.15,3.255133726075174,125.48938324397858,12.540783153959701,112.94860009001889,58572.15596710579,58685.10456719581,3.068574139337871,6
2024-08-09 07:41:59.523330,2024-08-09 08:41:59.523330,2024-08-09 11:41:59.523330,1,MOMENTUM,GREEN,UP,63.23173136491895,9.157575966417653,19.55587415192479,1017.2719567671296,130061.24675492072,125469.6250909966,True,True,True,False,True,134267.6821504983,132119.39923609034,148509.48954523812,132119.39923609034,SL,0.001,5706.376491396178,134.2676821504983,0.15,3.068574139337871,-182.6040477246765,13.467048519694982,-196.07109624437146,58685.10456719581,58489.03347095144,3.3924289074122496,4
2024-08-09 13:41:59.523330,2024-08-09 14:41:59.523330,2024-08-10 04:41:59.523330,1,MOMENTUM,RED,UP,68.10749434272134,96.49878925821224,22.55904077256693,1519.599702865954,130826.75358367949,126084.63266474017,True,True,True,False,True,136711.99841729886,134524.60644262208,157986.39425742222,134524.60644262208,SL,0.001,5810.259932735202,136.71199841729887,0.15,3.3924289074122496,-185.9283178475262,13.712213441255079,-199.64053128878126,58489.03347095144,58289.39293966266,3.7221793866883623,15
2024-08-10 10:41:59.523330,2024-08-10 11:41:59.523330,2024-08-10 18:41:59.523330,1,MOMENTUM,RED,UP,64.17771427155532,69.81305766887863,21.147193427102625,1384.974597187176,133364.5667374398,127824.85437041064,True,True,True,False,True,137124.75714655733,137124.75714655733,156514.4015071778,143629.67726576023,TSL,0.001,5827.802178728686,137.12475714655733,0.15,3.7221793866883623,552.9182101322465,13.7536131417997,539.1645969904469,58289.39293966266,58828.55753665311,2.8316298418710346,8
2024-08-11 15:41:59.523330,2024-08-11 16:41:59.523330,2024-08-11 23:41:59.523330,1,MOMENTUM,GREEN,UP,64.7811661943628,21.01734658849182,17.77750345906935,1494.637431389605,138285.11343992807,131088.50460064007,True,True,True,False,True,143434.08414720747,143434.08414720747,164359.00818666193,144398.25957783253,TSL,0.001,6095.948576256317,143.43408414720747,0.15,2.8316298418710346,81.95491160313061,14.38643863996491,67.56847296316569,58828.55753665311,58896.12600961628,2.720025568932436,8
2024-08-12 09:41:59.523330,2024-08-12 10:41:59.523330,2024-08-12 11:41:59.523330,1,REVERSAL,GREEN,UP,45.17885802890452,-596.1718314491194,32.30710104025895,1492.6971806661525,139364.79826790316,132642.77997479544,True,True,True,True,True,139465.9708345098,137234.51530115763,160363.73136383592,137234.51530115763,SL,0.001,5927.303760466666,139.4659708345098,0.15,2.720025568932436,-189.6737203349333,13.988436874701334,-203.66215720963464,58896.12600961628,58692.46385240665,3.056418652625146,2
2024-08-12 14:41:59.523330,2024-08-12 15:41:59.523330,2024-08-12 18:41:59.523330,1,MOMENTUM,RED,UP,65.79613952269725,240.79515956980765,25.17513840167264,1948.0323469622226,139430.51351480954,133087.37862147106,True,True,True,False,True,143406.55171037922,141068.91289402454,170679.00456785032,141068.91289402454,SL,0.001,6094.778447691117,143.40655171037923,0.15,3.056418652625146,-198.6992993901478,14.383677136551038,-213.08297652669884,58692.46385240665,58479.38087587995,3.408372302425956,4
2024-08-13 04:41:59.523330,2024-08-13 05:41:59.523330,2024-08-13 09:41:59.523330,1,MOMENTUM,GREEN,UP,57.96205223978858,85.88401569105076,24.371224238511328,1522.8547795803693,139113.63616508074,133975.9694814727,True,True,True,False,True,140872.80349224826,138618.8386363723,162192.77040637343,138618.8386363723,SL,0.001,5987.094148420551,140.87280349224827,0.15,3.408372302425956,-191.58701274945707,14.129542190272502,-205.71655493972958,58479.38087587995,58273.66432094022,3.7481586782109604,5
2024-08-13 17:41:59.523330,2024-08-13 18:41:59.523330,2024-08-13 21:41:59.523330,1,MOMENTUM,RED,UP,59.887773329072196,111.09218178683506,18.761093885794992,1851.8426731967973,138973.00554750467,134468.35171420113,True,True,True,False,True,141060.30201983775,138803.33718752034,166986.0994445929,138803.33718752034,SL,0.001,5995.062835843105,141.06030201983776,0.15,3.7481586782109604,-191.84201074697935,14.148348292589729,-205.99035903956909,58273.66432094022,58067.67396190065,4.088397302006759,4
2024-08-17 01:41:59.523330,2024-08-17 02:41:59.523330,2024-08-17 06:41:59.523330,-1,MOMENTUM,GREEN,DOWN,35.67509381490203,-97.27943274436291,18.44211310052234,1349.5029026370673,131050.67625255957,132726.45959892005,True,True,True,False,True,126776.65917352174,126776.65917352174,107883.6185366028,124701.17497479887,TSL,0.001,5388.008014874674,126.77665917352174,0.15,4.088397302006759,176.4161568914441,12.715698915104232,163.7004579763399,58067.67396190065,58231.374419876985,3.8180098003960063,5
2024-08-17 22:41:59.523330,2024-08-17 23:41:59.523330,2024-08-18 01:41:59.523330,-1,MOMENTUM,RED,DOWN,30.55328883588689,-54.2515927189429,24.285451593991084,1368.6574266345535,126711.98234047511,130956.08166272289,True,True,True,False,True,119755.70327664392,121671.79452907022,100594.49930376018,121671.79452907022,SL,0.001,5089.617389257367,119.75570327664393,0.15,3.8180098003960063,-162.8677564562352,12.011497038647386,-174.87925349488262,58231.374419876985,58056.495166382105,4.1068615545118625,3
2024-08-18 12:41:59.523330,2024-08-18 13:41:59.523330,2024-08-18 18:41:59.523330,-1,REVERSAL,RED,DOWN,53.756745852158375,619.7366500613332,22.56247383918869,1253.4288186890685,125610.02197633094,130112.98770134457,True,True,True,True,True,124720.76551358531,124720.76551358531,107172.76205193835,123328.30992793148,TSL,0.001,5300.632534327377,124.72076551358532,0.15,4.1068615545118625,118.35872478057601,12.509492781012607,105.84923199956341,58056.495166382105,58162.34439838167,3.9320281438935742,6
2024-08-20 06:41:59.523330,2024-08-20 07:41:59.523330,2024-08-20 12:41:59.523330,-1,MOMENTUM,RED,DOWN,42.008061941153436,-140.199852414602,31.91425408204485,1168.5880177383553,127437.54072620708,129205.79703668981,True,True,True,False,True,129217.68887462784,129217.68887462784,112857.45662629086,125582.32095878097,TSL,0.001,5491.751777171683,129.21768887462784,0.15,3.9320281438935742,309.0062728469842,12.960534194125172,296.045738652859,58162.34439838167,58458.39013703453,3.4430431488214985,6
2024-08-24 00:41:59.523330,2024-08-24 01:41:59.523330,2024-08-24 06:41:59.523330,1,REVERSAL,GREEN,UP,31.30056971559125,-796.4548360256758,33.186744557991055,1096.7780426762095,132400.44163721518,130123.97414769852,True,True,True,True,True,130364.51281731612,130364.51281731612,145719.40541478305,134887.5251103607,TSL,0.001,5540.491794735935,130.36451281731613,0.15,3.4430431488214985,384.45604490878924,13.075560635576808,371.3804842732124,58458.39013703453,58829.77062130774,2.8296261643428102,6
2024-08-26 05:41:59.523330,2024-08-26 06:41:59.523330,2024-08-26 14:41:59.523330,1,REVERSAL,GREEN,UP,46.45335361755369,-782.9119453626981,21.661293769420897,1664.5465816279723,142298.3314335955,135270.51559424624,True,True,True,True,True,145601.00858946104,145601.00858946104,168904.66073225264,149524.87092386335,TSL,0.001,6188.0428650520935,145.60100858946103,0.15,2.8296261643428102,333.5282984241961,14.603781161522942,318.92451726267313,58829.77062130774,59148.695138570416,2.3028518077461113,9
2024-08-27 06:41:59.523330,2024-08-27 07:41:59.523330,2024-08-27 11:41:59.523330,1,MOMENTUM,RED,UP,60.16397765324588,19.61306476926046,14.320677264407298,1712.2878066917322,143970.53431736873,137424.1728087153,True,True,True,False,True,147577.20266915523,147577.20266915523,171549.2319628395,150200.23017229713,TSL,0.001,6272.031113439098,147.57720266915524,0.15,2.3028518077461113,222.95733776706155,14.80199342771627,208.15534433934525,59148.695138570416,59356.85048290976,1.9590372320350529,5
2024-08-28 12:41:59.523330,2024-08-28 13:41:59.523330,2024-08-28 20:41:59.523330,1,REVERSAL,GREEN,UP,31.496570136830925,-763.3762272612198,26.887153145270048,1289.0053106752903,146739.6639316432,140118.4919187974,True,True,True,True,True,142783.70388047828,142783.70388047828,160829.77822993236,144383.68926848922,TSL,0.001,6068.307414920327,142.78370388047827,0.15,1.9590372320350529,135.99875798093024,14.32120549921197,121.67755248171828,59356.85048290976,59478.52803539148,1.7580598503932794,8
2024-08-28 21:41:59.523330,2024-08-28 22:41:59.523330,2024-08-29 00:41:59.523330,1,MOMENTUM,RED,UP,53.085297242650014,59.15905463916647,20.005790041919887,1459.9594050434553,145703.62747237185,140391.0939851258,True,True,True,False,True,144588.0237451129,142274.6153651911,165027.45541572128,142274.6153651911,SL,0.001,6144.991009167298,144.5880237451129,0.15,1.7580598503932794,-196.6397122933535,14.502178781634825,-211.14189107498834,59478.52803539148,59267.38614431649,2.1068073683836506,3
2024-08-29 02:41:59.523330,2024-08-29 03:41:59.523330,2024-08-29 05:41:59.523330,1,REVERSAL,GREEN,UP,44.812180002342984,-27.667087525076113,18.934551564910144,1222.8523689729623,145148.1256191393,140444.71745464575,True,True,True,True,True,142283.16670614365,142283.16670614365,159403.09987176512,145059.70378619328,TSL,0.001,6047.034585011105,142.28316670614365,0.15,2.1068073683836506,236.00565180421864,14.271001620626208,221.73465018359246,59267.38614431649,59489.120794500086,1.7405635665957417,3
2024-08-29 11:41:59.523330,2024-08-29 12:41:59.523330,2024-08-29 20:41:59.523330,1,REVERSAL,GREEN,UP,51.02568866965248,63.279536452412344,14.330999446902755,1627.6066054445052,144510.31819941913,140622.29453974703,True,True,True,True,True,143729.13031461285,143729.13031461285,166515.6227908359,147567.5403433469,TSL,0.001,6108.488038371047,143.72913031461286,0.15,1.7405635665957417,326.2648524423935,14.416031770555671,311.84882067183776,59489.120794500086,59800.969615171925,1.2254762874025076,9
2024-08-31 00:41:59.523330,2024-08-31 01:41:59.523330,2024-08-31 04:41:59.523330,1,REVERSAL,GREEN,UP,36.97615499500861,-714.3206893589884,24.521920400406245,1514.300105824555,146829.3096284848,142755.06142228554,True,True,True,True,True,143575.0380920643,141277.83748259128,164775.23957360807,141277.83748259128,SL,0.001,6101.939118912733,143.5750380920643,0.15,1.2254762874025076,-195.26205180520645,14.400576320634048,-209.6626281258405,59800.969615171925,59591.30698704608,1.571780475557469,4
2024-08-31 05:41:59.523330,2024-08-31 06:41:59.523330,2024-08-31 11:41:59.523330,1,REVERSAL,GREEN,UP,41.12566380643481,-528.7105062668913,27.45874511095645,1427.554440994494,146091.96539997958,142851.6740518601,True,True,True,True,True,144496.23914671378,144496.23914671378,164482.0013206367,148293.19132952127,TSL,0.001,6141.090163735335,144.49623914671378,0.15,1.571780475557469,322.740935538637,14.492972786415393,308.2479627522216,59591.30698704608,59899.5549497983,1.062640809392185,6
2024-09-01 11:41:59.523330,2024-09-01 12:41:59.523330,2024-09-01 14:41:59.523330,1,REVERSAL,GREEN,UP,38.864575425255914,-436.1421000185212,13.248712830190804,952.3681958704748,148555.92572689932,144541.74864272279,True,True,True,True,True,149482.11155084812,149482.11155084812,162815.26629303477,150188.07812554316,TSL,0.001,6352.989740911045,149.48211155084812,0.15,1.062640809392185,60.00715884907913,14.993055788550068,45.01410306052907,59899.5549497983,59944.56905285883,0.9882900652693741,3
2024-09-02 14:41:59.523330,2024-09-02 15:41:59.523330,2024-09-02 17:41:59.523330,1,MOMENTUM,GREEN,UP,70.7674260906884,173.47048254829542,27.621347010993222,1533.4391007648362,152474.9956015127,147077.8660487358,True,True,True,False,True,158800.59314230186,158800.59314230186,180268.74055300956,160054.74742172527,TSL,0.001,6749.02520854783,158.80059314230186,0.15,0.9882900652693741,106.60311375099002,15.927699492172877,90.67541425881714,59944.56905285883,60035.24446711765,0.8385195696822105,3
2024-09-03 10:41:59.523330,2024-09-03 11:41:59.523330,2024-09-03 14:41:59.523330,1,MOMENTUM,RED,UP,70.05341617476248,132.35894525108313,18.74210251243729,1174.3764758348502,154661.53726403767,148816.0047473264,True,True,True,False,True,158743.42951045837,158743.42951045837,175184.7001721463,160551.2366522958,TSL,0.001,6746.595754194482,158.74342951045838,0.15,0.8385195696822105,153.66360705618163,15.921965979898978,137.74164107628266,60035.24446711765,60172.98610819393,0.6110087938494136,4
2024-09-03 21:41:59.523330,2024-09-03 22:41:59.523330,2024-09-04 02:41:59.523330,1,MOMENTUM,GREEN,UP,63.171893495819006,3.541164695273892,16.736517497089356,1024.4101734761773,156085.79125152167,149768.7670140166,True,False,True,False,True,157871.52001313935,155345.57569292912,172213.26244180583,155345.57569292912,SL,0.001,6709.5396005584225,157.87152001313936,0.15,0.6110087938494136,-214.70526721786928,15.834513457317879,-230.53978067518716,60172.98610819393,59942.446327518745,0.9917962155172544,5
2024-09-04 14:41:59.523330,2024-09-04 15:41:59.523330,2024-09-04 18:41:59.523330,1,REVERSAL,GREEN,UP,44.22316036778741,-256.7922300345448,16.296763555995188,1414.5071641783952,155994.8421856049,150558.60497695557,True,True,True,True,True,153846.38004734198,153846.38004734198,173649.48034583952,155545.17796791153,TSL,0.001,6538.4711520120345,153.846380047342,0.15,0.9917962155172544,144.3978232484113,15.430791918748401,128.9670313296629,59942.446327518745,60071.41335884841,0.7787786478057175,4
2024-09-06 18:41:59.523330,2024-09-06 19:41:59.523330,2024-09-06 23:41:59.523330,1,MOMENTUM,GREEN,UP,69.15711622628154,97.80433445490124,22.29323636646907,1623.2961390057258,155137.60803692683,152251.58139621414,True,True,True,False,True,157376.1211618544,157376.1211618544,180102.26710793455,163126.94784253868,TSL,0.001,6688.485149378812,157.3761211618544,0.15,0.7787786478057175,488.82026785816447,15.784824952533997,473.0354429056305,60071.41335884841,60544.44880175404,0.0,5
2024-09-07 16:41:59.523330,2024-09-07 17:41:59.523330,2024-09-08 02:41:59.523330,1,MOMENTUM,RED,UP,59.10882953061037,36.313128967934745,22.23732896722885,1393.906456103396,158226.21465494443,154157.4490809131,True,True,True,False,True,160992.11774723322,160992.11774723322,180506.80813268077,166449.98186527946,TSL,0.001,6842.165004257413,160.99211774723324,0.15,0.0,463.9184500339307,16.147509410047494,447.7709406238832,60544.44880175404,60992.21974237793,0.0,10
2024-09-08 13:41:59.523330,2024-09-08 14:41:59.523330,2024-09-08 18:41:59.523330,1,MOMENTUM,GREEN,UP,67.23279169084107,67.48903534005308,23.731813073645498,1612.6120567817252,162823.3497325545,156436.48500032924,True,True,True,False,True,169912.3642323763,167193.7664046583,192488.93302732045,167193.7664046583,SL,0.001,7221.275479875993,169.91236423237632,0.15,0.0,-231.08081535603094,17.042210132507346,-248.1230254885383,60992.21974237793,60744.09671688939,0.4068109449640831,5
2024-09-09 14:41:59.523330,2024-09-09 15:41:59.523330,2024-09-09 17:41:59.523330,1,REVERSAL,GREEN,UP,31.434341653728296,-683.369215878232,30.62765806698883,1239.7452667977198,164792.41889089483,158334.65948866837,True,True,True,True,True,163821.66164050245,163821.66164050245,181178.09537567053,164659.2757452028,TSL,0.001,6962.420619721355,163.82166164050247,0.15,0.4068109449640831,71.1971988995283,16.4313126625424,54.76588623698591,60744.09671688939,60798.86260312638,0.317019351104556,3
2024-09-10 14:41:59.523330,2024-09-10 15:41:59.523330,2024-09-10 18:41:59.523330,1,MOMENTUM,RED,UP,57.03051018915596,94.43893846956075,15.366155027211065,1741.3786378514842,162470.99003184107,158917.64341300956,True,True,True,False,True,163480.29089694316,160864.60624259207,187859.59182686394,160864.60624259207,SL,0.001,6947.912363120085,163.48029089694316,0.15,0.317019351104556,-222.33319561984274,16.3970731769634,-238.73026879680612,60798.86260312638,60560.13233432957,0.7084303700921666,4
2024-09-10 20:41:59.523330,2024-09-10 21:41:59.523330,2024-09-11 00:41:59.523330,-1,MOMENTUM,GREEN,DOWN,35.897188196733865,-106.2608291228438,17.389493295494248,1638.5091320034617,162089.97155385473,158775.28333711094,True,True,True,False,True,158526.0534975523,158526.0534975523,135586.92564950383,155524.84691924395,TSL,0.001,6737.357273645972,158.52605349755228,0.15,0.7084303700921666,255.1025591562087,15.900163165804495,239.20239599040423,60560.13233432957,60799.33473031998,0.3162452733687501,4
2024-09-11 05:41:59.523330,2024-09-11 06:41:59.523330,2024-09-11 13:41:59.523330,1,REVERSAL,GREEN,UP,60.71978774601758,105.44652590556575,18.253208500257024,1637.6649669657254,160590.8614779267,158647.70571242718,True,True,True,True,True,159960.5687110324,159960.5687110324,182887.87824855256,162807.78785183388,TSL,0.001,6798.324170218877,159.9605687110324,0.15,0.3162452733687501,242.01362696812677,16.04404504171655,225.9695819264102,60799.33473031998,61025.304312246386,0.0,8
2024-09-12 15:41:59.523330,2024-09-12 16:41:59.523330,2024-09-12 23:41:59.523330,-1,MOMENTUM,RED,DOWN,28.45291765673913,-355.4849560404789,18.838537441634855,1899.9044042480796,161406.57044423866,159306.74575530697,True,True,True,False,True,156353.88307871492,156353.88307871492,129755.2214192418,150993.87528667666,TSL,0.001,6645.040030845384,156.35388307871492,0.15,0.0,455.6006623232522,15.682294472795107,439.9183678504571,61025.304312246386,61465.22268009684,0.0,8
2024-09-14 17:41:59.523330,2024-09-14 18:41:59.523330,2024-09-15 01:41:59.523330,-1,MOMENTUM,RED,DOWN,40.09419324456864,-26.422941702790354,18.32110883577872,1402.059748281685,150196.94785543246,155121.99985413023,True,True,True,False,True,145826.8540314084,148160.08369591093,126198.01755546482,148160.08369591093,SL,0.001,6197.6412963348575,145.8268540314084,0.15,0.0,-198.3245214827142,14.626433459350263,-212.95095494206447,61465.22268009684,61252.27172515478,0.3464576319041268,8
2024-09-15 13:41:59.523330,2024-09-15 14:41:59.523330,2024-09-15 17:41:59.523330,-1,MOMENTUM,GREEN,DOWN,38.325499706745326,-28.833200752361165,15.517487547591724,1330.457773730545,148414.20898215624,153669.57450880297,True,True,True,False,True,145828.87353026227,148162.13550674648,127202.46469803463,148162.13550674648,SL,0.001,6197.7271250361455,145.82887353026226,0.15,0.3464576319041268,-198.3272680011578,14.626636015085305,-212.9539040162431,61252.27172515478,61039.31782113854,0.6929200617639941,4
2024-09-18 03:41:59.523330,2024-09-18 04:41:59.523330,2024-09-18 07:41:59.523330,-1,MOMENTUM,RED,DOWN,36.57061035636838,-55.38481804306178,18.473784525858854,1448.1848802479267,140900.54429563574,147927.96244180694,True,True,True,False,True,137791.590766021,137791.590766021,117517.00244255002,136898.12551393817,TSL,0.001,5856.142607555892,137.791590766021,0.15,0.6929200617639941,75.94454642704004,13.820496553831907,62.124049873208136,61039.31782113854,61101.441871011746,0.5918481919091662,4
2024-09-20 15:41:59.523330,2024-09-20 16:41:59.523330,2024-09-20 23:41:59.523330,-1,REVERSAL,RED,DOWN,48.18895388075428,411.871123148622,32.1514740988415,1274.0488207971962,142989.45977780552,145779.8647486226,True,True,True,True,True,144695.67396354457,144695.67396354457,126858.99047238383,139413.27980271177,TSL,0.001,6149.566143450645,144.69567396354458,0.15,0.5918481919091662,449.0035036707882,14.512976098543522,434.4905275722447,61101.441871011746,61535.93239858399,0.0,8
2024-09-21 16:41:59.523330,2024-09-21 17:41:59.523330,2024-09-21 19:41:59.523330,-1,MOMENTUM,GREEN,DOWN,28.017901993049904,-33.81315681488786,28.708905552901264,941.8069376183894,140017.83219659602,143995.89222612945,True,True,True,False,True,135914.7510002392,138089.387016243,122729.45387358175,138089.387016243,SL,0.001,5776.376917510166,135.9147510002392,0.15,0.0,-184.84406136032442,13.632249525323992,-198.4763108856484,61535.93239858399,61337.45608769834,0.3225372609942232,3
2024-09-22 10:41:59.523330,2024-09-22 11:41:59.523330,2024-09-22 12:41:59.523330,-1,MOMENTUM,GREEN,DOWN,45.594888366330075,-33.633179714015796,19.955476892577426,1103.5594885141213,140543.88901931164,143629.68784200412,True,True,True,False,True,140102.9794178856,142344.62708857175,124653.1465786879,142344.62708857175,SL,0.001,5954.376625260138,140.1029794178856,0.15,0.3225372609942232,-190.5400520083234,14.052328835613924,-204.59238084393735,61337.45608769834,61132.8637068544,0.6550135441497996,2
2024-09-22 14:41:59.523330,2024-09-22 15:41:59.523330,2024-09-22 20:41:59.523330,-1,REVERSAL,RED,DOWN,52.83190950161011,18.340242754983365,18.32626796601127,1241.40706690162,140751.66440209115,143519.90947931245,True,True,True,True,True,140430.67002791396,140430.67002791396,123050.97109129129,137892.17092192185,TSL,0.001,5968.303476186344,140.43067002791398,0.15,0.6550135441497996,215.77242400932985,14.085196203799773,201.68722780553006,61132.8637068544,61334.55093465993,0.3272583287105488,6
2024-09-23 03:41:59.523330,2024-09-23 04:41:59.523330,2024-09-23 08:41:59.523330,1,MOMENTUM,GREEN,UP,72.38196033280275,214.06377826927297,29.929390398935908,1596.7755828354345,139969.4148098265,143038.2531912254,True,True,True,False,True,143993.84119993038,141689.9397407315,166348.69935962645,141689.9397407315,SL,0.001,6119.738250997041,143.9938411999304,0.15,0.3272583287105488,-195.83162403190497,14.442582272353018,-210.274206304258,61334.55093465993,61124.27672835567,0.6689679577160227,5
2024-09-24 04:41:59.523330,2024-09-24 05:41:59.523330,2024-09-24 07:41:59.523330,-1,REVERSAL,RED,DOWN,57.274349655853946,381.21915175272534,25.183027034201004,1323.4686720462525,140309.9936694084,142347.03602143718,True,True,True,True,True,143400.50740495007,143400.50740495007,124871.94599630253,141070.02338029045,TSL,0.001,6094.521564710378,143.40050740495008,0.15,0.6689679577160227,198.0911420960672,14.383070892716493,183.7080712033507,61124.27672835567,61307.98479955902,0.3704300725444368,3
2024-09-24 09:41:59.523330,2024-09-24 10:41:59.523330,2024-09-24 19:41:59.523330,-1,MOMENTUM,RED,DOWN,47.93051994947026,-29.7863051914444,16.631366246370966,1305.8270287761816,140571.73756162036,142310.21184988288,True,True,True,False,True,142138.24903574726,142138.24903574726,123856.6706328807,137058.32883688668,TSL,0.001,6040.875584019259,142.13824903574726,0.15,0.3704300725444368,431.79321690314913,14.256466378285452,417.53675052486363,61307.98479955902,61725.52155008388,0.0,10
2024-09-25 17:41:59.523330,2024-09-25 18:41:59.523330,2024-09-26 05:41:59.523330,-1,MOMENTUM,RED,DOWN,40.35938940192203,-56.391883541040045,15.452140295944616,1271.0204269187902,139356.2213134031,141332.75117574556,True,True,True,False,True,137715.19341413482,137715.19341413482,119920.90743727176,133164.7674884971,TSL,0.001,5852.895720100731,137.71519341413483,0.15,0.0,386.7862036792055,13.812833899437724,372.97336977976784,61725.52155008388,62098.49491986365,0.0,12
2024-09-26 20:41:59.523330,2024-09-26 21:41:59.523330,2024-09-27 03:41:59.523330,-1,MOMENTUM,RED,DOWN,28.89229394837696,-7.874509509772224,28.48849784347894,1256.9558948884392,134266.50562816192,138723.82415905717,True,True,True,False,True,127041.60159562052,127041.60159562052,109444.21906718238,125439.62394321183,TSL,0.001,5399.268067813872,127.04160159562052,0.15,0.0,136.1681004547388,12.742272640040738,123.42582781469808,62098.49491986365,62221.92074767835,0.0,7
2024-09-27 21:41:59.523330,2024-09-27 22:41:59.523330,2024-09-28 02:41:59.523330,-1,REVERSAL,RED,DOWN,74.19674383591455,777.1667639136965,31.030774046975854,1002.2022884678266,130497.00938255092,136678.84858592914,True,True,True,True,True,133084.5318352923,133084.5318352923,119053.69979674272,132584.51072326058,TSL,0.001,5656.092602999923,133.0845318352923,0.15,0.0,42.50179452269542,13.34837854307982,29.153415979615602,62221.92074767835,62251.07416365796,0.0,5
2024-09-28 03:41:59.523330,2024-09-28 04:41:59.523330,2024-09-28 08:41:59.523330,-1,REVERSAL,RED,DOWN,65.43314865461568,411.44307354147327,33.764530955276015,944.1749506552596,131016.24089089081,136532.01983584027,True,True,True,True,True,132964.98383260026,132964.98383260026,119746.53452342663,129095.17267586276,TSL,0.001,5651.011812885511,132.96498383260027,0.15,0.0,328.9339483226877,13.336387878409809,315.59756044427786,62251.07416365796,62566.67172410224,0.0,5
2024-09-28 22:41:59.523330,2024-09-28 23:41:59.523330,2024-09-29 05:41:59.523330,-1,REVERSAL,RED,DOWN,63.83607780741561,344.93106502915396,26.13868548402727,1093.168444544623,131173.9138302797,135513.32628713845,True,True,True,True,True,133362.41319921403,135496.21181040147,118058.0549755893,135496.21181040147,SL,0.001,5667.902560966597,133.36241319921405,0.15,0.0,-181.37288195093194,13.376250043881168,-194.7491319948131,62566.67172410224,62371.922592107425,0.31126656833145,7
2024-09-29 11:41:59.523330,2024-09-29 12:41:59.523330,2024-09-29 19:41:59.523330,-1,MOMENTUM,GREEN,DOWN,39.31961118529491,-76.55611411896666,26.703433894523236,1431.2560248354341,132720.7744576923,135435.91244501492,True,True,True,False,True,132763.16520796006,132763.16520796006,112725.58086026399,131363.7278426021,TSL,0.001,5642.434521338303,132.76316520796007,0.15,0.31126656833145,118.95217605542727,13.316145470358396,105.63603058506887,62371.922592107425,62477.55862269249,0.14242902643552255,8
2024-09-30 02:41:59.523330,2024-09-30 03:41:59.523330,2024-09-30 05:41:59.523330,1,MOMENTUM,GREEN,UP,63.902522297357535,101.27245454016571,16.730912946364743,1293.637471849244,133119.24864842164,135243.74172505704,True,True,True,False,True,136170.86011937982,136170.86011937982,154281.78472526924,137550.88544655856,TSL,0.001,5787.261555073643,136.17086011937982,0.15,0.14242902643552255,117.30215281019265,13.657937269973797,103.64421554021887,62477.55862269249,62581.20283823271,0.0,3
2024-10-01 10:41:59.523330,2024-10-01 11:41:59.523330,2024-10-01 14:41:59.523330,1,REVERSAL,GREEN,UP,33.49703581846016,-941.4102221979447,28.522354464348684,1301.6699533034978,139336.19313033335,137004.0391417271,True,True,True,True,True,137563.45116240822,137563.45116240822,155786.8305086572,138403.02447222205,TSL,0.001,5846.446674402349,137.56345116240823,0.15,0.0,71.36373133417554,13.797614151589547,57.56611718258599,62581.20283823271,62638.7689554153,0.0,4
2024-10-01 18:41:59.523330,2024-10-01 19:41:59.523330,2024-10-01 22:41:59.523330,1,MOMENTUM,RED,UP,58.0277178711533,10.77245288710688,23.99252376224266,1218.6388231130243,139442.47949521441,137209.7076086483,True,True,True,False,True,140487.37304663286,140487.37304663286,157548.3165702152,142277.51611309784,TSL,0.001,5970.713354481896,140.48737304663285,0.15,0.0,152.16216064952343,14.090883516577277,138.07127713294616,62638.7689554153,62776.840232548246,0.0,4
2024-10-03 00:41:59.523330,2024-10-03 01:41:59.523330,2024-10-03 04:41:59.523330,-1,MOMENTUM,GREEN,DOWN,33.20284091280277,-13.772484611414257,15.036706806757962,1019.2146666769838,137556.98338832372,136960.84131444007,True,True,True,False,True,134730.24469562474,134730.24469562474,120461.23936214697,134069.73504076948,TSL,0.001,5726.035399564052,134.73024469562475,0.15,0.0,56.14332066269781,13.513443542971162,42.62987711972665,62776.840232548246,62819.47010966797,0.0,4
2024-10-03 17:41:59.523330,2024-10-03 18:41:59.523330,2024-10-03 22:41:59.523330,-1,REVERSAL,RED,DOWN,48.085749792933726,255.08644565993137,10.639424877075056,1081.0574199110904,136655.0977688039,136743.07905373105,True,True,True,True,True,135953.95131607258,135953.95131607258,120819.14743731731,134519.9590453973,TSL,0.001,5778.042930933085,135.9539513160726,0.15,0.0,121.88934300739915,13.636181317002082,108.25316169039708,62819.47010966797,62927.723271358365,0.0,5
2024-10-04 06:41:59.523330,2024-10-04 07:41:59.523330,2024-10-04 10:41:59.523330,-1,REVERSAL,RED,DOWN,53.72447947527913,223.81396425900044,17.00117790214856,932.1718910140373,136309.62187240948,136642.71993930844,True,True,True,True,True,136267.60453043226,136267.60453043226,123217.19805623573,134694.57876644423,TSL,0.001,5791.373192543371,136.26760453043227,0.15,0.0,133.70718993898248,13.667640734402356,120.03954920458011,62927.723271358365,63047.762820562944,0.0,4
2024-10-05 01:41:59.523330,2024-10-05 02:41:59.523330,2024-10-05 05:41:59.523330,1,MOMENTUM,GREEN,UP,59.43247706502219,51.57144103630104,16.436621281494702,1475.0440312081064,136350.12775811538,136603.7649125063,True,True,True,False,True,138907.30074169,138907.30074169,159557.9171786035,139880.44419033194,TSL,0.001,5903.560281521826,138.90730074169002,0.15,0.0,82.71719313456414,13.93240226439151,68.78479087017264,63047.762820562944,63116.54761143312,0.0,4
2024-10-05 15:41:59.523330,2024-10-05 16:41:59.523330,2024-10-05 21:41:59.523330,1,MOMENTUM,RED,UP,60.98542633121125,102.15108079010281,18.675452744945922,1637.4704448316472,137580.50593153745,136972.72056400933,True,True,True,False,True,142131.70724133935,142131.70724133935,165056.29346898242,144760.5159480325,TSL,0.001,6040.5975577569225,142.13170724133934,0.15,0.0,223.44874006891757,14.255810236306337,209.19292983261124,63116.54761143312,63325.74054126573,0.0,6
2024-10-08 11:41:59.523330,2024-10-08 12:41:59.523330,2024-10-08 14:41:59.523330,1,REVERSAL,GREEN,UP,54.77805436436753,-13.633631408023973,21.14046422118203,1376.0265355757454,140537.0724342172,139133.3166567457,True,True,True,True,True,140116.927050859,137875.05621804524,159381.29854891944,137875.05621804524,SL,0.001,5954.969399661508,140.116927050859,0.15,0.0,-190.55902078916947,14.053727783201158,-204.61274857237063,63325.74054126573,63121.12779269336,0.32311149751029866,3
2024-10-08 20:41:59.523330,2024-10-08 21:41:59.523330,2024-10-09 02:41:59.523330,1,MOMENTUM,RED,UP,59.33940608888701,23.233783232256428,17.043681458241778,1372.4607957768178,140010.01155300115,139041.05327925071,True,True,True,False,True,139982.21811427502,139982.21811427502,159196.66925515048,141827.16749443897,TSL,0.001,5949.244269856688,139.982218114275,0.15,0.32311149751029866,156.82069731393554,14.040216476861785,142.78048083707378,63121.12779269336,63263.90827353043,0.09764160230389478,6
2024-10-10 00:41:59.523330,2024-10-10 01:41:59.523330,2024-10-10 08:41:59.523330,1,REVERSAL,GREEN,UP,40.911335758438504,-664.8731889946935,19.95508377748352,1396.2091979902011,141916.13932427706,139889.29321505094,True,True,True,True,True,139874.33400395268,137636.34465988944,159421.2627758155,137636.34465988944,SL,0.001,5944.659195167989,139.8743340039527,0.15,0.09764160230389478,-190.22909424537573,14.029395700596456,-204.2584899459722,63263.90827353043,63059.649783584464,0.4201936770212294,8
2024-10-11 20:41:59.523330,2024-10-11 21:41:59.523330,2024-10-11 23:41:59.523330,-1,REVERSAL,RED,DOWN,59.46581146730462,866.7172338944438,30.446957841704357,1157.9033484789256,133275.6154681055,137311.18789730273,True,True,True,True,True,132256.57198828322,134372.67714009574,116045.92510957827,134372.67714009574,SL,0.001,5620.904309502037,132.2565719882832,0.15,0.4201936770212294,-179.86893790406393,13.265334170424806,-193.13427207448873,63059.649783584464,62866.51551150998,0.7251790912046332,3
2024-10-12 01:41:59.523330,2024-10-12 02:41:59.523330,2024-10-12 17:41:59.523330,-1,REVERSAL,RED,DOWN,58.13991393060486,1090.9068143097143,36.53887994180149,1759.631351346306,133527.18859958218,137227.94806401225,True,True,True,True,True,134838.9216122818,134838.9216122818,110204.0826934335,131192.2964270876,TSL,0.001,5730.654168521975,134.83892161228178,0.15,0.7251790912046332,309.9631407415064,13.524343837711863,296.4387969037945,62866.51551150998,63162.95430841377,0.2570617121261833,16
2024-10-13 19:41:59.523330,2024-10-13 20:41:59.523330,2024-10-14 05:41:59.523330,-1,MOMENTUM,GREEN,DOWN,37.26759696175634,-41.45051310784788,15.303343107783233,1570.3739148051773,131125.65111756776,135275.12969109832,True,True,True,False,True,126502.06594034072,126502.06594034072,104516.83113306823,121832.09270896066,TSL,0.001,5376.337802464481,126.50206594034073,0.15,0.2570617121261833,396.94772466730535,12.688157213816176,384.2595674534891,63162.95430841377,63547.21387586726,0.0,10
2024-10-15 07:41:59.523330,2024-10-15 08:41:59.523330,2024-10-15 18:41:59.523330,-1,REVERSAL,RED,DOWN,59.724717431253794,561.5903751448045,35.54753928704978,1236.9897717288927,128629.3414182415,132795.39214946696,True,True,True,True,True,132386.51170909023,132386.51170909023,115068.65490488574,123716.2247183125,TSL,0.001,5626.426747636335,132.38651170909023,0.15,0.0,736.9743942161074,13.27836712442175,723.6960270916857,63547.21387586726,64270.90990295894,0.0,11
2024-10-16 12:41:59.523330,2024-10-16 13:41:59.523330,2024-10-16 20:41:59.523330,-1,MOMENTUM,GREEN,DOWN,27.50802475375056,-45.068605448599556,27.488171283399705,1045.1684670173236,124976.61383889188,130111.33326649577,True,True,True,False,True,119701.96775787356,119701.96775787356,105069.60921963103,117238.81442036168,TSL,0.001,5087.333629709627,119.70196775787356,0.15,0.0,209.3680336885093,12.006107366114717,197.36192632239462,64270.90990295894,64468.27182928134,0.0,8
2024-10-17 11:41:59.523330,2024-10-17 12:41:59.523330,2024-10-18 05:41:59.523330,-1,MOMENTUM,GREEN,DOWN,34.76574769032841,-21.336564244578057,21.461610878460966,1213.2584060019367,123092.42732514639,128536.54055788035,True,True,True,False,True,121305.09876138448,121305.09876138448,104319.48107735737,113862.95953836585,TSL,0.001,5155.466697358841,121.30509876138449,0.15,0.0,632.5818339565838,12.166901405766865,620.414932550817,64468.27182928134,65088.686761832156,0.0,18
2024-10-19 13:41:59.523330,2024-10-19 14:41:59.523330,2024-10-19 18:41:59.523330,-1,REVERSAL,RED,DOWN,60.79535852840577,820.6572951982857,26.394949824622223,936.4034134841094,108628.1563684963,120218.60291159259,True,True,True,True,True,106109.51781427572,107807.27009930414,92999.8700254982,107807.27009930414,SL,0.002,9019.309014213437,212.21903562855144,0.15,0.0,-288.61788845483056,21.28556927354371,-309.9034577283743,65088.686761832156,64778.78330410378,0.47612491993017325,5
2024-10-20 08:41:59.523330,2024-10-20 09:41:59.523330,2024-10-20 11:41:59.523330,-1,REVERSAL,RED,DOWN,64.16715919432494,225.21174956328923,43.28847500985219,1120.1825123954918,110125.1610184606,118790.62949619253,True,True,True,True,True,112559.13739572185,114360.0835940534,96876.58222218495,114360.0835940534,SL,0.002,9567.526678636357,225.1182747914437,0.15,0.47612491993017325,-306.1608537163645,22.579362961581804,-328.74021667794625,64778.78330410378,64450.04308742584,0.9811899827433862,3
2024-10-20 12:41:59.523330,2024-10-20 13:41:59.523330,2024-10-20 20:41:59.523330,-1,REVERSAL,RED,DOWN,60.5157320192151,30.352059757678262,35.72385639316917,1122.7512427464585,110675.0764017458,118634.86564912566,True,True,True,True,True,114636.83110600588,114636.83110600588,98918.31370755546,110298.87711346374,TSL,0.001,4872.06532200525,114.63683110600589,0.15,0.9811899827433862,368.726089366082,11.49807415993239,357.2280152061497,64450.04308742584,64807.27110263199,0.4323572546945113,8
2024-10-22 02:41:59.523330,2024-10-22 03:41:59.523330,2024-10-22 08:41:59.523330,-1,REVERSAL,RED,DOWN,69.01342727769105,790.9114793617559,39.42019033115188,1114.6847117727402,109855.58256168025,115724.93224243289,True,True,True,True,True,112843.66056406284,112843.66056406284,97238.07459924447,109912.73131037677,TSL,0.002,9591.711147945342,225.6873211281257,0.15,0.4323572546945113,498.2579731266326,22.63643830915101,475.6215348174816,64807.27110263199,65282.89263744947,0.0,6
2024-10-23 15:41:59.523330,2024-10-23 16:41:59.523330,2024-10-23 23:41:59.523330,-1,MOMENTUM,RED,DOWN,25.819007526827377,-15.906316283197611,42.13284499304111,1138.9209379566032,104030.41164444361,111944.54549687688,True,True,True,False,True,95178.78118432316,96701.64168327233,79233.88805293072,96701.64168327233,SL,0.002,8090.196400667468,190.3575623686463,0.15,0.0,-258.8862848213593,19.092863505575227,-277.97914832693453,65282.89263744947,65004.91348912253,0.425807033200416,8
2024-10-24 14:41:59.523330,2024-10-24 15:41:59.523330,2024-10-24 20:41:59.523330,-1,MOMENTUM,GREEN,DOWN,35.71912191110428,-35.19417936962964,20.977447446278866,969.2775503245701,99585.58206723716,108710.05232748525,True,True,True,False,True,95575.66122169036,95575.66122169036,82005.77551714638,94412.52191944985,TSL,0.002,8123.931203843681,191.15132244338074,0.15,0.425807033200416,197.7336813808867,19.17247764107109,178.5612037398156,65004.91348912253,65183.47469286235,0.1522878974423516,6
2024-10-26 21:41:59.523330,2024-10-26 22:41:59.523330,2024-10-27 12:41:59.523330,-1,REVERSAL,RED,DOWN,55.48751680850542,349.6150580576276,19.709858365954062,728.3700793770784,88870.1247362255,99869.78448816427,True,True,True,True,True,87663.69815387462,87663.69815387462,77466.51704259551,81726.19735900112,TSL,0.002,7451.414343079343,175.32739630774924,0.15,0.1522878974423516,1009.375135128495,17.585337849667248,991.7897972788278,65183.47469286235,66175.26449014118,0.0,15
2024-10-28 14:41:59.523330,2024-10-28 15:41:59.523330,2024-10-28 17:41:59.523330,-1,MOMENTUM,GREEN,DOWN,34.06790467507871,-27.15628411055218,19.030126202003167,703.8378324997722,83925.32303988049,94209.55868139717,True,True,True,False,True,81939.07773823803,81939.07773823803,72085.34808324122,80707.76778617057,TSL,0.002,6964.821607750234,163.87815547647608,0.15,0.0,209.32269185146797,16.436978994290552,192.88571285717742,66175.26449014118,66368.15020299837,0.0,3
2024-10-30 14:41:59.523330,2024-10-30 15:41:59.523330,2024-10-30 23:41:59.523330,-1,REVERSAL,RED,DOWN,72.13050261306458,629.2961802783844,35.19497346326707,614.0743709039607,76385.11673764409,87131.47980563086,True,True,True,True,True,76567.45498695674,76567.45498695674,67970.41379430129,74376.80082132146,TSL,0.003,9762.350510836985,229.70236496087023,0.15,0.0,558.616812236996,23.039147205575283,535.5776650314207,66368.15020299837,66903.72786802979,0.0,9
2024-10-31 00:41:59.523330,2024-10-31 01:41:59.523330,2024-10-31 10:41:59.523330,-1,MOMENTUM,GREEN,DOWN,45.51136351260947,-17.852724637043764,24.330564262422364,692.5120996235023,76082.36773602554,85784.37498864096,True,True,True,False,True,74886.95241628769,74886.95241628769,65191.78302155866,70903.47851309998,TSL,0.003,9548.08643307668,224.66085724886307,0.15,0.0,1015.7858453128663,22.533483982060964,993.2523613308053,66903.72786802979,67896.98022936059,0.0,10
2024-11-01 01:41:59.523330,2024-11-01 02:41:59.523330,2024-11-01 09:41:59.523330,-1,REVERSAL,RED,DOWN,56.051867758520224,365.2806375920884,24.931265773523698,769.466325990408,73308.66137770814,82739.91742063983,True,True,True,True,True,72241.520333311,72241.520333311,61468.99176944529,70828.23522886174,TSL,0.003,9210.793842497153,216.724560999933,0.15,0.0,360.3877016345604,21.73747346829328,338.65022816626714,67896.98022936059,68235.63045752686,0.0,8
2024-11-02 09:41:59.523330,2024-11-02 10:41:59.523330,2024-11-03 04:41:59.523330,-1,REVERSAL,RED,DOWN,77.68028809549817,449.5864740076147,44.29703451269398,657.6850843728523,73229.15198926746,80160.0050346075,True,True,True,True,True,76511.83855824683,77736.02797517879,67304.2473770269,77736.02797517879,SL,0.003,9755.259416176472,229.5355156747405,0.15,0.0,-312.16830131764897,23.022412222176477,-335.1907135398255,68235.63045752686,67900.43974398704,0.49122534853467836,19
2024-11-03 17:41:59.523330,2024-11-03 18:41:59.523330,2024-11-04 00:41:59.523330,-1,REVERSAL,RED,DOWN,48.85159458551268,-66.6954818770514,25.580095959901314,605.2585646272657,76622.66858157098,79575.37753741571,True,True,True,True,True,78157.18625353696,79407.70123359354,69683.56634875524,79407.70123359354,SL,0.003,9965.041247325962,234.4715587606109,0.15,0.49122534853467836,-318.8813199144292,23.51749734368927,-342.3988172581184,67900.43974398704,67558.04092672892,0.993014245277182,7
2024-11-04 03:41:59.523330,2024-11-04 04:41:59.523330,2024-11-04 10:41:59.523330,-1,MOMENTUM,GREEN,DOWN,40.20067175190144,-97.78033257099446,23.672411886736292,914.7108028474704,77386.63880608037,79479.12963738038,True,True,True,False,True,78569.64416168815,78569.64416168815,65763.69292182356,76326.74512912329,TSL,0.003,10017.62963061524,235.70893248506445,0.15,0.993014245277182,571.93925330404,23.641605928251966,548.2976473757881,67558.04092672892,68106.33857410471,0.18947855036325428,7
2024-11-05 10:41:59.523330,2024-11-05 11:41:59.523330,2024-11-05 14:41:59.523330,-1,REVERSAL,RED,DOWN,49.2442261234748,229.41916565604652,17.880702130488398,579.5649842052009,76056.30259270055,78404.18740759208,True,True,True,True,True,75744.58902739493,76956.50245183325,67630.67924852212,76956.50245183325,SL,0.003,9657.435100992854,227.2337670821848,0.15,0.18947855036325428,-309.0379232317708,22.791546838343137,-331.8294700701139,68106.33857410471,67774.5091040346,0.6757779629211184,4
2024-11-07 08:41:59.523330,2024-11-07 09:41:59.523330,2024-11-07 10:41:59.523330,1,MOMENTUM,RED,UP,70.1041932312409,31.726565319062274,29.00772006285461,861.4917827964363,80601.48417590899,79376.03739921612,True,True,True,False,True,86103.80342833493,84726.14257348157,98164.68838748503,84726.14257348157,SL,0.002,7318.823291408469,172.20760685666986,0.15,0.6757779629211184,-234.20234532507035,17.272422967723987,-251.47476829279432,67774.5091040346,67523.0343357418,1.0443167550545465,2
2024-11-08 23:41:59.523330,2024-11-09 00:41:59.523330,2024-11-09 12:41:59.523330,1,REVERSAL,GREEN,UP,49.758003474318656,-108.62739986218799,13.011267743909446,945.1742945854892,81897.40004549979,80288.03588551829,True,True,True,True,True,81171.64767922624,79872.90131635862,94404.08780342308,79872.90131635862,SL,0.002,6899.59005273423,162.34329535845248,0.15,1.0443167550545465,-220.78688168749534,16.283032524452786,-237.06991421194812,67523.0343357418,67285.96442152986,1.391745089228882,13
2024-11-11 03:41:59.523330,2024-11-11 04:41:59.523330,2024-11-11 07:41:59.523330,-1,MOMENTUM,GREEN,DOWN,33.41121484663897,-17.7785148880385,15.84065994992906,768.8560736595872,78103.91551834397,79317.36248321892,True,True,True,False,True,75313.41773998045,76518.43242382014,64549.43270874623,76518.43242382014,SL,0.003,9602.460761847507,225.94025321994135,0.15,1.391745089228882,-307.27874437912106,22.66180739796012,-329.9405517770812,67285.96442152986,66956.02386975278,1.875276273105684,4
2024-11-11 14:41:59.523330,2024-11-11 15:41:59.523330,2024-11-11 18:41:59.523330,-1,REVERSAL,RED,DOWN,55.859959306397435,316.5096699225746,25.207614855298196,795.9521769340911,77917.66314459499,79100.16420317286,True,True,True,True,True,77671.64364884364,77671.64364884364,66528.31317176636,75301.53214207978,TSL,0.003,9903.134565227565,233.01493094653094,0.15,1.875276273105684,604.3784342247843,23.371397573937056,581.0070366508473,66956.02386975278,67537.03090640363,1.0238046405361114,4
2024-11-13 05:41:59.523330,2024-11-13 06:41:59.523330,2024-11-13 08:41:59.523330,-1,MOMENTUM,RED,DOWN,30.176095566606932,-1.9380626844940707,24.238513210922186,742.54498477185,73940.64016229645,76899.7580686827,True,False,True,False,True,71819.14336072403,71819.14336072403,61423.513573918135,70429.25083436763,TSL,0.003,9156.940778492313,215.4574300821721,0.15,1.0238046405361114,354.42259422088233,21.610380237241863,332.81221398364045,67537.03090640363,67869.84312038726,0.5360650069281352,3
2024-11-14 18:41:59.523330,2024-11-14 19:41:59.523330,2024-11-14 23:41:59.523330,-1,REVERSAL,RED,DOWN,64.81344456126003,295.93739298713615,28.447443536977204,589.5574524384884,72186.54423284516,75275.61330554984,True,True,True,True,True,72341.82344563595,72341.82344563595,64088.01911149711,70503.81784172766,TSL,0.003,9223.582489318584,217.02547033690786,0.15,0.5360650069281352,468.6914289966126,21.76765467479186,446.92377432182076,67869.84312038726,68316.76689470909,0.0,5
2024-11-15 13:41:59.523330,2024-11-15 14:41:59.523330,2024-11-15 16:41:59.523330,-1,REVERSAL,RED,DOWN,70.3032761896933,299.67473885189827,32.935961687736,574.0106429207376,72352.83477169578,74794.86583588083,True,True,True,True,True,74154.54409282177,74154.54409282177,66118.39509193145,73676.1763159213,TSL,0.003,9454.704371834776,222.46363227846533,0.15,0.0,121.98378310962028,22.31310231753007,99.6706807920902,68316.76689470909,68416.43757550117,0.0,3
2024-11-15 18:41:59.523330,2024-11-15 19:41:59.523330,2024-11-15 20:41:59.523330,-1,REVERSAL,RED,DOWN,65.48971600708651,127.61393267573555,28.734873328292103,597.1756307167819,72680.64719747816,74793.5842067175,True,True,True,True,True,74614.27060978606,75808.09893954264,66253.81177975112,75808.09893954264,SL,0.003,9513.319502747723,223.8428118293582,0.15,0.0,-304.4262240879278,22.451434026484627,-326.87765811441244,68416.43757550117,68089.55991738675,0.4777764959680814,2
2024-11-18 16:41:59.523330,2024-11-18 17:41:59.523330,2024-11-19 04:41:59.523330,1,REVERSAL,GREEN,UP,53.75874474910616,-254.9267395640984,34.073026226303895,835.2154260074666,82611.87280077739,78891.0808982245,True,True,True,True,True,83355.50858107817,83355.50858107817,95048.5245451827,88709.64412112419,TSL,0.002,7085.218229391646,166.71101716215637,0.15,0.4777764959680814,910.2030418078227,16.721115021364284,893.4819267864584,68089.55991738675,68983.0418441732,0.0,12
2024-11-19 12:41:59.523330,2024-11-19 13:41:59.523330,2024-11-19 19:41:59.523330,1,MOMENTUM,RED,UP,61.647852707568894,11.051179919706442,22.265964851148908,993.9416486656633,84501.72032567809,80318.53863090184,True,True,True,False,True,86679.99402233065,86679.99402233065,100595.17710364994,88682.58203027627,TSL,0.002,7367.799491898105,173.3599880446613,0.15,0.0,340.4399613507564,17.388006800879527,323.0519545498768,68983.0418441732,69306.09379872309,0.0,7
2024-11-20 10:41:59.523330,2024-11-20 11:41:59.523330,2024-11-20 13:41:59.523330,1,MOMENTUM,RED,UP,64.18017568437179,48.1854029758536,23.020752661808167,812.1330526090683,85772.68171841683,81439.09256909756,True,True,True,False,True,86723.07726822345,86723.07726822345,98092.94000475042,87172.92483210262,TSL,0.002,7371.461567798993,173.4461545364469,0.15,0.0,76.47408585945915,17.396649300005624,59.077436559453524,69306.09379872309,69365.17123528254,0.0,3
2024-11-21 06:41:59.523330,2024-11-21 07:41:59.523330,2024-11-21 12:41:59.523330,1,REVERSAL,GREEN,UP,49.963759080867355,-250.44732816361773,24.956869960663482,900.2780957562918,87857.8816080456,82933.26655059839,True,True,True,True,True,89766.68032801631,88330.41344276805,102370.5736686044,88330.41344276805,SL,0.002,7630.167827881387,179.53336065603264,0.15,0.0,-244.16537049220426,18.007196073800074,-262.1725665660043,69365.17123528254,69102.99866871654,0.37795995006879074,6
2024-11-22 07:41:59.523330,2024-11-22 08:41:59.523330,2024-11-22 19:41:59.523330,1,MOMENTUM,RED,UP,53.73186816691838,134.30300302507794,27.140184285140563,1059.4946972392545,85492.66058536553,83105.40303923488,True,True,True,False,True,83527.93411045328,83527.93411045328,98360.85987180284,86960.93325775216,TSL,0.002,7099.874399388529,167.05586822090658,0.15,0.37795995006879074,583.6098550408091,16.75570358255693,566.8541514582522,69102.99866871654,69669.85282017478,0.0,12
2024-11-24 06:41:59.523330,2024-11-24 07:41:59.523330,2024-11-24 09:41:59.523330,1,REVERSAL,GREEN,UP,43.00575035517637,-254.42047019681115,21.756563121836802,681.3452861539386,88889.90783499721,85458.31065496716,True,True,True,True,True,89405.3121064311,87974.8271127282,98944.14611258624,87974.8271127282,SL,0.002,7599.451529046643,178.8106242128622,0.15,0.0,-243.18244892949164,17.93470560855008,-261.11715453804175,69669.85282017478,69408.73566563675,0.37479217189105546,3
2024-11-24 12:41:59.523330,2024-11-24 13:41:59.523330,2024-11-24 17:41:59.523330,1,MOMENTUM,GREEN,UP,58.998733013789504,59.56956992484976,18.65504737195768,823.9912193186733,88915.4883643737,85882.85126419576,True,True,True,False,True,89174.64243668539,89174.64243668539,100710.51950714682,92948.93453948072,TSL,0.002,7579.844607118258,178.34928487337078,0.15,0.37479217189105546,641.6296574752057,17.88843327279909,623.7412242024066,69408.73566563675,70032.47688983915,0.0,5
2024-11-25 19:41:59.523330,2024-11-25 20:41:59.523330,2024-11-26 03:41:59.523330,1,REVERSAL,GREEN,UP,51.176870154532416,-167.2898124343331,12.93893945954798,868.5870921847961,90659.85961192672,87222.33735064273,True,True,True,True,True,90770.22073749828,90770.22073749828,102930.44002808543,92775.12068273878,TSL,0.002,7715.468762687354,181.54044147499656,0.15,0.0,340.83299069088446,18.208506279942156,322.6244844109423,70032.47688983915,70355.1013742501,0.0,8
2024-11-29 02:41:59.523330,2024-11-29 03:41:59.523330,2024-11-29 05:41:59.523330,1,MOMENTUM,GREEN,UP,71.9185794263856,131.71333318855062,27.210481531641626,1112.3429276897446,100141.18529042078,94047.71567360734,True,True,True,False,True,104623.4904975806,102949.5146496193,120196.29148523702,102949.5146496193,SL,0.002,8892.996692294351,209.2469809951612,0.15,0.0,-284.57589415341994,20.98747219381467,-305.56336634723465,70355.1013742501,70049.53800790285,0.4343158639226634,3
2024-11-29 19:41:59.523330,2024-11-29 20:41:59.523330,2024-11-30 01:41:59.523330,1,MOMENTUM,GREEN,UP,66.08327676754888,50.935944071681206,24.922270073195037,1096.1043146790698,100976.3164637188,95186.77932992211,True,True,True,False,True,103779.8916923587,103779.8916923587,119125.35209786567,105660.5609830256,TSL,0.002,8821.29079385049,207.5597833847174,0.15,0.4343158639226634,319.71377941337386,20.818246273487155,298.8955331398867,70049.53800790285,70348.43354104274,0.00947739833659053,6
2024-12-01 07:41:59.523330,2024-12-01 08:41:59.523330,2024-12-01 11:41:59.523330,1,MOMENTUM,GREEN,UP,64.66559735281075,43.214910393298396,21.17692671618005,1042.168994220558,106506.9232107369,99082.15812807252,True,True,True,False,True,110837.08868417727,110837.08868417727,125427.45460326508,113449.79316078385,TSL,0.002,9421.15253815507,221.67417736835455,0.15,0.00947739833659053,444.1597610231188,22.233919990045962,421.92584103307286,70348.43354104274,70770.35938207581,0.0,4
2024-12-02 16:41:59.523330,2024-12-02 17:41:59.523330,2024-12-02 20:41:59.523330,1,MOMENTUM,RED,UP,65.58840443984606,15.140071680762958,15.49949560619068,1097.136657258131,111808.64658323248,103734.97489953687,True,True,True,False,True,116162.62869270974,116162.62869270974,131522.54189432357,117975.13353586846,TSL,0.002,9873.823438880328,232.3252573854195,0.15,0.0,308.1258233369824,23.302223315757576,284.8236000212248,70770.35938207581,71055.18298209703,0.0,4
2024-12-04 21:41:59.523330,2024-12-04 22:41:59.523330,2024-12-05 00:41:59.523330,1,REVERSAL,GREEN,UP,36.07617453976201,-521.9676323387678,23.661916754527304,1012.2423852431837,123703.14057170371,112491.20138355337,True,True,True,True,True,123844.82447128282,121863.3072797423,138016.21786468738,121863.3072797423,SL,0.002,10526.81008005904,247.68964894256564,0.15,0.0,-336.85792256188887,24.843271788939333,-361.7011943508282,71055.18298209703,70693.4817877462,0.5090426611693615,3
2024-12-05 04:41:59.523330,2024-12-05 05:41:59.523330,2024-12-05 09:41:59.523330,1,REVERSAL,GREEN,UP,43.536343643317124,-475.1342884374394,31.46486908787898,1297.1738573543685,122879.48315798597,113150.50448898105,True,True,True,True,True,120848.39552301462,120848.39552301462,139008.82952597577,122956.49268928457,TSL,0.002,10272.113619456244,241.69679104602926,0.15,0.5090426611693615,358.37651826589064,24.24218814191674,334.13433012397394,70693.4817877462,71027.61611787017,0.03879641578546514,5
2024-12-06 08:41:59.523330,2024-12-06 09:41:59.523330,2024-12-06 11:41:59.523330,1,REVERSAL,GREEN,UP,31.024005105280764,-602.4607987305069,43.1304993142811,1126.7895794984415,120847.89781697722,114719.25347568562,True,True,True,True,True,116040.9920030762,116040.9920030762,131816.04611605438,118487.5851611802,TSL,0.002,9863.484320261477,232.0819840061524,0.15,0.03879641578546514,415.920836877681,23.277822995817086,392.64301388186385,71027.61611787017,71420.25913175204,0.0,3
2024-12-07 04:41:59.523330,2024-12-07 05:41:59.523330,2024-12-07 07:41:59.523330,1,REVERSAL,GREEN,UP,45.534421231327414,-95.36079862776603,17.94854826230113,1325.049885561531,119443.35029538212,115168.38971690644,True,True,True,True,True,117335.99289225538,115458.6170059793,135886.6912901168,115458.6170059793,SL,0.002,9973.559395841707,234.67198578451075,0.15,0.0,-319.15390066693493,23.53760017418643,-342.69150084112135,71420.25913175204,71077.56763091093,0.4798239393236284,3
2024-12-07 08:41:59.523330,2024-12-07 09:41:59.523330,2024-12-07 15:41:59.523330,1,REVERSAL,GREEN,UP,43.322286312933294,-161.41751909312507,17.11245419160143,1248.5686539126973,119011.61762464694,115227.79629383134,True,True,True,True,True,116242.76334324769,114382.87912975572,133722.72449802543,114382.87912975572,SL,0.002,9880.634884176054,232.48552668649538,0.15,0.4798239393236284,-316.1803162936347,23.318298326655487,-339.4986146202902,71077.56763091093,70738.06901629064,0.9551773176892804,7
2024-12-07 18:41:59.523330,2024-12-07 19:41:59.523330,2024-12-07 23:41:59.523330,1,MOMENTUM,RED,UP,50.44945448501648,3.9511049722075313,15.003197274901037,1018.0749723866656,118017.01161307597,115208.4736206398,True,False,True,False,True,115802.32922093102,115802.32922093102,130055.37883434433,117321.2423328595,TSL,0.002,9843.197983779137,231.60465844186203,0.15,0.9551773176892804,258.2152290278427,23.22994724171876,234.98528178612395,70738.06901629064,70973.05429807676,0.6261596346917472,5
2024-12-10 10:41:59.523330,2024-12-10 11:41:59.523330,2024-12-10 16:41:59.523330,-1,REVERSAL,RED,DOWN,52.74389049298525,469.21445119274813,20.650439541914945,1041.8024452837926,110111.83771976632,113132.69327006734,True,True,True,True,True,109829.02181106036,109829.02181106036,95243.78757708726,108834.98040060503,TSL,0.002,9335.46685394013,219.65804362212072,0.15,0.6261596346917472,168.9870397774069,22.031701775298707,146.9553380021082,70973.05429807676,71120.00963607887,0.420398216589056,6
2024-12-10 18:41:59.523330,2024-12-10 19:41:59.523330,2024-12-10 23:41:59.523330,-1,MOMENTUM,RED,DOWN,36.11699916542114,-46.11422619655325,18.391412107142628,722.9724094588953,109754.43443138158,112744.21878829507,True,True,True,False,True,107603.70723407522,107603.70723407522,97482.09350165068,104397.16539585953,TSL,0.002,9146.315114896393,215.20741446815043,0.15,0.420398216589056,545.1121124966679,21.58530367115549,523.5268088255124,71120.00963607887,71643.53644490438,0.0,5
2024-12-13 10:41:59.523330,2024-12-13 11:41:59.523330,2024-12-13 14:41:59.523330,1,REVERSAL,GREEN,UP,39.120095995101074,-819.1707486157106,29.842787079322505,1088.775854226266,118504.2209755841,114602.90303990564,True,True,True,True,True,121061.43424567656,121061.43424567656,136304.2962048443,122811.92451676461,TSL,0.002,10290.221910882508,242.12286849135313,0.15,0.0,297.58334608496955,24.284923709682722,273.2984223752868,71643.53644490438,71916.83486727967,0.0,4
2024-12-14 04:41:59.523330,2024-12-14 05:41:59.523330,2024-12-14 08:41:59.523330,1,MOMENTUM,GREEN,UP,63.84219977539732,54.60129228815981,16.65724679803637,1156.2339515491553,120775.72019699423,116227.53873543348,True,True,True,False,True,123794.96753575632,123794.96753575632,139982.2428574445,124646.05935951561,TSL,0.002,10522.572240539288,247.58993507151266,0.15,0.0,144.68561003907845,24.83327048767272,119.85233955140572,71916.83486727967,72036.68720683108,0.0,4
2024-12-15 05:41:59.523330,2024-12-15 06:41:59.523330,2024-12-15 10:41:59.523330,1,MOMENTUM,GREEN,UP,64.70960702140903,78.40575589516803,30.338149963280085,1708.0089083346643,123773.23837575373,118383.20953741034,True,True,True,False,True,129269.25979207562,127200.95163540241,153181.38450876094,127200.95163540241,SL,0.001,5493.943541163214,129.26925979207562,0.15,0.0,-175.80619331722323,12.965706757145185,-188.77190007436843,72036.68720683108,71847.91530675671,0.2620496685700817,5
2024-12-16 04:41:59.523330,2024-12-16 05:41:59.523330,2024-12-16 12:41:59.523330,1,MOMENTUM,GREEN,UP,51.6305894741253,27.118863995046155,15.414814341996118,1258.1432365891187,125082.02293068742,120007.94964640567,True,True,True,False,True,126247.27991990672,126247.27991990672,143861.2852321544,130647.75568696774,TSL,0.002,10731.018793192072,252.49455983981346,0.15,0.2620496685700817,748.080880400372,25.325204351933294,722.7556760484388,71847.91530675671,72570.67098280515,0.0,8
2024-12-17 14:41:59.523330,2024-12-17 15:41:59.523330,2024-12-17 18:41:59.523330,1,MOMENTUM,RED,UP,63.30957679604989,110.2067570791227,19.6857388300869,1328.3400536229253,127974.05912965747,122606.31198356715,True,True,True,False,True,130883.70823741528,130883.70823741528,149480.46898813624,132090.29415990823,TSL,0.001,5562.557600090149,130.88370823741528,0.15,0.0,102.55980341190028,13.127635936212751,89.43216747568752,72570.67098280515,72660.10315028085,0.0,4
2024-12-18 12:41:59.523330,2024-12-18 13:41:59.523330,2024-12-18 17:41:59.523330,1,MOMENTUM,RED,UP,59.57082237349892,99.96537354914699,17.44224912464099,1601.7020910338185,128435.67885106268,123948.07936564289,True,True,True,False,True,130292.43971747998,128207.7606820003,152716.26899195343,128207.7606820003,SL,0.001,5537.4286879928995,130.29243971748,0.15,0.0,-177.19771801577306,13.068331703663244,-190.26604971943632,72660.10315028085,72469.83710056142,0.2618576653076149,5
2024-12-19 00:41:59.523330,2024-12-19 01:41:59.523330,2024-12-19 05:41:59.523330,1,MOMENTUM,GREEN,UP,64.00378194965816,100.64745030766389,17.18179354185785,1288.8425005716738,128509.44109323774,124579.58115620002,True,True,True,False,True,130210.9476968852,130210.9476968852,148254.74270488863,131265.51717098954,TSL,0.001,5533.965277117621,130.2109476968852,0.15,0.2618576653076149,89.63840529886896,13.060158053997586,76.57824724487138,72469.83710056142,72546.4153478063,0.15646523682937197,5
2024-12-20 13:41:59.523330,2024-12-20 14:41:59.523330,2024-12-20 15:41:59.523330,1,MOMENTUM,RED,UP,64.37061280319702,82.7070091482201,22.330029613392302,1277.6267908263876,132255.03643207022,127220.18327843279,True,True,True,False,True,135256.85927123658,133092.7495228968,153143.634342806,133092.7495228968,SL,0.001,5748.416519027554,135.25685927123658,0.15,0.15646523682937197,-183.9493286088809,13.566262984905029,-197.51559159378596,72546.4153478063,72348.89975621252,0.42830023709803855,2
2024-12-20 17:41:59.523330,2024-12-20 18:41:59.523330,2024-12-20 22:41:59.523330,1,MOMENTUM,RED,UP,60.89958125074067,64.91672385938841,19.84420384679731,1512.2267588466716,132609.7493650629,127630.13849479456,True,True,True,False,True,135103.82466997753,135103.82466997753,156274.99929383094,138678.23689922638,TSL,0.001,5741.912548474045,135.10382466997754,0.15,0.42830023709803855,303.8250394861519,13.550913614398748,290.2741258717532,72348.89975621252,72639.17388208427,0.028804346937530482,5
2024-12-21 15:41:59.523330,2024-12-21 16:41:59.523330,2024-12-21 18:41:59.523330,1,MOMENTUM,RED,UP,69.37389050726046,81.67443964887957,18.38203872693137,1814.9418321048852,135359.0791263035,129504.04793118272,True,True,True,False,True,141033.1687905453,138776.6380898966,166442.3544400137,138776.6380898966,SL,0.001,5993.909673598176,141.03316879054532,0.15,0.028804346937530482,-191.80510955514185,14.145626829691697,-205.95073638483356,72639.17388208427,72433.22314569943,0.31224839319614467,3
2024-12-22 11:41:59.523330,2024-12-22 12:41:59.523330,2024-12-23 02:41:59.523330,1,REVERSAL,GREEN,UP,30.291543202806267,-917.233491619924,32.97024108521641,1295.1670333616923,137272.9276420533,131148.42276648266,True,True,True,True,True,134954.75753139908,134954.75753139908,153087.09599846278,141620.51330073402,TSL,0.001,5735.577195084461,134.95475753139908,0.15,0.31224839319614467,566.5892403934696,13.535962180399327,553.0532782130703,72433.22314569943,72986.27642391251,0.0,15
2024-12-23 15:41:59.523330,2024-12-23 16:41:59.523330,2024-12-23 21:41:59.523330,1,REVERSAL,GREEN,UP,32.96860532123982,-818.6388036105409,33.25126075792465,1583.835406266142,137261.89174663895,132577.9965755777,True,True,True,True,True,133870.78220480596,131728.84968952907,156044.47789253196,131728.84968952907,SL,0.001,5689.508243704254,133.87078220480598,0.15,0.0,-182.0642637985354,13.42723945514204,-195.49150325367745,72986.27642391251,72790.78492065883,0.26784693346766225,6
2024-12-24 20:41:59.523330,2024-12-24 21:41:59.523330,2024-12-25 02:41:59.523330,-1,MOMENTUM,GREEN,DOWN,38.20247295616119,-64.39211909727976,17.45832564252279,1620.4641449787189,132727.72362299744,131875.60999106627,True,True,True,False,True,128415.2075491682,128415.2075491682,105728.70951946614,124589.77593850654,TSL,0.002,10915.292641679298,256.8304150983364,0.15,0.26784693346766225,650.3233738124824,25.760090634363145,624.5632831781191,72790.78492065883,73415.34820383695,0.0,6
2024-12-25 13:41:59.523330,2024-12-25 14:41:59.523330,2024-12-25 16:41:59.523330,-1,MOMENTUM,GREEN,DOWN,25.97909967239997,-73.86022425716942,23.522897417626304,1173.0298302276387,129088.54212740487,130754.2386424824,True,True,True,False,True,123122.24990571964,123122.24990571964,106699.8322825327,121920.89607139066,TSL,0.002,10465.39124198617,246.24449981143928,0.15,0.0,204.23015183592724,24.698323331087362,179.5318285048399,73415.34820383695,73594.8800323418,0.0,3
2024-12-26 21:41:59.523330,2024-12-26 22:41:59.523330,2024-12-27 04:41:59.523330,-1,REVERSAL,RED,DOWN,57.130478728951815,271.13265759996455,19.476727790388907,1117.8227693322906,127236.18259229194,129696.6898573195,True,True,True,True,True,128251.46704969875,130303.49052249393,112601.94827904669,130303.49052249393,SL,0.002,10901.374699224394,256.5029340993975,0.15,0.0,-348.8439903751798,25.727244290169573,-374.5712346653494,73594.8800323418,73220.30879767645,0.50896371391697,7
2024-12-27 18:41:59.523330,2024-12-27 19:41:59.523330,2024-12-27 23:41:59.523330,1,MOMENTUM,RED,UP,66.80943794347411,26.83599221451641,19.587316603547976,1125.9490472886232,128546.22342723934,129731.14891859579,True,True,True,False,True,131644.7904018391,131644.7904018391,147408.0770638798,134888.48362870622,TSL,0.001,5594.903592078162,131.6447904018391,0.15,0.50896371391697,275.7139242837054,13.203972477304461,262.509951806401,73220.30879767645,73482.81874948285,0.15226777027111787,5
2024-12-29 12:41:59.523330,2024-12-29 13:41:59.523330,2024-12-29 15:41:59.523330,-1,MOMENTUM,GREEN,DOWN,27.826051614338922,-132.68431748353782,25.679823751152053,1285.003856025095,126712.42557626474,128599.78095895515,True,True,True,False,True,121097.88109683857,121097.88109683857,103107.82711248723,121097.88109683857,SL,0.002,10293.319893231277,242.19576219367713,0.15,0.15226777027111787,-0.0,24.29223494802582,-24.29223494802582,73482.81874948285,73458.52651453482,0.1852758204742651,3
2024-12-30 19:41:59.523330,2024-12-30 20:41:59.523330,2024-12-31 05:41:59.523330,-1,MOMENTUM,RED,DOWN,30.038901328364744,-55.09997057877217,27.255532547452265,933.9497208579293,120639.99972901112,126056.24226554627,True,True,True,False,True,115660.7229171984,115660.7229171984,102585.4268251874,114334.21695731649,TSL,0.002,9831.161447961866,231.32144583439683,0.15,0.1852758204742651,225.50601317992653,23.201541017190006,202.30447216273654,73458.52651453482,73660.83098669756,0.0,10
2024-12-31 16:41:59.523330,2024-12-31 17:41:59.523330,2024-12-31 19:41:59.523330,-1,REVERSAL,RED,DOWN,74.47872311805756,944.7323034218032,38.25777156135046,1232.9679155683873,119096.57718843674,124477.90818138204,True,True,True,True,True,121797.22641603475,121797.22641603475,104535.67559807733,119831.30375397987,TSL,0.002,10352.764245362954,243.59445283206952,0.15,0.0,334.2068525493308,24.432523619056575,309.7743289302742,73660.83098669756,73970.60531562784,0.0,3
2024-12-31 23:41:59.523330,2025-01-01 00:41:59.523330,2025-01-01 09:41:59.523330,-1,MOMENTUM,RED,DOWN,48.35372893099236,-32.22618883535222,18.034940854542487,1022.0602029452788,119363.48123562447,124289.33766861814,True,True,True,False,True,120204.19834661052,122127.46552015629,105895.35550537662,122127.46552015629,SL,0.002,10217.356859461896,240.40839669322105,0.15,0.0,-326.95541950278084,24.112962188330073,-351.068381691111,73970.60531562784,73619.53693393673,0.47460525730878883,10
2025-01-01 13:41:59.523330,2025-01-01 14:41:59.523330,2025-01-01 17:41:59.523330,-1,REVERSAL,RED,DOWN,44.04605962904513,-135.5890840762031,20.176783059769086,893.581786936845,120281.65690862067,123726.9698602066,True,True,True,True,True,119726.72095288245,119726.72095288245,107216.57593576661,118207.0028356419,TSL,0.002,10176.771280995008,239.4534419057649,0.15,0.47460525730878883,258.35207993089176,24.01718022314822,234.33489970774355,73619.53693393673,73853.87183364447,0.15781063502896706,4
2025-01-03 02:41:59.523330,2025-01-03 03:41:59.523330,2025-01-03 05:41:59.523330,-1,REVERSAL,RED,DOWN,56.980393631637625,507.2581799076274,21.886468832977766,1135.533796786677,119189.6752046633,122379.56543128034,True,True,True,True,True,119546.73993293988,119546.73993293988,103649.2667779264,118686.92180967615,TSL,0.002,10161.47289429989,239.09347986587974,0.15,0.15781063502896706,146.16908095483393,23.98107603054774,122.18800492428619,73853.87183364447,73976.05983856876,0.0,3
2025-01-03 09:41:59.523330,2025-01-03 10:41:59.523330,2025-01-03 14:41:59.523330,-1,REVERSAL,RED,DOWN,54.54166565381288,191.70969740081517,17.119136971683805,1407.403879020259,119295.2630985739,122147.39694624215,True,True,True,True,True,119761.64492340712,121677.83124218164,100057.99061712349,121677.83124218164,SL,0.002,10179.739818489605,239.52328984681424,0.15,0.0,-325.75167419166814,24.02418597163547,-349.7758601633036,73976.05983856876,73626.28397840545,0.47282304697843397,5
2025-01-05 00:41:59.523330,2025-01-05 01:41:59.523330,2025-01-05 06:41:59.523330,1,MOMENTUM,RED,UP,76.56081769606078,146.22069296088466,35.39987066744383,1799.8028633462693,132428.68285102287,126863.67135742179,True,True,True,False,True,144250.66243820198,144250.66243820198,169447.90252504975,146444.14059503138,TSL,0.001,6130.653153623583,144.25066243820197,0.15,0.47282304697843397,186.44564333049888,14.468341442551658,171.97730188794722,73626.28397840545,73798.2612802934,0.2403460777221097,6
2025-01-06 10:41:59.523330,2025-01-06 11:41:59.523330,2025-01-07 03:41:59.523330,1,REVERSAL,GREEN,UP,50.553872963371816,-504.1973264439167,26.22942904874259,1351.64117190147,141180.67510120085,131771.13200987803,True,True,True,True,True,143379.36470935008,143379.36470935008,162302.34111597066,149323.74198488673,TSL,0.001,6093.623000147379,143.37936470935009,0.15,0.2403460777221097,505.27206842061537,14.380950280347815,490.8911181402675,73798.2612802934,74289.15239843367,0.0,17
2025-01-07 13:41:59.523330,2025-01-07 14:41:59.523330,2025-01-07 18:41:59.523330,1,REVERSAL,GREEN,UP,36.47872583435746,-650.8554914253716,26.34157512682619,1290.7820184301954,143742.57677653257,135123.68350239677,True,True,True,True,True,143541.010295228,143541.010295228,161611.95855325076,146927.69498882547,TSL,0.001,6100.49293754719,143.541010295228,0.15,0.0,287.8681989557842,14.39716333261137,273.4710356231728,74289.15239843367,74562.62343405683,0.0,5
2025-01-07 23:41:59.523330,2025-01-08 00:41:59.523330,2025-01-08 03:41:59.523330,1,MOMENTUM,RED,UP,60.81475472962141,35.66730912482731,17.501611796833537,1615.4380027275784,144300.66520609346,135944.37549871122,True,True,True,False,True,148553.67949049905,148553.67949049905,171169.81152868515,149472.0742887108,TSL,0.001,6313.531378346211,148.55367949049906,0.15,0.0,78.06355784799904,14.899934052897057,63.16362379510198,74562.62343405683,74625.78705785194,0.0,4
2025-01-08 11:41:59.523330,2025-01-08 12:41:59.523330,2025-01-08 22:41:59.523330,1,MOMENTUM,GREEN,UP,63.88734856710995,81.74379572082512,18.768395036426174,1607.6835049856866,145826.8580116501,137380.54044531952,True,True,True,False,True,150206.62737387946,150206.62737387946,172714.19644367907,154232.44165725916,TSL,0.001,6383.7816633898765,150.20662737387946,0.15,0.0,342.19421408727476,15.065724725600111,327.1284893616746,74625.78705785194,74952.9155472136,0.0,11
2025-01-09 06:41:59.523330,2025-01-09 07:41:59.523330,2025-01-09 12:41:59.523330,1,REVERSAL,GREEN,UP,49.628862387151024,-413.86710927764966,20.619458922103867,1230.231212343113,149169.04307472095,140094.00672744843,True,True,True,True,True,152093.34374943134,149659.85024944044,169316.5807222349,149659.85024944044,SL,0.001,6463.967109350832,152.09334374943134,0.15,0.0,-206.84694749922667,15.254962378067965,-222.10190987729462,74952.9155472136,74730.81363733631,0.29632190856857543,6
2025-01-10 11:41:59.523330,2025-01-10 12:41:59.523330,2025-01-10 16:41:59.523330,1,MOMENTUM,GREEN,UP,68.75742754521276,139.44827403465558,14.288435295689267,1443.549177125105,152627.70072403905,143489.07667491608,True,True,True,False,True,157964.1201885459,155436.69426552916,178173.80866829737,155436.69426552916,SL,0.001,6713.475108013201,157.9641201885459,0.15,0.29632190856857543,-214.83120345642266,15.843801254911156,-230.67500471133383,74730.81363733631,74500.13863262498,0.6040817909256886,5
2025-01-11 04:41:59.523330,2025-01-11 05:41:59.523330,2025-01-11 08:41:59.523330,1,REVERSAL,GREEN,UP,44.79815735555455,-389.6565857996161,17.929210815736365,1129.35951115198,153560.24831543278,145550.19769861916,True,True,True,True,True,154869.8210307749,154869.8210307749,170680.85418690264,156523.28660472736,TSL,0.001,6581.967393807934,154.86982103077492,0.15,0.6040817909256886,140.5445737859579,15.533443049386726,125.01113073657118,74500.13863262498,74625.14976336155,0.4372955761081643,4
2025-01-13 05:41:59.523330,2025-01-13 06:41:59.523330,2025-01-13 10:41:59.523330,1,MOMENTUM,RED,UP,76.50629166263234,20.769427737995102,51.33695640976581,2064.140856978962,180704.57000481075,160268.02080014633,True,True,True,False,True,197164.3587004504,197164.3587004504,226062.33069815586,199930.84183470847,TSL,0.001,8379.485244769143,197.1643587004504,0.15,0.4372955761081643,235.15106641193617,19.775585177655177,215.375481234281,74625.14976336155,74840.52524459583,0.14994787300432155,5
2025-01-13 13:41:59.523330,2025-01-13 14:41:59.523330,2025-01-13 17:41:59.523330,1,MOMENTUM,RED,UP,78.08358764886793,44.555665802417934,50.95283443311196,1973.5573997918304,185991.6419045073,163546.68001662052,True,True,True,False,True,202577.54012860247,202577.54012860247,230207.3437256881,203876.78147606668,TSL,0.001,8609.545455465604,202.57754012860246,0.15,0.14994787300432155,110.43551453445777,20.31852727489883,90.11698725955894,74840.52524459583,74930.6422318554,0.02971640955604763,4
2025-01-14 12:41:59.523330,2025-01-14 13:41:59.523330,2025-01-14 16:41:59.523330,1,REVERSAL,GREEN,UP,27.033779116095275,-1020.618868027794,32.930439509278955,1614.7688534958966,190905.82963437168,169599.93611076687,True,True,True,True,True,188187.1434673981,185176.14917191974,210793.90741634066,185176.14917191974,SL,0.001,7997.95359736442,188.1871434673981,0.15,0.02971640955604763,-255.93451511566076,18.87517048978003,-274.80968560544073,74930.6422318554,74655.83254624995,0.3963594995534497,4
2025-01-14 18:41:59.523330,2025-01-14 19:41:59.523330,2025-01-15 01:41:59.523330,1,REVERSAL,GREEN,UP,45.1952432120054,-440.8116921060798,36.795739710625064,1697.648808064219,189960.57138611944,170363.49496797725,True,True,True,True,True,188753.41569658788,188753.41569658788,212520.49900948696,196652.17366574123,TSL,0.001,8022.020167104985,188.7534156965879,0.15,0.3963594995534497,671.3944273780345,18.931967594367766,652.4624597836668,74655.83254624995,75308.29500603362,0.0,7
2025-01-15 14:41:59.523330,2025-01-15 15:41:59.523330,2025-01-16 01:41:59.523330,1,MOMENTUM,RED,UP,68.29532762383937,408.34023110446844,20.261174215834853,2649.4729088878685,191973.0801996194,174834.27226283168,True,True,True,False,True,198286.5333993596,198286.5333993596,235379.15412378978,203110.97968569378,TSL,0.001,8427.177669472783,198.28653339935963,0.15,0.0,410.07793433840374,19.88813929995577,390.1897950384479,75308.29500603362,75698.48480107206,0.0,11
2025-01-17 17:41:59.523330,2025-01-17 18:41:59.523330,2025-01-18 03:41:59.523330,1,MOMENTUM,GREEN,UP,73.25010432532649,189.84399134545993,30.177712981583852,2753.8781471939637,211250.2912666775,190612.42916344502,True,True,True,False,True,225386.72949128403,225386.72949128403,263941.02355199953,229594.30820280916,TSL,0.001,9578.936003379571,225.38672949128403,0.15,0.0,357.644190479636,22.606288967975786,335.03790151166015,75698.48480107206,76033.52270258372,0.0,10
2025-01-20 05:41:59.523330,2025-01-20 06:41:59.523330,2025-01-20 10:41:59.523330,1,MOMENTUM,RED,UP,66.27160800299009,19.98277619408816,25.567374298300063,3270.228587244771,232061.93097228502,210363.3752262231,True,True,True,False,True,238110.294910321,238110.294910321,283893.4951317478,244823.42881450144,TSL,0.001,10119.687533688642,238.11029491032102,0.15,0.0,570.6163818553366,23.882462579505198,546.7339192758313,76033.52270258372,76580.25662185956,0.0,5
2025-01-21 09:41:59.523330,2025-01-21 10:41:59.523330,2025-01-21 13:41:59.523330,1,MOMENTUM,GREEN,UP,70.20195465153724,232.61693286239642,21.2729327725897,3040.297445480867,240507.64892039105,218979.14593052206,True,True,True,False,True,250990.06708696776,246974.22601357626,293554.2313236999,246974.22601357626,SL,0.001,10667.07785119613,250.99006708696777,0.15,0.0,-341.346491238277,25.17430372882287,-366.5207949670999,76580.25662185956,76213.73582689246,0.47861003754129505,4
2025-01-22 07:41:59.523330,2025-01-22 08:41:59.523330,2025-01-22 11:41:59.523330,1,REVERSAL,GREEN,UP,35.99016218526742,-619.831858271547,20.999118984067078,1736.8525415854117,243289.14037506722,223657.12365019027,True,True,True,True,True,243443.751857612,243443.751857612,267759.68743980775,244454.40838791121,TSL,0.001,10346.35945394851,243.443751857612,0.15,0.47861003754129505,85.90580507543405,24.417408311318486,61.488396764115556,76213.73582689246,76275.22422365658,0.398317283930216,4
2025-01-22 14:41:59.523330,2025-01-22 15:41:59.523330,2025-01-22 16:41:59.523330,1,REVERSAL,GREEN,UP,49.8169901297117,-152.864651112209,17.096072139371394,2372.4708591918397,243171.63723974876,225133.95380739233,True,True,True,True,True,244430.80190713963,240519.9090766254,277645.3939358254,240519.9090766254,SL,0.001,10388.309081053434,244.43080190713962,0.15,0.398317283930216,-332.42589059370977,24.516409431286107,-356.94230002499586,76275.22422365658,75918.28192363158,0.8644195350463444,2
2025-01-23 23:41:59.523330,2025-01-24 00:41:59.523330,2025-01-24 03:41:59.523330,1,MOMENTUM,RED,UP,64.2995274089096,36.933386924051774,17.634563524819463,1908.2260670122594,248945.71772943123,232507.68055732327,True,True,True,False,True,254573.7558345345,254573.7558345345,281288.92077270616,258538.412913839,TSL,0.001,10819.384622967716,254.5737558345345,0.15,0.8644195350463444,336.9958517408834,25.53374771020381,311.4621040306796,75918.28192363158,76229.74402766227,0.4577062152299476,4
2025-01-24 10:41:59.523330,2025-01-24 11:41:59.523330,2025-01-24 13:41:59.523330,1,REVERSAL,GREEN,UP,42.76438241989669,-938.0356944214288,24.868395966628572,2758.051932744008,250869.71700960616,234704.27035066058,True,True,True,True,True,249036.8045969368,245052.2157233858,287649.5316553529,245052.2157233858,SL,0.001,10584.064195369814,249.0368045969368,0.15,0.4577062152299476,-338.6900542518345,24.97839150107276,-363.6684457529073,76229.74402766227,75866.07558190936,0.9325915992639007,3
2025-01-25 01:41:59.523330,2025-01-25 02:41:59.523330,2025-01-25 06:41:59.523330,1,REVERSAL,GREEN,UP,37.286000633542,-687.7808349561806,29.10962005664768,2793.837932457534,246358.648901447,235341.27803781684,True,True,True,True,True,235247.5487916024,235247.5487916024,274361.2798460079,240230.97140133777,TSL,0.001,9998.020823643103,235.2475487916024,0.15,0.9325915992639007,423.5909218275063,23.595329143797724,399.9955926837086,75866.07558190936,76266.07117459307,0.4102695147887534,5
2025-01-26 03:41:59.523330,2025-01-26 04:41:59.523330,2025-01-26 09:41:59.523330,1,MOMENTUM,GREEN,UP,69.44202302100042,417.4327278277988,24.29855199552011,2326.0719514451666,241197.98763407322,236297.5620260533,True,True,True,False,True,243027.1880084669,243027.1880084669,275592.19532869925,252826.44146211134,TSL,0.001,10328.655490359844,243.0271880084669,0.15,0.4102695147887534,832.9365435597765,24.37562695724923,808.5609166025272,76266.07117459307,77074.6320911956,0.0,6
2025-01-27 11:41:59.523330,2025-01-27 12:41:59.523330,2025-01-27 17:41:59.523330,1,REVERSAL,GREEN,UP,32.70639064738542,-1652.1813505442708,30.242315106560955,2178.777212227246,251963.01698630577,241748.02528168273,True,True,True,True,True,251890.59339888464,251890.59339888464,282393.4743700661,256194.66634977184,TSL,0.001,10705.350219452597,251.89059339888465,0.15,0.0,365.8462008254122,25.26462651790813,340.58157430750407,77074.6320911956,77415.2136655031,0.0,6
2025-01-27 18:41:59.523330,2025-01-27 19:41:59.523330,2025-01-27 23:41:59.523330,1,MOMENTUM,GREEN,UP,72.04319890305597,155.7075448955493,24.454784038662485,2435.7671482390297,252857.85680972665,242953.4875956769,True,True,True,False,True,259581.9883708644,255428.67655693056,293682.7284462108,255428.67655693056,SL,0.001,11032.234505761737,259.5819883708644,0.15,0.0,-353.03150418437576,26.0360734335977,-379.0675776179735,77415.2136655031,77036.14608788514,0.4896551461523464,5
2025-01-29 12:41:59.523330,2025-01-29 13:41:59.523330,2025-01-29 15:41:59.523330,-1,MOMENTUM,RED,DOWN,23.056832884465322,-117.35779147897665,26.998126277334563,2303.8140760160713,237298.5965403696,239908.774113465,True,True,True,False,True,221074.56540011664,224611.7584465185,188821.16833589165,224611.7584465185,SL,0.001,9395.669029504958,221.07456540011665,0.15,0.4896551461523464,-300.6614089441586,22.1737789096317,-322.8351878537903,77036.14608788514,76713.31090003134,0.9066729034741897,3
2025-01-29 21:41:59.523330,2025-01-29 22:41:59.523330,2025-01-30 02:41:59.523330,-1,MOMENTUM,RED,DOWN,28.729414618787715,-159.20376522283004,25.733685768144056,2195.7188993712584,233354.82738108275,238491.566646041,True,True,True,False,True,220953.11982992425,220953.11982992425,190213.05523872664,218911.58533732174,TSL,0.001,9390.50759277178,220.95311982992425,0.15,0.9066729034741897,173.53043187121366,22.1615979189414,151.36883395227224,76713.31090003134,76864.67973398362,0.7111443674343427,5
2025-01-31 02:41:59.523330,2025-01-31 03:41:59.523330,2025-01-31 08:41:59.523330,-1,REVERSAL,RED,DOWN,53.65288724187317,1183.4275418138027,40.20475922088541,2484.7816692258434,227455.994934455,235033.6436329429,True,True,True,True,True,229113.0562205072,229113.0562205072,194326.1128513454,225214.95730757498,TSL,0.001,9737.304889371555,229.1130562205072,0.15,0.7111443674343427,331.338407599238,22.980039538916873,308.3583680603211,76864.67973398362,77173.03810204394,0.31282683595703065,6
2025-01-31 20:41:59.523330,2025-01-31 21:41:59.523330,2025-02-01 04:41:59.523330,-1,MOMENTUM,RED,DOWN,36.815329535514124,-234.35099350846042,16.56508342888711,1838.3636569189769,227841.50758813074,233602.4153218687,True,True,True,False,True,224077.12443874084,224077.12443874084,198340.03324187515,221058.67609914797,TSL,0.001,9523.277788646486,224.07712443874084,0.15,0.31282683595703065,256.56810886539387,22.474935581205706,234.09317328418814,77173.03810204394,77407.13127532812,0.010440312429938177,8
2025-02-04 07:41:59.523330,2025-02-04 08:41:59.523330,2025-02-04 11:41:59.523330,-1,REVERSAL,RED,DOWN,71.9883478054314,1047.2569666431164,36.12568751131188,1591.7614888386322,216278.57263613585,224310.72058322097,True,True,True,True,True,219471.7806426497,222983.32913293212,197187.11979890885,222983.32913293212,SL,0.001,9327.550677312613,219.47178064264972,0.15,0.010440312429938177,-298.4816216740049,22.013019598457767,-320.4946412724626,77407.13127532812,77086.63663405566,0.42443470203049644,4
2025-02-04 12:41:59.523330,2025-02-04 13:41:59.523330,2025-02-04 15:41:59.523330,-1,REVERSAL,RED,DOWN,82.34507685496521,905.7682471322423,43.55032825519143,1490.1951638186576,217397.38824966445,224228.70362496452,True,True,True,True,True,222413.5173453253,222413.5173453253,201550.78505186408,220272.41302326185,TSL,0.001,9452.574487176325,222.4135173453253,0.15,0.42443470203049644,181.99386737539288,22.30807578973613,159.68579158565677,77086.63663405566,77246.32242564131,0.218162854386149,3
2025-02-05 22:41:59.523330,2025-02-05 23:41:59.523330,2025-02-06 08:41:59.523330,1,MOMENTUM,RED,UP,81.9355256465633,280.7719576136278,34.08166727750475,2446.9691955463427,234016.5090754367,228760.11389126876,True,True,True,False,True,252977.3413054242,252977.3413054242,287234.910043073,261262.67162156515,TSL,0.001,10751.537005480528,252.9773413054242,0.15,0.218162854386149,704.2530768719813,25.37362733293405,678.8794495390472,77246.32242564131,77925.20187518036,0.0,10
